"D:/UNREAL ENGINE/UE BACKUP/BIBOP/BIBOP_2-6_UE/BIBOP_2-6_UE/BIBOP_2dash6.uproject" 1
"../../../../../UE BACKUP/BIBOP/BIBOP_2-6_UE/BIBOP_2-6_UE/Binaries/Win64/UnrealEditor.modules" 2
"../../../Engine/Plugins/AudioGameplay/AudioGameplay.uplugin" 3
"../../../Engine/Plugins/BlueprintFileUtils/BlueprintFileUtils.uplugin" 4
"../../../Engine/Plugins/AudioGameplayVolume/AudioGameplayVolume.uplugin" 5
"../../../Engine/Plugins/BaseMaterial/BaseMaterial.uplugin" 6
"../../../Engine/Plugins/Bridge/Bridge.uplugin" 7
"../../../Engine/Plugins/AudioInsights/AudioInsights.uplugin" 8
"../../../Engine/Plugins/ChaosClothAssetEditor/ChaosClothAssetEditor.uplugin" 9
"../../../Engine/Plugins/ChaosInsights/ChaosInsights.uplugin" 10
"../../../Engine/Plugins/ChaosVD/ChaosVD.uplugin" 11
"../../../Engine/Plugins/Chooser/Chooser.uplugin" 12
"../../../Engine/Plugins/DiscoveryBeaconReceiver/DiscoveryBeaconReceiver.uplugin" 13
"../../../Engine/Plugins/EnhancedInput/EnhancedInput.uplugin" 14
"../../../Engine/Plugins/Fab/Fab.uplugin" 15
"../../../Engine/Plugins/CmdLinkServer/CmdLinkServer.uplugin" 16
"../../../Engine/Plugins/ChaosClothAsset/ChaosClothAsset.uplugin" 17
"../../../Engine/Plugins/FastBuildController/FastBuildController.uplugin" 18
"../../../Engine/Plugins/JsonBlueprintUtilities/JsonBlueprintUtilities.uplugin" 19
"../../../Engine/Plugins/LightWeightInstancesEditor/LightWeightInstancesEditor.uplugin" 20
"../../../Engine/Plugins/IoStoreInsights/IoStoreInsights.uplugin" 21
"../../../Engine/Plugins/MeshPainting/MeshPainting.uplugin" 22
"../../../Engine/Plugins/Mutable/Mutable.uplugin" 23
"../../../Engine/Plugins/PCG/PCG.uplugin" 24
"../../../Engine/Plugins/TraceUtilities/TraceUtilities.uplugin" 25
"../../../Engine/Plugins/RenderGraphInsights/RenderGraphInsights.uplugin" 26
"../../../Engine/Plugins/MemoryUsageQueries/MemoryUsageQueries.uplugin" 27
"../../../Engine/Plugins/ChaosCloth/ChaosCloth.uplugin" 28
"../../../Engine/Plugins/Animation/ACLPlugin/ACLPlugin.uplugin" 29
"../../../Engine/Plugins/MassInsights/MassInsights.uplugin" 30
"../../../Engine/Plugins/TextureGraph/TextureGraph.uplugin" 31
"../../../Engine/Plugins/Animation/AnimationLocomotionLibrary/AnimationLocomotionLibrary.uplugin" 32
"../../../Engine/Plugins/Animation/AnimationData/AnimationData.uplugin" 33
"../../../Engine/Plugins/Animation/BlendStack/BlendStack.uplugin" 34
"../../../Engine/Plugins/XGEController/XGEController.uplugin" 35
"../../../Engine/Plugins/Animation/ControlRig/ControlRig.uplugin" 36
"../../../Engine/Plugins/Animation/ControlRigModules/ControlRigModules.uplugin" 37
"../../../Engine/Plugins/Animation/AnimationModifierLibrary/AnimationModifierLibrary.uplugin" 38
"../../../Engine/Plugins/Animation/DeformerGraph/DeformerGraph.uplugin" 39
"../../../Engine/Plugins/Animation/DNACalib/DNACalib.uplugin" 40
"../../../Engine/Plugins/Animation/ControlRigSpline/ControlRigSpline.uplugin" 41
"../../../Engine/Plugins/Animation/EaseCurveTool/EaseCurveTool.uplugin" 42
"../../../Engine/Plugins/Animation/GeneSplicer/GeneSplicer.uplugin" 43
"../../../Engine/Plugins/Animation/GameplayInsights/GameplayInsights.uplugin" 44
"../../../Engine/Plugins/ScriptPlugin/ScriptPlugin.uplugin" 45
"../../../Engine/Plugins/Animation/IKRig/IKRig.uplugin" 46
"../../../Engine/Plugins/Animation/AnimatorKit/AnimatorKit.uplugin" 47
"../../../Engine/Plugins/Animation/LiveLink/LiveLink.uplugin" 48
"../../../Engine/Plugins/Animation/LiveLinkDevice/LiveLinkDevice.uplugin" 49
"../../../Engine/Plugins/Animation/LiveLinkExampleDevice/LiveLinkExampleDevice.uplugin" 50
"../../../Engine/Plugins/Animation/LiveLinkHub/LiveLinkHub.uplugin" 51
"../../../Engine/Plugins/Animation/LiveLinkUnrealDevice/LiveLinkUnrealDevice.uplugin" 52
"../../../Engine/Plugins/Animation/PerformanceCaptureCore/PerformanceCaptureCore.uplugin" 53
"../../../Engine/Plugins/Animation/LiveLinkCurveDebugUI/LiveLinkCurveDebugUI.uplugin" 54
"../../../Engine/Plugins/Animation/RigLogic/RigLogic.uplugin" 55
"../../../Engine/Plugins/Animation/SkeletalMeshModelingTools/SkeletalMeshModelingTools.uplugin" 56
"../../../Engine/Plugins/Animation/MotionWarping/MotionWarping.uplugin" 57
"../../../Engine/Plugins/UbaController/UbaController.uplugin" 58
"../../../Engine/Plugins/Compression/OodleNetwork/OodleNetwork.uplugin" 59
"../../../Engine/Plugins/WorldMetrics/WorldMetrics.uplugin" 60
"../../../Engine/Plugins/Developer/CodeLiteSourceCodeAccess/CodeLiteSourceCodeAccess.uplugin" 61
"../../../Engine/Plugins/Cameras/CameraShakePreviewer/CameraShakePreviewer.uplugin" 62
"../../../Engine/Plugins/Developer/CLionSourceCodeAccess/CLionSourceCodeAccess.uplugin" 63
"../../../Engine/Plugins/Animation/AnimationWarping/AnimationWarping.uplugin" 64
"../../../Engine/Plugins/Cameras/EngineCameras/EngineCameras.uplugin" 65
"../../../Engine/Plugins/Developer/FieldNotificationTrace/FieldNotificationTrace.uplugin" 66
"../../../Engine/Plugins/Cameras/GameplayCameras/GameplayCameras.uplugin" 67
"../../../Engine/Plugins/Developer/AnimationSharing/AnimationSharing.uplugin" 68
"../../../Engine/Plugins/Developer/GitSourceControl/GitSourceControl.uplugin" 69
"../../../Engine/Plugins/Developer/DumpGPUServices/DumpGPUServices.uplugin" 70
"../../../Engine/Plugins/Developer/N10XSourceCodeAccess/N10XSourceCodeAccess.uplugin" 71
"../../../Engine/Plugins/Developer/KDevelopSourceCodeAccess/KDevelopSourceCodeAccess.uplugin" 72
"../../../Engine/Plugins/Developer/NullSourceCodeAccess/NullSourceCodeAccess.uplugin" 73
"../../../Engine/Plugins/Developer/GPUReshape/GPUReshape.uplugin" 74
"../../../Engine/Plugins/Developer/OneSkyLocalizationService/OneSkyLocalizationService.uplugin" 75
"../../../Engine/Plugins/Developer/NamingTokens/NamingTokens.uplugin" 76
"../../../Engine/Plugins/Developer/PerforceSourceControl/PerforceSourceControl.uplugin" 77
"../../../Engine/Plugins/Developer/PixWinPlugin/PixWinPlugin.uplugin" 78
"../../../Engine/Plugins/Developer/PlasticSourceControl/PlasticSourceControl.uplugin" 79
"../../../Engine/Plugins/Developer/PluginUtils/PluginUtils.uplugin" 80
"../../../Engine/Plugins/Developer/PropertyAccessNode/PropertyAccessNode.uplugin" 81
"../../../Engine/Plugins/Developer/RiderSourceCodeAccess/RiderSourceCodeAccess.uplugin" 82
"../../../Engine/Plugins/Developer/ProjectLauncher/ProjectLauncher.uplugin" 83
"../../../Engine/Plugins/Developer/SubversionSourceControl/SubversionSourceControl.uplugin" 84
"../../../Engine/Plugins/Developer/TextureFormatOodle/TextureFormatOodle.uplugin" 85
"../../../Engine/Plugins/Developer/RenderDocPlugin/RenderDocPlugin.uplugin" 86
"../../../Engine/Plugins/Developer/TraceSourceFiltering/TraceSourceFilters.uplugin" 87
"../../../Engine/Plugins/Developer/UObjectPlugin/UObjectPlugin.uplugin" 88
"../../../Engine/Plugins/Developer/VisualStudioCodeSourceCodeAccess/VisualStudioCodeSourceCodeAccess.uplugin" 89
"../../../Engine/Plugins/Developer/XcodeGPUDebuggerPlugin/XcodeGPUDebuggerPlugin.uplugin" 90
"../../../Engine/Plugins/Developer/VisualStudioSourceCodeAccess/VisualStudioSourceCodeAccess.uplugin" 91
"../../../Engine/Plugins/Experimental/AbilitySystemGameFeatureActions/AbilitySystemGameFeatureActions.uplugin" 92
"../../../Engine/Plugins/Experimental/AdvancedRenamer/AdvancedRenamer.uplugin" 93
"../../../Engine/Plugins/Animation/TweeningUtils/TweeningUtils.uplugin" 94
"../../../Engine/Plugins/Experimental/AIAssistant/AIAssistant.uplugin" 95
"../../../Engine/Plugins/Animation/PoseSearch/PoseSearch.uplugin" 96
"../../../Engine/Plugins/Developer/BlankPlugin/BlankPlugin.uplugin" 97
"../../../Engine/Plugins/Experimental/BackChannel/BackChannel.uplugin" 98
"../../../Engine/Plugins/Experimental/AvalancheDisplayCluster/AvalancheDisplayCluster.uplugin" 99
"../../../Engine/Plugins/Experimental/AvalancheSequenceNavigator/AvalancheSequenceNavigator.uplugin" 100
"../../../Engine/Plugins/Experimental/ActorPalette/ActorPalette.uplugin" 101
"../../../Engine/Plugins/Developer/DirectoryPlaceholder/DirectoryPlaceholder.uplugin" 102
"../../../Engine/Plugins/Experimental/Buoyancy/Buoyancy.uplugin" 103
"../../../Engine/Plugins/Experimental/AsyncMessageSystem/AsyncMessageSystem.uplugin" 104
"../../../Engine/Plugins/Experimental/ChaosCaching/ChaosCaching.uplugin" 105
"../../../Engine/Plugins/Experimental/ChaosClothEditor/ChaosClothEditor.uplugin" 106
"../../../Engine/Plugins/Animation/BlendSpaceMotionAnalysis/BlendSpaceMotionAnalysis.uplugin" 107
"../../../Engine/Plugins/Experimental/ChaosMover/ChaosMover.uplugin" 108
"../../../Engine/Plugins/Experimental/ChaosModularVehicleExamples/ChaosModularVehicleExamples.uplugin" 109
"../../../Engine/Plugins/Experimental/AsyncMessageSystemTests/AsyncMessageSystemTests.uplugin" 110
"../../../Engine/Plugins/Experimental/ChaosOutfitAsset/ChaosOutfitAsset.uplugin" 111
"../../../Engine/Plugins/Experimental/AutomationUtils/AutomationUtils.uplugin" 112
"../../../Engine/Plugins/Experimental/AnimToTexture/AnimToTexture.uplugin" 113
"../../../Engine/Plugins/Experimental/ChaosRigidAsset/ChaosRigidAsset.uplugin" 114
"../../../Engine/Plugins/Experimental/CharacterAI/CharacterAI.uplugin" 115
"../../../Engine/Plugins/Experimental/BlueprintSnapNodes/BlueprintSnapNodes.uplugin" 116
"../../../Engine/Plugins/Experimental/ChaosNiagara/ChaosNiagara.uplugin" 117
"../../../Engine/Plugins/Experimental/ChaosSolverPlugin/ChaosSolverPlugin.uplugin" 118
"../../../Engine/Plugins/Experimental/BlueprintStats/BlueprintStats.uplugin" 119
"../../../Engine/Plugins/Developer/XCodeSourceCodeAccess/XCodeSourceCodeAccess.uplugin" 120
"../../../Engine/Plugins/Experimental/ChaosUserDataPT/ChaosUserDataPT.uplugin" 121
"../../../Engine/Plugins/Experimental/CineCameraRigs/CineCameraRigs.uplugin" 122
"../../../Engine/Plugins/Experimental/CinematicSequenceNavigator/CinematicSequenceNavigator.uplugin" 123
"../../../Engine/Plugins/Experimental/ChaosEditor/ChaosEditor.uplugin" 124
"../../../Engine/Plugins/Experimental/CodeEditor/CodeEditor.uplugin" 125
"../../../Engine/Plugins/Experimental/ChaosFlesh/ChaosFlesh.uplugin" 126
"../../../Engine/Plugins/Experimental/CommonConversation/CommonConversation.uplugin" 127
"../../../Engine/Plugins/Experimental/ColorCorrectRegions/ColorCorrectRegions.uplugin" 128
"../../../Engine/Plugins/Experimental/ControlRigPhysics/ControlRigPhysics.uplugin" 129
"../../../Engine/Plugins/Experimental/Dataflow/Dataflow.uplugin" 130
"../../../Engine/Plugins/Experimental/DefaultInstallBundleManager/DefaultInstallBundleManager.uplugin" 131
"../../../Engine/Plugins/Experimental/DrawDebugLibrary/DrawDebugLibrary.uplugin" 132
"../../../Engine/Plugins/Experimental/EditorDataStorage/EditorDataStorage.uplugin" 133
"../../../Engine/Plugins/Experimental/DynamicWind/DynamicWind.uplugin" 134
"../../../Engine/Plugins/Experimental/ControlFlows/ControlFlows.uplugin" 135
"../../../Engine/Plugins/Experimental/EditorDataStorageFeatures/EditorDataStorageFeatures.uplugin" 136
"../../../Engine/Plugins/Experimental/EditorPerformance/EditorPerformance.uplugin" 137
"../../../Engine/Plugins/Experimental/CodeView/CodeView.uplugin" 138
"../../../Engine/Plugins/Experimental/FastGeoStreaming/FastGeoStreaming.uplugin" 139
"../../../Engine/Plugins/Experimental/FieldSystemPlugin/FieldSystemPlugin.uplugin" 140
"../../../Engine/Plugins/Experimental/Fracture/Fracture.uplugin" 141
"../../../Engine/Plugins/Experimental/ChaosVehiclesPlugin/ChaosVehiclesPlugin.uplugin" 142
"../../../Engine/Plugins/Experimental/FloatingProperties/FloatingProperties.uplugin" 143
"../../../Engine/Plugins/Experimental/FullBodyIK/FullBodyIK.uplugin" 144
"../../../Engine/Plugins/Experimental/ChaosCachingUSD/ChaosCachingUSD.uplugin" 145
"../../../Engine/Plugins/Experimental/GameInputWindows/GameInputWindows.uplugin" 146
"../../../Engine/Plugins/Experimental/GameplayGraph/GameplayGraph.uplugin" 147
"../../../Engine/Plugins/Experimental/GameplayBehaviors/GameplayBehaviors.uplugin" 148
"../../../Engine/Plugins/Experimental/DynamicMaterialMediaStreamBridge/DynamicMaterialMediaStreamBridge.uplugin" 149
"../../../Engine/Plugins/Experimental/CineCameraSceneCapture/CineCameraSceneCapture.uplugin" 150
"../../../Engine/Plugins/Experimental/GameplayTargetingSystem/TargetingSystem.uplugin" 151
"../../../Engine/Plugins/Experimental/EvaluationNotifies/EvaluationNotifies.uplugin" 152
"../../../Engine/Plugins/Experimental/CinematicPrestreaming/CinematicPrestreaming.uplugin" 153
"../../../Engine/Plugins/Experimental/DaySequence/DaySequence.uplugin" 154
"../../../Engine/Plugins/Experimental/GeometryFlow/GeometryFlow.uplugin" 155
"../../../Engine/Plugins/Experimental/Gauntlet/Gauntlet.uplugin" 156
"../../../Engine/Plugins/Experimental/GlobalConfigurationData/GlobalConfigurationData.uplugin" 157
"../../../Engine/Plugins/Experimental/EditorTelemetry/EditorTelemetry.uplugin" 158
"../../../Engine/Plugins/Experimental/GPULightmass/GPULightmass.uplugin" 159
"../../../Engine/Plugins/Experimental/HairStrandsMutable/HairStrandsMutable.uplugin" 160
"../../../Engine/Plugins/Experimental/GizmoFramework/GizmoFramework.uplugin" 161
"../../../Engine/Plugins/Experimental/GizmoEdMode/GizmoEdMode.uplugin" 162
"../../../Engine/Plugins/Experimental/HairCardGenerator/HairCardGenerator.uplugin" 163
"../../../Engine/Plugins/Experimental/CelestialVault/CelestialVault.uplugin" 164
"../../../Engine/Plugins/Experimental/GeometryCollectionPlugin/GeometryCollectionPlugin.uplugin" 165
"../../../Engine/Plugins/Experimental/ImagePlate/ImagePlate.uplugin" 166
"../../../Engine/Plugins/Experimental/ImageWidgets/ImageWidgets.uplugin" 167
"../../../Engine/Plugins/Experimental/InEditorDocumentation/InEditorDocumentation.uplugin" 168
"../../../Engine/Plugins/Experimental/GeometryCacheLevelSequenceBaker/GeometryCacheLevelSequenceBaker.uplugin" 169
"../../../Engine/Plugins/Experimental/HairModelingToolset/HairModelingToolset.uplugin" 170
"../../../Engine/Plugins/Experimental/InteractionInterface/InteractionInterface.uplugin" 171
"../../../Engine/Plugins/Experimental/Iris/Iris.uplugin" 172
"../../../Engine/Plugins/Experimental/InstanceDataObjectFixupTool/InstanceDataObjectFixupTool.uplugin" 173
"../../../Engine/Plugins/Experimental/ChaosModularVehicle/ChaosModularVehicle.uplugin" 174
"../../../Engine/Plugins/Experimental/JWT/JWT.uplugin" 175
"../../../Engine/Plugins/Experimental/GeometryDataflow/GeometryDataflow.uplugin" 176
"../../../Engine/Plugins/Experimental/LearningAgents/LearningAgents.uplugin" 177
"../../../Engine/Plugins/Experimental/LiveLinkFaceImporter/LiveLinkFaceImporter.uplugin" 178
"../../../Engine/Plugins/Experimental/Landmass/Landmass.uplugin" 179
"../../../Engine/Plugins/Experimental/GeometryCacheAbcFile/GeometryCacheAbcFile.uplugin" 180
"../../../Engine/Plugins/Experimental/MeshModelingToolsetExp/MeshModelingToolsetExp.uplugin" 181
"../../../Engine/Plugins/Experimental/ImpostorBaker/ImpostorBaker.uplugin" 182
"../../../Engine/Plugins/Experimental/MetasoundExperimental/MetasoundExperimental.uplugin" 183
"../../../Engine/Plugins/Experimental/InlineMaterialInstance/InlineMaterialInstance.uplugin" 184
"../../../Engine/Plugins/Experimental/LowLevelNetTrace/LowLevelNetTrace.uplugin" 185
"../../../Engine/Plugins/Experimental/MotoSynth/MotoSynth.uplugin" 186
"../../../Engine/Plugins/Experimental/MoverAnimNext/MoverAnimNext.uplugin" 187
"../../../Engine/Plugins/Experimental/Mover/Mover.uplugin" 188
"../../../Engine/Plugins/Experimental/MoverExamples/MoverExamples.uplugin" 189
"../../../Engine/Plugins/Experimental/MotorSimOutputMotoSynth/MotorSimOutputMotoSynth.uplugin" 190
"../../../Engine/Plugins/Experimental/MeshResizing/MeshResizing.uplugin" 191
"../../../Engine/Plugins/Experimental/MoverTests/MoverTests.uplugin" 192
"../../../Engine/Plugins/Experimental/MoverIntegrations/MoverIntegrations.uplugin" 193
"../../../Engine/Plugins/Experimental/LocalizableMessage/LocalizableMessage.uplugin" 194
"../../../Engine/Plugins/Experimental/LiveLinkOpenVR/LiveLinkOpenVR.uplugin" 195
"../../../Engine/Plugins/Experimental/MovieSceneAnimMixer/MovieSceneAnimMixer.uplugin" 196
"../../../Engine/Plugins/Experimental/MutableClothing/MutableClothing.uplugin" 197
"../../../Engine/Plugins/Experimental/LevelSequenceNavigatorBridge/LevelSequenceNavigatorBridge.uplugin" 198
"../../../Engine/Plugins/Experimental/MutableDataflow/MutableDataflow.uplugin" 199
"../../../Engine/Plugins/Experimental/LiveLinkControlRig/LiveLinkControlRig.uplugin" 200
"../../../Engine/Plugins/Experimental/NeuralRendering/NeuralRendering.uplugin" 201
"../../../Engine/Plugins/Experimental/MediaStream/MediaStream.uplugin" 202
"../../../Engine/Plugins/Experimental/PCGBiomeCore/PCGBiomeCore.uplugin" 203
"../../../Engine/Plugins/Experimental/PCGBiomeSample/PCGBiomeSample.uplugin" 204
"../../../Engine/Plugins/Experimental/NaniteDisplacedMesh/NaniteDisplacedMesh.uplugin" 205
"../../../Engine/Plugins/Experimental/NaniteAssemblyEditorUtils/NaniteAssemblyEditorUtils.uplugin" 206
"../../../Engine/Plugins/Experimental/NNERuntimeBasicCpu/NNERuntimeBasicCpu.uplugin" 207
"../../../Engine/Plugins/Experimental/NNERuntimeRDG/NNERuntimeRDG.uplugin" 208
"../../../Engine/Plugins/Experimental/PlainProps/PlainProps.uplugin" 209
"../../../Engine/Plugins/Experimental/NNERuntimeIREE/NNERuntimeIREE.uplugin" 210
"../../../Engine/Plugins/Experimental/PixelStreamingPlayer/PixelStreamingPlayer.uplugin" 211
"../../../Engine/Plugins/Experimental/PlanarCutPlugin/PlanarCut.uplugin" 212
"../../../Engine/Plugins/Experimental/OpenImageDenoise/OpenImageDenoise.uplugin" 213
"../../../Engine/Plugins/Experimental/PlainPropsUObject/PlainPropsUObject.uplugin" 214
"../../../Engine/Plugins/Experimental/MLflow/MLflow.uplugin" 215
"../../../Engine/Plugins/Experimental/PSDImporter/PSDImporter.uplugin" 216
"../../../Engine/Plugins/Experimental/NFORDenoise/NFORDenoise.uplugin" 217
"../../../Engine/Plugins/Experimental/PSDImporterMaterialDesignerBridge/PSDImporterMaterialDesignerBridge.uplugin" 218
"../../../Engine/Plugins/Experimental/PostProcessMaterialChainGraph/PostProcessMaterialChainGraph.uplugin" 219
"../../../Engine/Plugins/Experimental/PluginAudit/PluginAudit.uplugin" 220
"../../../Engine/Plugins/Experimental/MovieScenePoseSearchTracks/MovieScenePoseSearchTracks.uplugin" 221
"../../../Engine/Plugins/Experimental/QuicMessaging/QuicMessaging.uplugin" 222
"../../../Engine/Plugins/Experimental/RawInput/RawInput.uplugin" 223
"../../../Engine/Plugins/Experimental/PythonScriptPlugin/PythonScriptPlugin.uplugin" 224
"../../../Engine/Plugins/Experimental/PluginTemplateTool/PluginTemplateTool.uplugin" 225
"../../../Engine/Plugins/Experimental/MutablePopulation/MutablePopulation.uplugin" 226
"../../../Engine/Plugins/Experimental/PanoramicCapture/PanoramicCapture.uplugin" 227
"../../../Engine/Plugins/Experimental/RemoteControlActorModifierBridge/RemoteControlActorModifierBridge.uplugin" 228
"../../../Engine/Plugins/Experimental/RemoteControlComponents/RemoteControlComponents.uplugin" 229
"../../../Engine/Plugins/Experimental/RenderGrid/RenderGrid.uplugin" 230
"../../../Engine/Plugins/Experimental/RemoteSession/RemoteSession.uplugin" 231
"../../../Engine/Plugins/Experimental/RigLogicMutable/RigLogicMutable.uplugin" 232
"../../../Engine/Plugins/Experimental/RigLogicUAF/RigLogicUAF.uplugin" 233
"../../../Engine/Plugins/Experimental/RuntimeTelemetry/RuntimeTelemetry.uplugin" 234
"../../../Engine/Plugins/Experimental/SecuritySandbox/SecuritySandbox.uplugin" 235
"../../../Engine/Plugins/Experimental/ScreenReader/ScreenReader.uplugin" 236
"../../../Engine/Plugins/Experimental/SequenceNavigator/SequenceNavigator.uplugin" 237
"../../../Engine/Plugins/Experimental/ProceduralVegetationEditor/ProceduralVegetationEditor.uplugin" 238
"../../../Engine/Plugins/Experimental/SimpleHMD/SimpleHMD.uplugin" 239
"../../../Engine/Plugins/Experimental/SerializationUtils/SerializationUtils.uplugin" 240
"../../../Engine/Plugins/Experimental/SlateIM/SlateIM.uplugin" 241
"../../../Engine/Plugins/Experimental/Shotgrid/Shotgrid.uplugin" 242
"../../../Engine/Plugins/Experimental/SubmitToolEditor/SubmitToolEditor.uplugin" 243
"../../../Engine/Plugins/Experimental/PlatformCrypto/PlatformCrypto.uplugin" 244
"../../../Engine/Plugins/Experimental/PlainPropsEngine/PlainPropsEngine.uplugin" 245
"../../../Engine/Plugins/Experimental/PluginReferenceViewer/PluginReferenceViewer.uplugin" 246
"../../../Engine/Plugins/Experimental/NNERuntimeCoreML/NNERuntimeCoreML.uplugin" 247
"../../../Engine/Plugins/Experimental/SurfaceEffects/SurfaceEffects.uplugin" 248
"../../../Engine/Plugins/Experimental/SlateModelViewViewModel/SlateModelViewViewModel.uplugin" 249
"../../../Engine/Plugins/Experimental/PythonFoundationPackages/PythonFoundationPackages.uplugin" 250
"../../../Engine/Plugins/Experimental/RazerChromaDevices/RazerChromaDevices.uplugin" 251
"../../../Engine/Plugins/Experimental/TechAudioTools/TechAudioTools.uplugin" 252
"../../../Engine/Plugins/Experimental/Tensorboard/Tensorboard.uplugin" 253
"../../../Engine/Plugins/Experimental/SkeletalReduction/SkeletalReduction.uplugin" 254
"../../../Engine/Plugins/Experimental/TextToSpeech/TextToSpeech.uplugin" 255
"../../../Engine/Plugins/Experimental/SpatialReadiness/SpatialReadiness.uplugin" 256
"../../../Engine/Plugins/Experimental/PythonMLPackages/PythonMLPackages.uplugin" 257
"../../../Engine/Plugins/Experimental/SubtitlesAndClosedCaptions/SubtitlesAndClosedCaptions.uplugin" 258
"../../../Engine/Plugins/Experimental/ToolPresets/ToolPresets.uplugin" 259
"../../../Engine/Plugins/Experimental/SlateScreenReader/SlateScreenReader.uplugin" 260
"../../../Engine/Plugins/Experimental/OptiXDenoise/OptiXDenoise.uplugin" 261
"../../../Engine/Plugins/Experimental/Volumetrics/Volumetrics.uplugin" 262
"../../../Engine/Plugins/Experimental/VirtualProductionUtilities/VirtualProductionUtilities.uplugin" 263
"../../../Engine/Plugins/Experimental/StructUtils/StructUtils.uplugin" 264
"../../../Engine/Plugins/Experimental/Water/Water.uplugin" 265
"../../../Engine/Plugins/Experimental/WaterAdvanced/WaterAdvanced.uplugin" 266
"../../../Engine/Plugins/Experimental/PhysicsControl/PhysicsControl.uplugin" 267
"../../../Engine/Plugins/Experimental/WaterExtras/WaterExtras.uplugin" 268
"../../../Engine/Plugins/Experimental/WidgetEditorToolPalette/WidgetEditorToolPalette.uplugin" 269
"../../../Engine/Plugins/Experimental/TargetDeviceServicesScripting/TargetDeviceServicesScripting.uplugin" 270
"../../../Engine/Plugins/Media/AndroidCamera/AndroidCamera.uplugin" 271
"../../../Engine/Plugins/Experimental/TetMeshing/TetMeshing.uplugin" 272
"../../../Engine/Plugins/Experimental/XRCreativeFramework/XRCreativeFramework.uplugin" 273
"../../../Engine/Plugins/Media/AppleProResDecoderElectra/AppleProResDecoderElectra.uplugin" 274
"../../../Engine/Plugins/Experimental/UserToolBoxBasicCommand/UserToolBoxBasicCommand.uplugin" 275
"../../../Engine/Plugins/Media/AvidDNxHDDecoderElectra/AvidDNxHDDecoderElectra.uplugin" 276
"../../../Engine/Plugins/Experimental/UIFramework/UIFramework.uplugin" 277
"../../../Engine/Plugins/Experimental/WaveFunctionCollapse/WaveFunctionCollapse.uplugin" 278
"../../../Engine/Plugins/Experimental/StateGraph/StateGraph.uplugin" 279
"../../../Engine/Plugins/Experimental/UserToolBoxCore/UserToolBoxCore.uplugin" 280
"../../../Engine/Plugins/Experimental/VirtualHeightfieldMesh/VirtualHeightfieldMesh.uplugin" 281
"../../../Engine/Plugins/Media/BlackmagicMedia/BlackmagicMedia.uplugin" 282
"../../../Engine/Plugins/Experimental/WebSocketMessaging/WebSocketMessaging.uplugin" 283
"../../../Engine/Plugins/Media/BinkMedia/BinkMedia.uplugin" 284
"../../../Engine/Plugins/Experimental/Workspace/Workspace.uplugin" 285
"../../../Engine/Plugins/Media/D3D12VideoDecodersElectra/D3D12VideoDecodersElectra.uplugin" 286
"../../../Engine/Plugins/Media/ElectraCDM/ElectraCDM.uplugin" 287
"../../../Engine/Plugins/Media/AjaMedia/AjaMedia.uplugin" 288
"../../../Engine/Plugins/Media/ElectraCodecs/ElectraCodecs.uplugin" 289
"../../../Engine/Plugins/Media/ElectraUtil/ElectraUtil.uplugin" 290
"../../../Engine/Plugins/Media/ElectraSubtitles/ElectraSubtitles.uplugin" 291
"../../../Engine/Plugins/Media/HAPMedia/HAPMedia.uplugin" 292
"../../../Engine/Plugins/Media/FlacDecoderElectra/FlacDecoderElectra.uplugin" 293
"../../../Engine/Plugins/Media/AndroidMedia/AndroidMedia.uplugin" 294
"../../../Engine/Plugins/Media/AvfMedia/AvfMedia.uplugin" 295
"../../../Engine/Plugins/Media/ImgMedia/ImgMedia.uplugin" 296
"../../../Engine/Plugins/Media/AudioCaptureTimecodeProvider/AudioCaptureTimecodeProvider.uplugin" 297
"../../../Engine/Plugins/Media/LinearTimecode/LinearTimecode.uplugin" 298
"../../../Engine/Plugins/Media/MediaFrameworkUtilities/MediaFrameworkUtilities.uplugin" 299
"../../../Engine/Plugins/Media/AvidDNxMedia/AvidDNxMedia.uplugin" 300
"../../../Engine/Plugins/Media/MediaIOFramework/MediaIOFramework.uplugin" 301
"../../../Engine/Plugins/Media/HAPDecoderElectra/HAPDecoderElectra.uplugin" 302
"../../../Engine/Plugins/Media/MediaMovieStreamer/MediaMovieStreamer.uplugin" 303
"../../../Engine/Plugins/Media/HardwareEncoders/HardwareEncoders.uplugin" 304
"../../../Engine/Plugins/Media/MediaPlate/MediaPlate.uplugin" 305
"../../../Engine/Plugins/Media/MediaViewer/MediaViewer.uplugin" 306
"../../../Engine/Plugins/Media/ElectraPlayer/ElectraPlayer.uplugin" 307
"../../../Engine/Plugins/Media/MediaPlayerEditor/MediaPlayerEditor.uplugin" 308
"../../../Engine/Plugins/Media/MediaCompositing/MediaCompositing.uplugin" 309
"../../../Engine/Plugins/Media/AppleProResMedia/AppleProResMedia.uplugin" 310
"../../../Engine/Plugins/Media/MJPEGDecoderElectra/MJPEGDecoderElectra.uplugin" 311
"../../../Engine/Plugins/Media/OpusDecoderElectra/OpusDecoderElectra.uplugin" 312
"../../../Engine/Plugins/Media/NDIMedia/NDIMedia.uplugin" 313
"../../../Engine/Plugins/Media/PixelCapture/PixelCapture.uplugin" 314
"../../../Engine/Plugins/Media/MfMedia/MfMedia.uplugin" 315
"../../../Engine/Plugins/Media/PixelStreaming/PixelStreaming.uplugin" 316
"../../../Engine/Plugins/Experimental/WebSocketNetworking/WebSocketNetworking.uplugin" 317
"../../../Engine/Plugins/Media/WebMMedia/WebMMedia.uplugin" 318
"../../../Engine/Plugins/MetaHuman/MetaHumanAnimator/MetaHuman.uplugin" 319
"../../../Engine/Plugins/Media/WmfMedia/WmfMedia.uplugin" 320
"../../../Engine/Plugins/MetaHuman/MetaHumanCalibrationProcessing/MetaHumanCalibrationProcessing.uplugin" 321
"../../../Engine/Plugins/Media/TimecodeSynchronizer/TimecodeSynchronizer.uplugin" 322
"../../../Engine/Plugins/MetaHuman/MetaHumanCoreTechLib/MetaHumanCoreTech.uplugin" 323
"../../../Engine/Plugins/MetaHuman/MetaHumanLiveLink/MetaHumanLiveLink.uplugin" 324
"../../../Engine/Plugins/NNE/NNEDenoiser/NNEDenoiser.uplugin" 325
"../../../Engine/Plugins/MetaHuman/MetaHumanCharacter/MetaHumanCharacter.uplugin" 326
"../../../Engine/Plugins/Media/PixelStreaming2/PixelStreaming2.uplugin" 327
"../../../Engine/Plugins/NNE/NNERuntimeORT/NNERuntimeORT.uplugin" 328
"../../../Engine/Plugins/PCGInterops/PCGExternalDataInterop/PCGExternalDataInterop.uplugin" 329
"../../../Engine/Plugins/PCGInterops/PCGPythonInterop/PCGPythonInterop.uplugin" 330
"../../../Engine/Plugins/Tests/AudioCQTests/AudioCQTests.uplugin" 331
"../../../Engine/Plugins/Portal/LauncherChunkInstaller/LauncherChunkInstaller.uplugin" 332
"../../../Engine/Plugins/Tests/CQTestEnhancedInput/CQTestEnhancedInput.uplugin" 333
"../../../Engine/Plugins/PCGInterops/PCGGeometryScriptInterop/PCGGeometryScriptInterop.uplugin" 334
"../../../Engine/Plugins/Tests/CQTest/CQTest.uplugin" 335
"../../../Engine/Plugins/Tests/AutomationDriverTests/AutomationDriverTests.uplugin" 336
"../../../Engine/Plugins/Tests/CQTestExperimental/CQTestExperimental.uplugin" 337
"../../../Engine/Plugins/Tests/EditorTests/EditorTests.uplugin" 338
"../../../Engine/Plugins/Tests/FbxAutomationTestBuilder/FbxAutomationTestBuilder.uplugin" 339
"../../../Engine/Plugins/Tests/FunctionalTestingEditor/FunctionalTestingEditor.uplugin" 340
"../../../Engine/Plugins/Slate/SlateInsights/SlateInsights.uplugin" 341
"../../../Engine/Plugins/Slate/SlateScripting/SlateScripting.uplugin" 342
"../../../Engine/Plugins/Tests/InterchangeTests/InterchangeTests.uplugin" 343
"../../../Engine/Plugins/Tests/PythonAutomationTest/PythonAutomationTest.uplugin" 344
"../../../Engine/Plugins/Tests/TestFramework/TestFramework.uplugin" 345
"../../../Engine/Plugins/Tests/WidgetAutomationTests/WidgetAutomationTests.uplugin" 346
"../../../Engine/Plugins/Tests/RuntimeTests/RuntimeTests.uplugin" 347
"../../../Engine/Plugins/AI/EnvironmentQueryEditor/EnvironmentQueryEditor.uplugin" 348
"../../../Engine/Plugins/Tests/RHITests/RHITests.uplugin" 349
"../../../Engine/Plugins/AI/HTNPlanner/HTNPlanner.uplugin" 350
"../../../Engine/Plugins/AI/AISupport/AISupport.uplugin" 351
"../../../Engine/Plugins/MetaHuman/MetaHumanSDK/MetaHumanSDK.uplugin" 352
"../../../Engine/Plugins/Tests/TestSamples/TestSamples.uplugin" 353
"../../../Engine/Plugins/Compositing/Composite/Composite.uplugin" 354
"../../../Engine/Plugins/AI/MassAI/MassAI.uplugin" 355
"../../../Engine/Plugins/Compositing/CompositeCore/CompositeCore.uplugin" 356
"../../../Engine/Plugins/Web/HttpBlueprint/HttpBlueprint.uplugin" 357
"../../../Engine/Plugins/Compositing/HoldoutComposite/HoldoutComposite.uplugin" 358
"../../../Engine/Plugins/AI/MassCrowd/MassCrowd.uplugin" 359
"../../../Engine/Plugins/2D/Paper2D/Paper2D.uplugin" 360
"../../../Engine/Plugins/Compositing/OpenCVLensDistortion/OpenCVLensDistortion.uplugin" 361
"../../../Engine/Plugins/AI/MLAdapter/MLAdapter.uplugin" 362
"../../../Engine/Plugins/Editor/AssetRegistryExport/AssetRegistryExport.uplugin" 363
"../../../Engine/Plugins/Editor/BlueprintHeaderView/BlueprintHeaderView.uplugin" 364
"../../../Engine/Plugins/Editor/AssetReferenceRestrictions/AssetReferenceRestrictions.uplugin" 365
"../../../Engine/Plugins/Editor/AssetSearch/AssetSearch.uplugin" 366
"../../../Engine/Plugins/Editor/AssetManagerEditor/AssetManagerEditor.uplugin" 367
"../../../Engine/Plugins/Editor/BlueprintMaterialTextureNodes/BlueprintMaterialTextureNodes.uplugin" 368
"../../../Engine/Plugins/Editor/ChangelistReview/ChangelistReview.uplugin" 369
"../../../Engine/Plugins/Editor/CryptoKeys/CryptoKeys.uplugin" 370
"../../../Engine/Plugins/Editor/ColorGrading/ColorGrading.uplugin" 371
"../../../Engine/Plugins/Editor/EditorDebugTools/EditorDebugTools.uplugin" 372
"../../../Engine/Plugins/Editor/DataValidation/DataValidation.uplugin" 373
"../../../Engine/Plugins/Editor/DisplayClusterLaunch/DisplayClusterLaunch.uplugin" 374
"../../../Engine/Plugins/Editor/ConsoleVariablesEditor/ConsoleVariables.uplugin" 375
"../../../Engine/Plugins/Editor/EditorSysConfigAssistant/EditorSysConfigAssistant.uplugin" 376
"../../../Engine/Plugins/Editor/EditorScriptingUtilities/EditorScriptingUtilities.uplugin" 377
"../../../Engine/Plugins/Editor/EngineAssetDefinitions/EngineAssetDefinitions.uplugin" 378
"../../../Engine/Plugins/Media/VPxDecoderElectra/VPxDecoderElectra.uplugin" 379
"../../../Engine/Plugins/Editor/FacialAnimation/FacialAnimation.uplugin" 380
"../../../Engine/Plugins/Editor/GameplayTagsEditor/GameplayTagsEditor.uplugin" 381
"../../../Engine/Plugins/Editor/GeometryMode/GeometryMode.uplugin" 382
"../../../Engine/Plugins/Editor/LandscapePatch/LandscapePatch.uplugin" 383
"../../../Engine/Plugins/Editor/LiveUpdateForSlate/LiveUpdateForSlate.uplugin" 384
"../../../Engine/Plugins/Editor/GuidedTutorials/GuidedTutorials.uplugin" 385
"../../../Engine/Plugins/Editor/ModelViewViewModelPreview/ModelViewViewModelPreview.uplugin" 386
"../../../Engine/Plugins/Editor/MacGraphicsSwitching/MacGraphicsSwitching.uplugin" 387
"../../../Engine/Plugins/Editor/PluginBrowser/PluginBrowser.uplugin" 388
"../../../Engine/Plugins/Editor/MobileLauncherProfileWizard/MobileLauncherProfileWizard.uplugin" 389
"../../../Engine/Plugins/Editor/CurveEditorTools/CurveEditorTools.uplugin" 390
"../../../Engine/Plugins/Editor/MaterialAnalyzer/MaterialAnalyzer.uplugin" 391
"../../../Engine/Plugins/Editor/ProxyLODPlugin/ProxyLODPlugin.uplugin" 392
"../../../Engine/Plugins/Editor/ModelingToolsEditorMode/ModelingToolsEditorMode.uplugin" 393
"../../../Engine/Plugins/Editor/SequencerAnimTools/SequencerAnimTools.uplugin" 394
"../../../Engine/Plugins/Compositing/OpenColorIO/OpenColorIO.uplugin" 395
"../../../Engine/Plugins/Editor/ScriptableToolsEditorMode/ScriptableToolsEditorMode.uplugin" 396
"../../../Engine/Plugins/Editor/SpeedTreeImporter/SpeedTreeImporter.uplugin" 397
"../../../Engine/Plugins/Editor/SampleToolsEditorMode/SampleToolsEditorMode.uplugin" 398
"../../../Engine/Plugins/Editor/StaticMeshEditorModeling/StaticMeshEditorModeling.uplugin" 399
"../../../Engine/Plugins/Editor/UVEditor/UVEditor.uplugin" 400
"../../../Engine/Plugins/Editor/StylusInput/StylusInput.uplugin" 401
"../../../Engine/Plugins/Editor/MeshLODToolset/MeshLODToolset.uplugin" 402
"../../../Engine/Plugins/Editor/WorldPartitionHLODUtilities/WorldPartitionHLODUtilities.uplugin" 403
"../../../Engine/Plugins/Compositing/LensDistortion/LensDistortion.uplugin" 404
"../../../Engine/Plugins/Enterprise/DataprepEditor/DataprepEditor.uplugin" 405
"../../../Engine/Plugins/Enterprise/AxFImporter/AxFImporter.uplugin" 406
"../../../Engine/Plugins/Editor/WaveformEditor/WaveformEditor.uplugin" 407
"../../../Engine/Plugins/Editor/UMGWidgetPreview/UMGWidgetPreview.uplugin" 408
"../../../Engine/Plugins/Enterprise/DatasmithC4DImporter/DatasmithC4DImporter.uplugin" 409
"../../../Engine/Plugins/Enterprise/DatasmithContent/DatasmithContent.uplugin" 410
"../../../Engine/Plugins/Editor/MakeCookedEditorAsDLC/MakeCookedEditorAsDLC.uplugin" 411
"../../../Engine/Plugins/Enterprise/DatasmithCADImporter/DatasmithCADImporter.uplugin" 412
"../../../Engine/Plugins/Enterprise/DatasmithImporter/DatasmithImporter.uplugin" 413
"../../../Engine/Plugins/Enterprise/GLTFExporter/GLTFExporter.uplugin" 414
"../../../Engine/Plugins/Enterprise/LidarPointCloud/LidarPointCloud.uplugin" 415
"../../../Engine/Plugins/Enterprise/DatasmithFBXImporter/DatasmithFBXImporter.uplugin" 416
"../../../Engine/Plugins/Enterprise/MDLImporter/MDLImporter.uplugin" 417
"../../../Engine/Plugins/FX/Cascade/Cascade.uplugin" 418
"../../../Engine/Plugins/FX/Niagara/Niagara.uplugin" 419
"../../../Engine/Plugins/FX/ExampleCustomDataInterface/ExampleCustomDataInterface.uplugin" 420
"../../../Engine/Plugins/FX/NiagaraNanite/NiagaraNanite.uplugin" 421
"../../../Engine/Plugins/FX/NiagaraMRQ/NiagaraMRQ.uplugin" 422
"../../../Engine/Plugins/Importers/AlembicHairImporter/AlembicHairImporter.uplugin" 423
"../../../Engine/Plugins/FX/NiagaraPreviewContent/NiagaraPreviewContent.uplugin" 424
"../../../Engine/Plugins/Importers/AlembicImporter/AlembicImporter.uplugin" 425
"../../../Engine/Plugins/Importers/USDImporter/USDImporter.uplugin" 426
"../../../Engine/Plugins/Importers/USDImporterMDL/USDImporterMDL.uplugin" 427
"../../../Engine/Plugins/Interchange/Assets/InterchangeAssets.uplugin" 428
"../../../Engine/Plugins/Importers/USDMultiUser/USDMultiUser.uplugin" 429
"../../../Engine/Plugins/Messaging/MessagingDebugger/MessagingDebugger.uplugin" 430
"../../../Engine/Plugins/Messaging/TcpMessaging/TcpMessaging.uplugin" 431
"../../../Engine/Plugins/Interchange/Editor/InterchangeEditor.uplugin" 432
"../../../Engine/Plugins/Interchange/Runtime/Interchange.uplugin" 433
"../../../Engine/Plugins/FX/NiagaraSimCaching/NiagaraSimCaching.uplugin" 434
"../../../Engine/Plugins/Messaging/UdpMessaging/UdpMessaging.uplugin" 435
"../../../Engine/Plugins/MovieScene/CustomizableSequencerTracks/CustomizableSequencerTracks.uplugin" 436
"../../../Engine/Plugins/MovieScene/MoviePipelineMaskRenderPass/MoviePipelineMaskRenderPass.uplugin" 437
"../../../Engine/Plugins/Compositing/Composure/Composure.uplugin" 438
"../../../Engine/Plugins/MovieScene/MovieRenderPipeline/MovieRenderPipeline.uplugin" 439
"../../../Engine/Plugins/MovieScene/ReplayTracks/ReplayTracks.uplugin" 440
"../../../Engine/Plugins/MovieScene/LevelSequenceEditor/LevelSequenceEditor.uplugin" 441
"../../../Engine/Plugins/MovieScene/MovieSceneTextTrack/MovieSceneTextTrack.uplugin" 442
"../../../Engine/Plugins/MovieScene/SequencerScripting/SequencerScripting.uplugin" 443
"../../../Engine/Plugins/MovieScene/SequenceValidator/SequenceValidator.uplugin" 444
"../../../Engine/Plugins/MovieScene/TemplateSequence/TemplateSequence.uplugin" 445
"../../../Engine/Plugins/NetcodeUnitTest/NetcodeUnitTest/NetcodeUnitTest.uplugin" 446
"../../../Engine/Plugins/Online/EOSShared/EOSShared.uplugin" 447
"../../../Engine/Plugins/NetcodeUnitTest/NUTUnrealEngine/NUTUnrealEngine.uplugin" 448
"../../../Engine/Plugins/Online/EOSOverlayInputProvider/EOSOverlayInputProvider.uplugin" 449
"../../../Engine/Plugins/Enterprise/VariantManagerContent/VariantManagerContent.uplugin" 450
"../../../Engine/Plugins/Online/OnlineBase/OnlineBase.uplugin" 451
"../../../Engine/Plugins/Online/OnlineFramework/OnlineFramework.uplugin" 452
"../../../Engine/Plugins/Online/OnlineServicesEOSGS/OnlineServicesEOSGS.uplugin" 453
"../../../Engine/Plugins/Online/OnlineFrameworkCommon/OnlineFrameworkCommon.uplugin" 454
"../../../Engine/Plugins/Online/OnlineServicesOSSAdapter/OnlineServicesOSSAdapter.uplugin" 455
"../../../Engine/Plugins/Online/OnlineServicesEOS/OnlineServicesEOS.uplugin" 456
"../../../Engine/Plugins/Enterprise/VariantManager/VariantManager.uplugin" 457
"../../../Engine/Plugins/Online/OnlineServicesEpicCommon/OnlineServicesEpicCommon.uplugin" 458
"../../../Engine/Plugins/Online/OnlineSubsystem/OnlineSubsystem.uplugin" 459
"../../../Engine/Plugins/Online/OnlineSubsystemEOS/OnlineSubsystemEOS.uplugin" 460
"../../../Engine/Plugins/MovieScene/ActorSequence/ActorSequence.uplugin" 461
"../../../Engine/Plugins/Online/OnlineSubsystemGoogle/OnlineSubsystemGoogle.uplugin" 462
"../../../Engine/Plugins/Online/OnlineServicesNull/OnlineServicesNull.uplugin" 463
"../../../Engine/Plugins/Online/OnlineSubsystemApple/OnlineSubsystemApple.uplugin" 464
"../../../Engine/Plugins/FX/CascadeToNiagaraConverter/CascadeToNiagaraConverter.uplugin" 465
"../../../Engine/Plugins/Online/OnlineSubsystemNull/OnlineSubsystemNull.uplugin" 466
"../../../Engine/Plugins/FX/NiagaraFluids/NiagaraFluids.uplugin" 467
"../../../Engine/Plugins/Online/OnlineSubsystemTencent/OnlineSubsystemTencent.uplugin" 468
"../../../Engine/Plugins/Online/WebAuth/WebAuth.uplugin" 469
"../../../Engine/Plugins/Online/OnlineSubsystemFacebook/OnlineSubsystemFacebook.uplugin" 470
"../../../Engine/Plugins/Online/OnlineSubsystemUtils/OnlineSubsystemUtils.uplugin" 471
"../../../Engine/Plugins/Performance/AutomatedPerfTesting/AutomatedPerfTesting.uplugin" 472
"../../../Engine/Plugins/Online/SocketSubsystemSteamIP/SocketSubsystemSteamIP.uplugin" 473
"../../../Engine/Plugins/Runtime/ADM/ADM.uplugin" 474
"../../../Engine/Plugins/Runtime/ActorLayerUtilities/ActorLayerUtilities.uplugin" 475
"../../../Engine/Plugins/Runtime/AndroidMoviePlayer/AndroidMoviePlayer.uplugin" 476
"../../../Engine/Plugins/Runtime/AndroidFileServer/AndroidFileServer.uplugin" 477
"../../../Engine/Plugins/Runtime/AndroidPermission/AndroidPermission.uplugin" 478
"../../../Engine/Plugins/Runtime/AndroidDeviceProfileSelector/AndroidDeviceProfileSelector.uplugin" 479
"../../../Engine/Plugins/Runtime/AnimationBudgetAllocator/AnimationBudgetAllocator.uplugin" 480
"../../../Engine/Plugins/Performance/PerformanceMonitor/PerformanceMonitor.uplugin" 481
"../../../Engine/Plugins/Runtime/ApexDestruction/ApexDestruction.uplugin" 482
"../../../Engine/Plugins/Runtime/AndroidBackgroundService/AndroidBackgroundService.uplugin" 483
"../../../Engine/Plugins/Online/OnlineSubsystemAmazon/OnlineSubsystemAmazon.uplugin" 484
"../../../Engine/Plugins/Protocols/MQTT/MQTT.uplugin" 485
"../../../Engine/Plugins/Runtime/ArchVisCharacter/ArchVisCharacter.uplugin" 486
"../../../Engine/Plugins/Online/OnlineSubsystemSteam/OnlineSubsystemSteam.uplugin" 487
"../../../Engine/Plugins/Online/OnlineServices/OnlineServices.uplugin" 488
"../../../Engine/Plugins/Runtime/AudioMotorSim/AudioMotorSim.uplugin" 489
"../../../Engine/Plugins/Runtime/AppleMoviePlayer/AppleMoviePlayer.uplugin" 490
"../../../Engine/Plugins/Runtime/AudioSynesthesia/AudioSynesthesia.uplugin" 491
"../../../Engine/Plugins/Runtime/AudioWidgets/AudioWidgets.uplugin" 492
"../../../Engine/Plugins/Runtime/AppleImageUtils/AppleImageUtils.uplugin" 493
"../../../Engine/Plugins/Runtime/ComputeFramework/ComputeFramework.uplugin" 494
"../../../Engine/Plugins/Runtime/AudioCapture/AudioCapture.uplugin" 495
"../../../Engine/Plugins/Runtime/AssetTags/AssetTags.uplugin" 496
"../../../Engine/Plugins/Runtime/CommonUI/CommonUI.uplugin" 497
"../../../Engine/Plugins/Runtime/AudioModulation/AudioModulation.uplugin" 498
"../../../Engine/Plugins/Online/SocketSubsystemEOS/SocketSubsystemEOS.uplugin" 499
"../../../Engine/Plugins/Runtime/CableComponent/CableComponent.uplugin" 500
"../../../Engine/Plugins/Runtime/ExternalGPUStatistics/ExternalGPUStatistics.uplugin" 501
"../../../Engine/Plugins/Runtime/DataRegistry/DataRegistry.uplugin" 502
"../../../Engine/Plugins/Runtime/ExampleDeviceProfileSelector/ExampleDeviceProfileSelector.uplugin" 503
"../../../Engine/Plugins/Runtime/CustomMeshComponent/CustomMeshComponent.uplugin" 504
"../../../Engine/Plugins/Runtime/GeometryCache/GeometryCache.uplugin" 505
"../../../Engine/Plugins/Runtime/Firebase/Firebase.uplugin" 506
"../../../Engine/Plugins/Runtime/GeoReferencing/GeoReferencing.uplugin" 507
"../../../Engine/Plugins/Runtime/GameFeatures/GameFeatures.uplugin" 508
"../../../Engine/Plugins/Runtime/HPMotionController/HPMotionController.uplugin" 509
"../../../Engine/Plugins/Runtime/GeometryScripting/GeometryScripting.uplugin" 510
"../../../Engine/Plugins/Runtime/GameplayAbilities/GameplayAbilities.uplugin" 511
"../../../Engine/Plugins/Runtime/HDRIBackdrop/HDRIBackdrop.uplugin" 512
"../../../Engine/Plugins/Runtime/GooglePAD/GooglePAD.uplugin" 513
"../../../Engine/Plugins/Runtime/HairStrands/HairStrands.uplugin" 514
"../../../Engine/Plugins/Runtime/HTTPChunkInstaller/HTTPChunkInstaller.uplugin" 515
"../../../Engine/Plugins/Runtime/InstancedActors/InstancedActors.uplugin" 516
"../../../Engine/Plugins/Runtime/GameplayInteractions/GameplayInteractions.uplugin" 517
"../../../Engine/Plugins/Runtime/IOSDeviceProfileSelector/IOSDeviceProfileSelector.uplugin" 518
"../../../Engine/Plugins/Runtime/GameInput/GameInput.uplugin" 519
"../../../Engine/Plugins/Runtime/GeometryProcessing/GeometryProcessing.uplugin" 520
"../../../Engine/Plugins/Runtime/GameplayStateTree/GameplayStateTree.uplugin" 521
"../../../Engine/Plugins/Runtime/LocationServicesAndroidImpl/LocationServicesAndroidImpl.uplugin" 522
"../../../Engine/Plugins/Runtime/LinuxDeviceProfileSelector/LinuxDeviceProfileSelector.uplugin" 523
"../../../Engine/Plugins/Runtime/LevelStreamingPersistence/LevelStreamingPersistence.uplugin" 524
"../../../Engine/Plugins/Runtime/MassEntity/MassEntity.uplugin" 525
"../../../Engine/Plugins/Runtime/MeshModelingToolset/MeshModelingToolset.uplugin" 526
"../../../Engine/Plugins/Runtime/LiveLinkOvernDisplay/LiveLinkOverNDisplay.uplugin" 527
"../../../Engine/Plugins/Runtime/MIDIDevice/MIDIDevice.uplugin" 528
"../../../Engine/Plugins/Runtime/MobilePatchingUtils/MobilePatchingUtils.uplugin" 529
"../../../Engine/Plugins/Runtime/ModelViewViewModel/ModelViewViewModel.uplugin" 530
"../../../Engine/Plugins/Runtime/MicrosoftSpatialAudio/MicroSoftSpatialSound.uplugin" 531
"../../../Engine/Plugins/Runtime/MsQuic/MsQuic.uplugin" 532
"../../../Engine/Plugins/Runtime/MixedRealityCaptureFramework/MixedRealityCaptureFramework.uplugin" 533
"../../../Engine/Plugins/Runtime/MusicEnvironment/MusicEnvironment.uplugin" 534
"../../../Engine/Plugins/Runtime/ModularGameplay/ModularGameplay.uplugin" 535
"../../../Engine/Plugins/Runtime/Metasound/Metasound.uplugin" 536
"../../../Engine/Plugins/Runtime/ChunkDownloader/ChunkDownloader.uplugin" 537
"../../../Engine/Plugins/Runtime/Harmonix/Harmonix.uplugin" 538
"../../../Engine/Plugins/Runtime/nDisplay/nDisplay.uplugin" 539
"../../../Engine/Plugins/Runtime/LocationServicesIOSImpl/LocationServicesIOSImpl.uplugin" 540
"../../../Engine/Plugins/Runtime/NavCorridor/NavCorridor.uplugin" 541
"../../../Engine/Plugins/Runtime/GoogleCloudMessaging/GoogleCloudMessaging.uplugin" 542
"../../../Engine/Plugins/Runtime/NetworkPrediction/NetworkPrediction.uplugin" 543
"../../../Engine/Plugins/Runtime/OpenXR/OpenXR.uplugin" 544
"../../../Engine/Plugins/Runtime/InputDebugging/InputDebugging.uplugin" 545
"../../../Engine/Plugins/Runtime/OpenCV/OpenCV.uplugin" 546
"../../../Engine/Plugins/Runtime/OpenXREyeTracker/OpenXREyeTracker.uplugin" 547
"../../../Engine/Plugins/Runtime/LocationServicesBPLibrary/LocationServicesBPLibrary.uplugin" 548
"../../../Engine/Plugins/Runtime/NetworkPredictionInsights/NetworkPredictionInsights.uplugin" 549
"../../../Engine/Plugins/Runtime/NetworkPredictionExtras/NetworkPredictionExtras.uplugin" 550
"../../../Engine/Plugins/Runtime/MultiServerReplication/MultiServerReplication.uplugin" 551
"../../../Engine/Plugins/Runtime/GameplayBehaviorSmartObjects/GameplayBehaviorSmartObjects.uplugin" 552
"../../../Engine/Plugins/Runtime/OpenXRMsftHandInteraction/OpenXRMsftHandInteraction.uplugin" 553
"../../../Engine/Plugins/Runtime/OpenXRViveTracker/OpenXRViveTracker.uplugin" 554
"../../../Engine/Plugins/Runtime/OSC/OSC.uplugin" 555
"../../../Engine/Plugins/Runtime/ProceduralMeshComponent/ProceduralMeshComponent.uplugin" 556
"../../../Engine/Plugins/Runtime/PropertyBindingUtils/PropertyBindingUtils.uplugin" 557
"../../../Engine/Plugins/Runtime/OptionalMobileFeaturesBPLibrary/OptionalMobileFeaturesBPLibrary.uplugin" 558
"../../../Engine/Plugins/Runtime/PreLoadScreenMoviePlayer/PreLoadScreenMoviePlayer.uplugin" 559
"../../../Engine/Plugins/Runtime/RenderTrace/RenderTrace.uplugin" 560
"../../../Engine/Plugins/Runtime/ReplicationGraph/ReplicationGraph.uplugin" 561
"../../../Engine/Plugins/Runtime/ReplicationSystemTestPlugin/ReplicationSystemTestPlugin.uplugin" 562
"../../../Engine/Plugins/Runtime/ResonanceAudio/ResonanceAudio.uplugin" 563
"../../../Engine/Plugins/Runtime/OpenXRHandTracking/OpenXRHandTracking.uplugin" 564
"../../../Engine/Plugins/Runtime/RigVM/RigVM.uplugin" 565
"../../../Engine/Plugins/Runtime/SoundCueTemplates/SoundCueTemplates.uplugin" 566
"../../../Engine/Plugins/Runtime/SmartObjects/SmartObjects.uplugin" 567
"../../../Engine/Plugins/Runtime/PropertyAccess/PropertyAccessEditor.uplugin" 568
"../../../Engine/Plugins/Runtime/SoundMod/SoundMod.uplugin" 569
"../../../Engine/Plugins/Runtime/SignificanceManager/SignificanceManager.uplugin" 570
"../../../Engine/Plugins/Runtime/SoundFields/SoundFields.uplugin" 571
"../../../Engine/Plugins/Runtime/SkeletalMerging/SkeletalMerging.uplugin" 572
"../../../Engine/Plugins/Runtime/ScriptableToolsFramework/ScriptableToolsFramework.uplugin" 573
"../../../Engine/Plugins/Runtime/Spatialization/Spatialization.uplugin" 574
"../../../Engine/Plugins/Runtime/Soundscape/Soundscape.uplugin" 575
"../../../Engine/Plugins/Runtime/StateTree/StateTree.uplugin" 576
"../../../Engine/Plugins/Runtime/SoundUtilities/SoundUtilities.uplugin" 577
"../../../Engine/Plugins/Runtime/MassGameplay/MassGameplay.uplugin" 578
"../../../Engine/Plugins/Runtime/WaveTable/WaveTable.uplugin" 579
"../../../Engine/Plugins/Runtime/WebBrowserNativeProxy/WebBrowserNativeProxy.uplugin" 580
"../../../Engine/Plugins/Runtime/USDCore/USDCore.uplugin" 581
"../../../Engine/Plugins/Runtime/WebMMoviePlayer/WebMMoviePlayer.uplugin" 582
"../../../Engine/Plugins/Runtime/WindowsDeviceProfileSelector/WindowsDeviceProfileSelector.uplugin" 583
"../../../Engine/Plugins/Runtime/WebBrowserWidget/WebBrowserWidget.uplugin" 584
"../../../Engine/Plugins/Runtime/WorldConditions/WorldConditions.uplugin" 585
"../../../Engine/Plugins/Runtime/WindowsMoviePlayer/WindowsMoviePlayer.uplugin" 586
"../../../Engine/Plugins/Runtime/nDisplayModularFeatures/nDisplayModularFeatures.uplugin" 587
"../../../Engine/Plugins/Runtime/SunPosition/SunPosition.uplugin" 588
"../../../Engine/Plugins/Runtime/Synthesis/Synthesis.uplugin" 589
"../../../Engine/Plugins/Runtime/XRBase/XRBase.uplugin" 590
"../../../Engine/Plugins/Runtime/WarpUtils/WarpUtils.uplugin" 591
"../../../Engine/Plugins/Runtime/ZoneGraphAnnotations/ZoneGraphAnnotations.uplugin" 592
"../../../Engine/Plugins/VirtualProduction/ActorModifier/ActorModifier.uplugin" 593
"../../../Engine/Plugins/Runtime/ZoneGraph/ZoneGraph.uplugin" 594
"../../../Engine/Plugins/VirtualProduction/Avalanche/Avalanche.uplugin" 595
"../../../Engine/Plugins/VirtualProduction/AvalancheSceneState/AvalancheSceneState.uplugin" 596
"../../../Engine/Plugins/VirtualProduction/AvalancheDataLink/AvalancheDataLink.uplugin" 597
"../../../Engine/Plugins/VirtualProduction/CameraCalibrationCore/CameraCalibrationCore.uplugin" 598
"../../../Engine/Plugins/VirtualProduction/CaptureData/CaptureData.uplugin" 599
"../../../Engine/Plugins/VirtualProduction/CameraCalibrationML/CameraCalibrationML.uplugin" 600
"../../../Engine/Plugins/VirtualProduction/ActorModifierCore/ActorModifierCore.uplugin" 601
"../../../Engine/Plugins/VirtualProduction/CinematicAssemblyTools/CinematicAssemblyTools.uplugin" 602
"../../../Engine/Plugins/VirtualProduction/ClonerEffector/ClonerEffector.uplugin" 603
"../../../Engine/Plugins/VirtualProduction/CameraCalibration/CameraCalibration.uplugin" 604
"../../../Engine/Plugins/VirtualProduction/CompositePlane/CompositePlane.uplugin" 605
"../../../Engine/Plugins/VirtualProduction/DataLinkOAuth/DataLinkOAuth.uplugin" 606
"../../../Engine/Plugins/VirtualProduction/DataLink/DataLink.uplugin" 607
"../../../Engine/Plugins/VirtualProduction/DynamicMaterial/DynamicMaterial.uplugin" 608
"../../../Engine/Plugins/Runtime/IOSReplayKit/IOSReplayKit.uplugin" 609
"../../../Engine/Plugins/VirtualProduction/ICVFX/ICVFX.uplugin" 610
"../../../Engine/Plugins/VirtualProduction/DataCharts/DataCharts.uplugin" 611
"../../../Engine/Plugins/VirtualProduction/LensComponent/LensComponent.uplugin" 612
"../../../Engine/Plugins/VirtualProduction/ICVFXTesting/ICVFXTesting.uplugin" 613
"../../../Engine/Plugins/VirtualProduction/GeometryMask/GeometryMask.uplugin" 614
"../../../Engine/Plugins/VirtualProduction/LiveLinkCamera/LiveLinkCamera.uplugin" 615
"../../../Engine/Plugins/VirtualProduction/LiveLinkFreeD/LiveLinkFreeD.uplugin" 616
"../../../Engine/Plugins/VirtualProduction/LiveLinkInputDevice/LiveLinkInputDevice.uplugin" 617
"../../../Engine/Plugins/VirtualProduction/LevelSnapshots/LevelSnapshots.uplugin" 618
"../../../Engine/Plugins/VirtualProduction/EpicStageApp/EpicStageApp.uplugin" 619
"../../../Engine/Plugins/VirtualProduction/CustomDetailsView/CustomDetailsView.uplugin" 620
"../../../Engine/Plugins/VirtualProduction/LiveLinkVRPN/LiveLinkVRPN.uplugin" 621
"../../../Engine/Plugins/VirtualProduction/LiveLinkLens/LiveLinkLens.uplugin" 622
"../../../Engine/Plugins/VirtualProduction/LiveLinkOpenTrackIO/LiveLinkOpenTrackIO.uplugin" 623
"../../../Engine/Plugins/VirtualProduction/PropertyAnimatorCore/PropertyAnimatorCore.uplugin" 624
"../../../Engine/Plugins/VirtualProduction/PropertyAnimator/PropertyAnimator.uplugin" 625
"../../../Engine/Plugins/VirtualProduction/MultiUserTakes/MultiUserTakes.uplugin" 626
"../../../Engine/Plugins/VirtualProduction/PerformanceCaptureWorkflow/PerformanceCaptureWorkflow.uplugin" 627
"../../../Engine/Plugins/VirtualProduction/RemoteControl/RemoteControl.uplugin" 628
"../../../Engine/Plugins/VirtualProduction/RemoteControlInterception/RemoteControlInterception.uplugin" 629
"../../../Engine/Plugins/VirtualProduction/RemoteControlProtocolOSC/RemoteControlProtocolOSC.uplugin" 630
"../../../Engine/Plugins/VirtualProduction/RemoteControlProtocolDMX/RemoteControlProtocolDMX.uplugin" 631
"../../../Engine/Plugins/VirtualProduction/LiveLinkXR/LiveLinkXR.uplugin" 632
"../../../Engine/Plugins/VirtualProduction/SequencerPlaylists/SequencerPlaylists.uplugin" 633
"../../../Engine/Plugins/VirtualProduction/SceneState/SceneState.uplugin" 634
"../../../Engine/Plugins/VirtualProduction/LiveLinkMasterLockit/LiveLinkMasterLockit.uplugin" 635
"../../../Engine/Plugins/VirtualProduction/RemoteControlProtocolMIDI/RemoteControlProtocolMIDI.uplugin" 636
"../../../Engine/Plugins/VirtualProduction/StageMonitoring/StageMonitoring.uplugin" 637
"../../../Engine/Plugins/VirtualProduction/StormSync/StormSync.uplugin" 638
"../../../Engine/Plugins/VirtualProduction/StormSyncAvalancheBridge/StormSyncAvalancheBridge.uplugin" 639
"../../../Engine/Plugins/VirtualProduction/SVGImporter/SVGImporter.uplugin" 640
"../../../Engine/Plugins/VirtualProduction/Text3D/Text3D.uplugin" 641
"../../../Engine/Plugins/VirtualProduction/Takes/Takes.uplugin" 642
"../../../Engine/Plugins/VirtualProduction/Switchboard/Switchboard.uplugin" 643
"../../../Engine/Plugins/VirtualProduction/TimedDataMonitor/TimedDataMonitor.uplugin" 644
"../../../Engine/Plugins/VirtualProduction/LiveLinkPrestonMDR/LiveLinkPrestonMDR.uplugin" 645
"../../../Engine/Plugins/VirtualProduction/VirtualScouting/VirtualScouting.uplugin" 646
"../../../Engine/Plugins/VirtualProduction/VirtualCameraCore/VirtualCameraCore.uplugin" 647
"../../../Engine/Plugins/Animation/MLDeformer/ChaosClothGenerator/ChaosClothGenerator.uplugin" 648
"../../../Engine/Plugins/VirtualProduction/OperatorStack/OperatorStack.uplugin" 649
"../../../Engine/Plugins/VirtualProduction/TextureShare/TextureShare.uplugin" 650
"../../../Engine/Plugins/Animation/MLDeformer/ChaosFleshGenerator/ChaosFleshGenerator.uplugin" 651
"../../../Engine/Plugins/VirtualProduction/VirtualCamera/VirtualCamera.uplugin" 652
"../../../Engine/Plugins/Animation/MLDeformer/NeuralMorphModel/NeuralMorphModel.uplugin" 653
"../../../Engine/Plugins/Animation/MLDeformer/NearestNeighborModel/NearestNeighborModel.uplugin" 654
"../../../Engine/Plugins/Developer/Concert/ConcertMain/ConcertMain.uplugin" 655
"../../../Engine/Plugins/Animation/MLDeformer/VertexDeltaModel/VertexDeltaModel.uplugin" 656
"../../../Engine/Plugins/Experimental/Animation/CurveExpression/CurveExpression.uplugin" 657
"../../../Engine/Plugins/Experimental/Animation/HierarchyTable/HierarchyTable.uplugin" 658
"../../../Engine/Plugins/Experimental/Animation/RelativeIKOp/RelativeIKOp.uplugin" 659
"../../../Engine/Plugins/Experimental/Animation/TrajectoryTools/TrajectoryTools.uplugin" 660
"../../../Engine/Plugins/Experimental/Animation/HierarchyTableAnimation/HierarchyTableAnimation.uplugin" 661
"../../../Engine/Plugins/Experimental/Animation/RigMapper/RigMapper.uplugin" 662
"../../../Engine/Plugins/Experimental/UAF/UAF/UAF.uplugin" 663
"../../../Engine/Plugins/Experimental/Animation/SkeletalMeshMorphTargetEditingTools/SkeletalMeshMorphTargetEditingTools.uplugin" 664
"../../../Engine/Plugins/VirtualProduction/RemoteControlWebInterface/RemoteControlWebInterface.uplugin" 665
"../../../Engine/Plugins/Experimental/UAF/UAFAnimGraph/UAFAnimGraph.uplugin" 666
"../../../Engine/Plugins/Animation/MLDeformer/MLDeformerFramework/MLDeformerFramework.uplugin" 667
"../../../Engine/Plugins/Experimental/UAF/UAFChooser/UAFChooser.uplugin" 668
"../../../Engine/Plugins/Experimental/Animation/Locomotor/Locomotor.uplugin" 669
"../../../Engine/Plugins/Experimental/UAF/UAFTests/UAFTests.uplugin" 670
"../../../Engine/Plugins/Experimental/UAF/UAFPoseSearch/UAFPoseSearch.uplugin" 671
"../../../Engine/Plugins/Experimental/Animation/ContextualAnimation/ContextualAnimation.uplugin" 672
"../../../Engine/Plugins/Experimental/UAF/UAFMirroring/UAFMirroring.uplugin" 673
"../../../Engine/Plugins/Experimental/Animation/PackedAttributes/PackedAttributes.uplugin" 674
"../../../Engine/Plugins/Experimental/Animation/MotionTrajectory/MotionTrajectory.uplugin" 675
"../../../Engine/Plugins/Experimental/UAF/UAFControlRig/UAFControlRig.uplugin" 676
"../../../Engine/Plugins/Online/VoiceChat/EOSVoiceChat/EOSVoiceChat.uplugin" 677
"../../../Engine/Plugins/Online/VoiceChat/VoiceChat/VoiceChat.uplugin" 678
"../../../Engine/Plugins/VirtualProduction/CaptureManager/CaptureManagerCore/CaptureManagerCore.uplugin" 679
"../../../Engine/Plugins/VirtualProduction/CaptureManager/CaptureManagerDevices/CaptureManagerDevices.uplugin" 680
"../../../Engine/Plugins/Experimental/AVCodecs/LibVpxCodecs/LibVpxCodecs.uplugin" 681
"../../../Engine/Plugins/Experimental/AVCodecs/NVCodecs/NVCodecs.uplugin" 682
"../../../Engine/Plugins/Experimental/AVCodecs/AMFCodecs/AMFCodecs.uplugin" 683
"../../../Engine/Plugins/Experimental/UAF/UAFStateTree/UAFStateTree.uplugin" 684
"../../../Engine/Plugins/Experimental/AVCodecs/AVCodecsCore/AVCodecsCore.uplugin" 685
"../../../Engine/Plugins/Online/Android/OnlineSubsystemGooglePlay/OnlineSubsystemGooglePlay.uplugin" 686
"../../../Engine/Plugins/Runtime/PacketHandlers/AESGCMHandlerComponent/AESGCMHandlerComponent.uplugin" 687
"../../../Engine/Plugins/Runtime/Steam/SteamController/SteamController.uplugin" 688
"../../../Engine/Plugins/Experimental/UAF/UAFWarping/UAFWarping.uplugin" 689
"../../../Engine/Plugins/Experimental/Animation/Optimus/Optimus.uplugin" 690
"../../../Engine/Plugins/Runtime/Steam/SteamShared/SteamShared.uplugin" 691
"../../../Engine/Plugins/Runtime/Steam/SteamSockets/SteamSockets.uplugin" 692
"../../../Engine/Plugins/Runtime/PacketHandlers/DTLSHandlerComponent/DTLSHandlerComponent.uplugin" 693
"../../../Engine/Plugins/VirtualProduction/CaptureManager/CaptureManagerEditor/CaptureManagerEditor.uplugin" 694
"../../../Engine/Plugins/Experimental/MetaHuman/MetaHumanCalibrationDiagnostics/MetaHumanCalibrationDiagnostics.uplugin" 695
"../../../Engine/Plugins/Experimental/MetaHuman/MetaHumanRuntime/MetaHumanRuntime.uplugin" 696
"../../../Engine/Plugins/Experimental/PCGInterops/PCGFastGeoInterop/PCGFastGeoInterop.uplugin" 697
"../../../Engine/Plugins/VirtualProduction/SceneStateDataLink/SceneStateDataLink.uplugin" 698
"../../../Engine/Plugins/Experimental/PCGInterops/PCGNaniteAssembliesInterop/PCGNaniteAssembliesInterop.uplugin" 699
"../../../Engine/Plugins/Experimental/PCGInterops/PCGWaterInterop/PCGWaterInterop.uplugin" 700
"../../../Engine/Plugins/Editor/ObjectMixer/LightMixer/LightMixer.uplugin" 701
"../../../Engine/Plugins/Editor/ObjectMixer/ObjectMixer/ObjectMixer.uplugin" 702
"../../../Engine/Plugins/Online/Android/AndroidFetchBackgroundDownload/AndroidFetchBackgroundDownload.uplugin" 703
"../../../Engine/Plugins/Runtime/Advertising/IOSTapJoy/IOSTapJoy.uplugin" 704
"../../../Engine/Plugins/Experimental/MetaHuman/MetaHumanCharacterUAF/MetaHumanCharacterUAF.uplugin" 705
"../../../Engine/Plugins/Experimental/PCGInterops/PCGNiagaraInterop/PCGNiagaraInterop.uplugin" 706
"../../../Engine/Plugins/Runtime/Windows/WinVirtualKeyboard/WinVirtualKeyboard.uplugin" 707
"../../../Engine/Plugins/Experimental/VirtualProduction/VPSettings/VPSettings.uplugin" 708
"../../../Engine/Plugins/Experimental/Animation/RigMapperOp/RigMapperOp.uplugin" 709
"../../../Engine/Plugins/Runtime/AR/ARUtilities/ARUtilities.uplugin" 710
"../../../Engine/Plugins/Experimental/Web/WebAPI/WebAPI.uplugin" 711
"../../../Engine/Plugins/Experimental/VirtualProduction/VPRoles/VPRoles.uplugin" 712
"../../../Engine/Plugins/Runtime/Steam/SteamAudio/SteamAudio.uplugin" 713
"../../../Engine/Plugins/Experimental/PCGInterops/PCGInstancedActorsInterop/PCGInstancedActorsInterop.uplugin" 714
"../../../Engine/Plugins/Editor/ContentBrowser/ContentBrowserFileDataSource/ContentBrowserFileDataSource.uplugin" 715
"../../../Engine/Plugins/Editor/ContentBrowser/ContentBrowserClassDataSource/ContentBrowserClassDataSource.uplugin" 716
"../../../Engine/Plugins/Runtime/Nvidia/Reflex/Reflex.uplugin" 717
"../../../Engine/Plugins/Editor/Localization/PortableObjectFileDataSource/PortableObjectFileDataSource.uplugin" 718
"../../../Engine/Plugins/Runtime/Windows/WinDualShock/WinDualShock.uplugin" 719
"../../../Engine/Plugins/Runtime/Nvidia/GeForceNOWWrapper/GeForceNOWWrapper.uplugin" 720
"../../../Engine/Plugins/Interchange/Extensions/OpenUSD/InterchangeOpenUSD.uplugin" 721
"../../../Engine/Plugins/Runtime/XR/XRVisualization/XRVisualization.uplugin" 722
"../../../Engine/Plugins/Runtime/MeshReconstruction/DummyMeshReconstructor/DummyMeshReconstructor.uplugin" 723
"../../../Engine/Plugins/Runtime/XR/XRScribe/XRScribe.uplugin" 724
"../../../Engine/Plugins/Interchange/Extensions/OpenVDB/InterchangeOpenVDB.uplugin" 725
"../../../Engine/Plugins/VirtualProduction/DMX/DatasmithMVR/DatasmithMVR.uplugin" 726
"../../../Engine/Plugins/VirtualProduction/DMX/DMXGDTF/DMXGDTF.uplugin" 727
"../../../Engine/Plugins/VirtualProduction/DMX/DMXControlConsole/DMXControlConsole.uplugin" 728
"../../../Engine/Plugins/VirtualProduction/DMX/DMXDisplayCluster/DMXDisplayCluster.uplugin" 729
"../../../Engine/Plugins/VirtualProduction/DMX/DMXModularFeatures/DMXModularFeatures.uplugin" 730
"../../../Engine/Plugins/VirtualProduction/DMX/DMXFixtures/DMXFixtures.uplugin" 731
"../../../Engine/Plugins/Runtime/Windows/XInputDevice/XInputDevice.uplugin" 732
"../../../Engine/Plugins/VirtualProduction/DMX/DMXEngine/DMXEngine.uplugin" 733
"../../../Engine/Plugins/VirtualProduction/DMX/DMXProtocol/DMXProtocol.uplugin" 734
"../../../Engine/Plugins/Experimental/CharacterFXEditor/BaseCharacterFXEditor/BaseCharacterFXEditor.uplugin" 735
"../../../Engine/Plugins/Experimental/AVCodecs/VTCodecs/VTCodecs.uplugin" 736
"../../../Engine/Plugins/Runtime/Analytics/Adjust/Adjust.uplugin" 737
"../../../Engine/Plugins/Online/IOS/OnlineSubsystemIOS/OnlineSubsystemIOS.uplugin" 738
"../../../Engine/Plugins/Experimental/Enterprise/DataprepGeometryOperations/DataprepGeometryOperations.uplugin" 739
"../../../Engine/Plugins/Experimental/CharacterFXEditor/ExampleCharacterFXEditor/ExampleCharacterFXEditor.uplugin" 740
"../../../Engine/Plugins/Runtime/Database/ADOSupport/ADOSupport.uplugin" 741
"../../../Engine/Plugins/Runtime/Analytics/AnalyticsMulticast/AnalyticsMulticast.uplugin" 742
"../../../Engine/Plugins/Runtime/Analytics/AnalyticsBlueprintLibrary/AnalyticsBlueprintLibrary.uplugin" 743
"../../../Engine/Plugins/Runtime/Database/DatabaseSupport/DatabaseSupport.uplugin" 744
"../../../Engine/Plugins/Editor/ContentBrowser/ContentBrowserAliasDataSource/ContentBrowserAliasDataSource.uplugin" 745
"../../../Engine/Plugins/VirtualProduction/Rivermax/RivermaxCore/RivermaxCore.uplugin" 746
"../../../Engine/Plugins/VirtualProduction/Rivermax/RivermaxSync/RivermaxSync.uplugin" 747
"../../../Engine/Plugins/Editor/ContentBrowser/ContentBrowserAssetDataSource/ContentBrowserAssetDataSource.uplugin" 748
"../../../Engine/Plugins/Runtime/PacketHandlers/AESHandlerComponent/AESHandlerComponent.uplugin" 749
"../../../Engine/Plugins/Experimental/AVCodecs/WMFCodecs/WMFCodecs.uplugin" 750
"../../../Engine/Plugins/Runtime/Database/SQLiteSupport/SQLiteSupport.uplugin" 751
"../../../Engine/Plugins/VirtualProduction/Rivermax/RivermaxMedia/RivermaxMedia.uplugin" 752
"../../../Engine/Plugins/Runtime/Database/RemoteDatabaseSupport/RemoteDatabaseSupport.uplugin" 753
"../../../Engine/Plugins/VirtualProduction/CaptureManager/CaptureManagerApp/CaptureManagerApp.uplugin" 754
"../../../Engine/Plugins/Runtime/Analytics/FileLogging/FileLogging.uplugin" 755
"../../../Engine/Plugins/Experimental/Enterprise/DatasmithInterchange/DatasmithInterchange.uplugin" 756
"../../../Engine/Plugins/Developer/Concert/ConcertSync/ConcertSyncCore/ConcertSyncCore.uplugin" 757
"../../../Engine/Plugins/Experimental/Enterprise/DatasmithRuntime/DatasmithRuntime.uplugin" 758
"../../../Engine/Plugins/Developer/Concert/ConcertSync/ConcertSyncTest/ConcertSyncTest.uplugin" 759
"../../../Engine/Plugins/Developer/Concert/ConcertSync/ConcertSyncServer/ConcertSyncServer.uplugin" 760
"../../../Engine/Plugins/Developer/Concert/ConcertSync/ConcertSyncClient/ConcertSyncClient.uplugin" 761
"../../../Engine/Plugins/Developer/Concert/ConcertInsights/ConcertInsightsServer/ConcertInsightsServer.uplugin" 762
"../../../Engine/Plugins/Developer/Concert/ConcertInsights/ConcertInsightsCore/ConcertInsightsCore.uplugin" 763
"../../../Engine/Plugins/Developer/Concert/ConcertScripting/ConcertReplicationScripting/ConcertReplicationScripting.uplugin" 764
"../../../Engine/Plugins/Developer/Concert/ConcertInsights/ConcertInsightsVisualizer/ConcertInsightsVisualizer.uplugin" 765
"../../../Engine/Plugins/Developer/Concert/ConcertUI/ConcertClientSharedSlate/ConcertClientSharedSlate.uplugin" 766
"../../../Engine/Plugins/VirtualProduction/DMX/DMXPixelMapping/DMXPixelMapping.uplugin" 767
"../../../Engine/Plugins/Runtime/AR/Google/GoogleARCoreServices/GoogleARCoreServices.uplugin" 768
"../../../Engine/Plugins/Developer/Concert/ConcertApp/DisasterRecoveryClient/DisasterRecoveryClient.uplugin" 769
"../../../Engine/Plugins/Runtime/Database/SQLiteCore/SQLiteCore.uplugin" 770
"../../../Engine/Plugins/Developer/Concert/ConcertApp/MultiUserClient/MultiUserClient.uplugin" 771
"../../../Engine/Plugins/Runtime/AR/Google/GoogleARCore/GoogleARCore.uplugin" 772
"../../../Engine/Plugins/Developer/Concert/ConcertApp/MultiUserServer/MultiUserServer.uplugin" 773
"../../../Engine/Plugins/Developer/Concert/ConcertInsights/ConcertInsightsClient/ConcertInsightsClient.uplugin" 774
"../../../Engine/Plugins/Experimental/Animation/MLDeformer/DetailPoseModel/DetailPoseModel.uplugin" 775
"../../../Engine/Plugins/Developer/Concert/ConcertUI/ConcertSharedSlate/ConcertSharedSlate.uplugin" 776
"../../../Engine/Plugins/Experimental/VirtualProduction/LedWallCalibration/LedWallCalibration.uplugin" 777
"../../../Engine/Plugins/Runtime/AR/AppleAR/AppleARKit/AppleARKit.uplugin" 778
"../../../Engine/Plugins/Runtime/AR/AppleAR/AppleARKitFaceSupport/AppleARKitFaceSupport.uplugin" 779
"../../../Engine/Platforms/Android/Plugins/Animation/ACLPlugin/ACLPlugin_Android.uplugin" 780
"../../../Engine/Platforms/Android/Plugins/Animation/RigLogic/RigLogic_Android.uplugin" 781
"../../../Engine/Platforms/IOS/Plugins/Animation/RigLogic/RigLogic_IOS.uplugin" 782
"D:/UNREAL ENGINE/UE BACKUP/BIBOP/BIBOP_2-6_UE/BIBOP_2-6_UE/Plugins/VisualStudioTools/VisualStudioTools.uplugin" 783
"../../../Engine/Content/Internationalization/icudt64l/cnvalias.icu" 784
"../../../Engine/Content/Internationalization/icudt64l/res_index.res" 785
"../../../Engine/Content/Internationalization/icudt64l/plurals.res" 786
"../../../Engine/Content/Internationalization/icudt64l/lang/ru.res" 787
"../../../Engine/Content/Internationalization/icudt64l/lang/pool.res" 788
"../../../Engine/Content/Internationalization/icudt64l/lang/root.res" 789
"../../../Engine/Content/Internationalization/icudt64l/region/ru.res" 790
"../../../Engine/Content/Internationalization/icudt64l/region/pool.res" 791
"../../../Engine/Content/Internationalization/icudt64l/region/root.res" 792
"../../../Engine/Content/Internationalization/icudt64l/lang/en.res" 793
"../../../Engine/Content/Internationalization/icudt64l/region/en.res" 794
"../../../Engine/Content/Internationalization/icudt64l/windowsZones.res" 795
"../../../Engine/Content/Internationalization/icudt64l/zoneinfo64.res" 796
"../../../Engine/Content/Internationalization/icudt64l/keyTypeData.res" 797
"../../../Engine/Content/Internationalization/icudt64l/timezoneTypes.res" 798
"../../../Engine/Content/Internationalization/icudt64l/likelySubtags.res" 799
"../../../Engine/Content/Internationalization/icudt64l/ru_RU.res" 800
"../../../Engine/Content/Internationalization/icudt64l/pool.res" 801
"../../../Engine/Content/Internationalization/icudt64l/ru.res" 802
"../../../Engine/Content/Internationalization/icudt64l/root.res" 803
"../../../Engine/Content/Internationalization/icudt64l/supplementalData.res" 804
"../../../Engine/Config/ConfigRedirects.ini" 805
"C:/Users/User/AppData/Local/UnrealEngine/5.7/Saved/Config/WindowsEditor/Manifest.ini" 806
"../../../Engine/Config/BaseEngine.ini" 807
"../../../Engine/Config/Windows/BaseWindowsEngine.ini" 808
"../../../../../UE BACKUP/BIBOP/BIBOP_2-6_UE/BIBOP_2-6_UE/Config/DefaultEngine.ini" 809
"../../../Engine/Config/BaseGame.ini" 810
"../../../../../UE BACKUP/BIBOP/BIBOP_2-6_UE/BIBOP_2-6_UE/Config/DefaultGame.ini" 811
"../../../Engine/Config/Windows/WindowsGame.ini" 812
"D:/UNREAL ENGINE/UE BACKUP/BIBOP/BIBOP_2-6_UE/BIBOP_2-6_UE/Saved/Config/WindowsEditor/Game.ini" 813
"../../../Engine/Config/BaseInput.ini" 814
"../../../Engine/Config/Windows/BaseWindowsInput.ini" 815
"../../../../../UE BACKUP/BIBOP/BIBOP_2-6_UE/BIBOP_2-6_UE/Config/DefaultInput.ini" 816
"../../../Engine/Config/Windows/WindowsInput.ini" 817
"../../../Engine/Config/BaseDeviceProfiles.ini" 818
"../../../Engine/Config/BaseGameUserSettings.ini" 819
"D:/UNREAL ENGINE/UE BACKUP/BIBOP/BIBOP_2-6_UE/BIBOP_2-6_UE/Saved/Config/WindowsEditor/GameUserSettings.ini" 820
"../../../Engine/Config/BaseScalability.ini" 821
"../../../Engine/Config/BaseRuntimeOptions.ini" 822
"../../../Engine/Config/BaseInstallBundle.ini" 823
"../../../Engine/Config/BaseHardware.ini" 824
"../../../Engine/Config/BaseCompat.ini" 825
"../../../Engine/Config/BaseLightmass.ini" 826
"../../../Engine/Config/BaseEditor.ini" 827
"../../../../../UE BACKUP/BIBOP/BIBOP_2-6_UE/BIBOP_2-6_UE/Config/DefaultEditor.ini" 828
"D:/UNREAL ENGINE/UE BACKUP/BIBOP/BIBOP_2-6_UE/BIBOP_2-6_UE/Saved/Config/WindowsEditor/Editor.ini" 829
"../../../Engine/Config/BaseMaterialExpressions.ini" 830
"../../../Engine/Config/BaseEditorPerProjectUserSettings.ini" 831
"../../../../../UE BACKUP/BIBOP/BIBOP_2-6_UE/BIBOP_2-6_UE/Config/DefaultEditorPerProjectUserSettings.ini" 832
"../../../Engine/Config/Windows/WindowsEditorPerProjectUserSettings.ini" 833
"D:/UNREAL ENGINE/UE BACKUP/BIBOP/BIBOP_2-6_UE/BIBOP_2-6_UE/Saved/Config/WindowsEditor/EditorPerProjectUserSettings.ini" 834
"../../../Engine/Config/BaseEditorSettings.ini" 835
"../../../Engine/Config/Windows/WindowsEditorSettings.ini" 836
"C:/Users/User/AppData/Local/UnrealEngine/5.7/Saved/Config/WindowsEditor/EditorSettings.ini" 837
"../../../Engine/Config/BaseEditorKeyBindings.ini" 838
"C:/Users/User/AppData/Local/UnrealEngine/5.7/Saved/Config/WindowsEditor/EditorLayout.ini" 839
"../../../Engine/Config/IOS/BaseIOSEngine.ini" 840
"../../../Engine/Config/TVOS/TVOSEngine.ini" 841
"../../../../../UE BACKUP/BIBOP/BIBOP_2-6_UE/BIBOP_2-6_UE/Binaries/Win64/BIBOP_2dash6.target" 842
"../../../Engine/Config/IOS/BaseIOSGame.ini" 843
"../../../Engine/Config/Android/BaseAndroidEngine.ini" 844
"../../../Engine/Config/IOS/IOSGame.ini" 845
"../../../Engine/Config/Android/AndroidEngine.ini" 846
"../../../../../UE BACKUP/BIBOP/BIBOP_2-6_UE/BIBOP_2-6_UE/Binaries/Win64/BIBOP_2dash6Editor.target" 847
"../../../Engine/Config/Linux/BaseLinuxEngine.ini" 848
"../../../Engine/Config/Mac/BaseMacEngine.ini" 849
"../../../Engine/Platforms/VisionOS/Config/BaseVisionOSEngine.ini" 850
"../../../Engine/Config/Unix/UnixEngine.ini" 851
"../../../Engine/Config/Linux/LinuxEngine.ini" 852
"../../../Engine/Config/IOS/BaseIOSInput.ini" 853
"../../../Engine/Platforms/VisionOS/Config/VisionOSEngine.ini" 854
"../../../Engine/Config/Android/BaseAndroidGame.ini" 855
"../../../Engine/Config/Mac/MacGame.ini" 856
"../../../Engine/Config/Linux/LinuxGame.ini" 857
"../../../Engine/Config/Android/BaseAndroidInput.ini" 858
"../../../Engine/Config/Mac/BaseMacInput.ini" 859
"../../../Engine/Config/IOS/IOSScalability.ini" 860
"../../../Engine/Config/Android/AndroidScalability.ini" 861
"../../../Engine/Config/IOS/BaseIOSInstallBundle.ini" 862
"../../../Engine/Config/Android/BaseAndroidInstallBundle.ini" 863
"../../../Engine/Config/PluginBase.ini" 864
"../../../Engine/Plugins/ChaosVD/Config/DefaultChaosVD.ini" 865
"../../../Engine/Plugins/EnhancedInput/Config/BaseEnhancedInput.ini" 866
"../../../Engine/Plugins/Fab/Config/BaseFab.ini" 867
"../../../Engine/Plugins/PCG/Config/BasePCG.ini" 868
"../../../Engine/Plugins/TraceUtilities/Config/BaseTraceUtilities.ini" 869
"../../../Engine/Plugins/Animation/ControlRig/Config/BaseControlRig.ini" 870
"../../../Engine/Plugins/Animation/DeformerGraph/Config/BaseDeformerGraph.ini" 871
"../../../Engine/Plugins/Animation/IKRig/Config/BaseIKRig.ini" 872
"../../../Engine/Plugins/Cameras/GameplayCameras/Config/BaseGameplayCameras.ini" 873
"../../../Engine/Plugins/Experimental/FullBodyIK/Config/BaseFullBodyIK.ini" 874
"../../../Engine/Plugins/Experimental/ToolPresets/Config/BaseToolPresets.ini" 875
"../../../Engine/Plugins/MetaHuman/MetaHumanSDK/Config/BaseMetaHumanSDK.ini" 876
"../../../Engine/Plugins/2D/Paper2D/Config/BasePaper2D.ini" 877
"../../../Engine/Plugins/Compositing/CompositeCore/Config/BaseCompositeCore.ini" 878
"../../../Engine/Plugins/Editor/EditorScriptingUtilities/Config/BaseEditorScriptingUtilities.ini" 879
"../../../Engine/Plugins/Enterprise/DatasmithContent/Config/BaseDatasmithContent.ini" 880
"../../../Engine/Plugins/Enterprise/GLTFExporter/Config/BaseGLTFExporter.ini" 881
"../../../Engine/Plugins/Enterprise/GLTFExporter/Config/DefaultGLTFExporter.ini" 882
"../../../Engine/Plugins/FX/Niagara/Config/BaseNiagara.ini" 883
"../../../Engine/Plugins/Interchange/Assets/Config/BaseInterchangeAssets.ini" 884
"../../../Engine/Plugins/Interchange/Runtime/Config/BaseInterchange.ini" 885
"../../../Engine/Plugins/Enterprise/VariantManagerContent/Config/BaseVariantManagerContent.ini" 886
"../../../Engine/Plugins/Runtime/GameplayStateTree/Config/BaseGameplayStateTree.ini" 887
"../../../Engine/Plugins/Runtime/HairStrands/Config/BaseHairStrands.ini" 888
"../../../Engine/Plugins/Runtime/Metasound/Config/BaseMetasound.ini" 889
"../../../Engine/Plugins/Runtime/Metasound/Config/DefaultMetasound.ini" 890
"../../../Engine/Plugins/Runtime/PropertyBindingUtils/Config/BasePropertyBindingUtils.ini" 891
"../../../Engine/Plugins/Runtime/RigVM/Config/BaseRigVM.ini" 892
"../../../Engine/Plugins/Runtime/StateTree/Config/BaseStateTree.ini" 893
"../../../Engine/Plugins/Runtime/Synthesis/Config/BaseSynthesis.ini" 894
"../../../Engine/Plugins/VirtualProduction/Takes/Config/BaseTakes.ini" 895
"../../../Engine/Plugins/ChaosVD/Config/Engine.ini" 896
"../../../Engine/Plugins/EnhancedInput/Config/Input.ini" 897
"../../../Engine/Plugins/Runtime/InputDebugging/Config/Input.ini" 898
"../../../Engine/Plugins/Runtime/Windows/XInputDevice/Config/Input.ini" 899
"../../../Engine/Plugins/PCG/Config/EditorPerProjectUserSettings.ini" 900
"../../../Engine/Plugins/NNE/NNEDenoiser/Config/Game.ini" 901
"../../../Engine/Plugins/Online/OnlineSubsystemUtils/Config/Editor.ini" 902
"../../../Engine/Plugins/Runtime/RigVM/Config/Editor.ini" 903
"../../../Engine/Plugins/Editor/ModelingToolsEditorMode/Binaries/Win64/UnrealEditor.modules" 904
"../../../Engine/Plugins/Runtime/MeshModelingToolset/Binaries/Win64/UnrealEditor.modules" 905
"../../../Engine/Plugins/Experimental/MeshModelingToolsetExp/Binaries/Win64/UnrealEditor.modules" 906
"../../../Engine/Plugins/Editor/MeshLODToolset/Binaries/Win64/UnrealEditor.modules" 907
"../../../Engine/Plugins/Experimental/ToolPresets/Binaries/Win64/UnrealEditor.modules" 908
"../../../Engine/Plugins/Editor/StylusInput/Binaries/Win64/UnrealEditor.modules" 909
"../../../Engine/Plugins/Runtime/GeometryProcessing/Binaries/Win64/UnrealEditor.modules" 910
"../../../Engine/Plugins/Editor/ProxyLODPlugin/Binaries/Win64/UnrealEditor.modules" 911
"../../../Engine/Plugins/Experimental/PlanarCutPlugin/Binaries/Win64/UnrealEditor.modules" 912
"../../../Engine/Plugins/Runtime/GeometryCache/Binaries/Win64/UnrealEditor.modules" 913
"../../../Engine/Plugins/Experimental/GeometryFlow/Binaries/Win64/UnrealEditor.modules" 914
"../../../Engine/Plugins/Editor/EditorScriptingUtilities/Binaries/Win64/UnrealEditor.modules" 915
"../../../Engine/Plugins/FX/Niagara/Binaries/Win64/UnrealEditor.modules" 916
"../../../Engine/Plugins/Experimental/PythonScriptPlugin/Binaries/Win64/UnrealEditor.modules" 917
"../../../Engine/Plugins/Editor/ContentBrowser/ContentBrowserFileDataSource/Binaries/Win64/UnrealEditor.modules" 918
"../../../Engine/Plugins/Runtime/GameplayStateTree/Binaries/Win64/UnrealEditor.modules" 919
"../../../Engine/Plugins/Runtime/StateTree/Binaries/Win64/UnrealEditor.modules" 920
"../../../Engine/Plugins/Animation/GameplayInsights/Binaries/Win64/UnrealEditor.modules" 921
"../../../Engine/Plugins/Runtime/PropertyAccess/Binaries/Win64/UnrealEditor.modules" 922
"../../../Engine/Plugins/Runtime/PropertyBindingUtils/Binaries/Win64/UnrealEditor.modules" 923
"../../../Engine/Plugins/PCG/Binaries/Win64/UnrealEditor.modules" 924
"../../../Engine/Plugins/Runtime/ComputeFramework/Binaries/Win64/UnrealEditor.modules" 925
"../../../Engine/Plugins/Experimental/ChaosVehiclesPlugin/Binaries/Win64/UnrealEditor.modules" 926
"../../../Engine/Plugins/AudioInsights/Binaries/Win64/UnrealEditor.modules" 927
"../../../Engine/Plugins/Runtime/AudioWidgets/Binaries/Win64/UnrealEditor.modules" 928
"../../../Engine/Plugins/Runtime/AudioSynesthesia/Binaries/Win64/UnrealEditor.modules" 929
"../../../Engine/Plugins/Bridge/Binaries/Win64/UnrealEditor.modules" 930
"../../../Engine/Plugins/MetaHuman/MetaHumanSDK/Binaries/Win64/UnrealEditor.modules" 931
"../../../Engine/Plugins/Animation/ControlRig/Binaries/Win64/UnrealEditor.modules" 932
"../../../Engine/Plugins/Runtime/HairStrands/Binaries/Win64/UnrealEditor.modules" 933
"../../../Engine/Plugins/Animation/RigLogic/Binaries/Win64/UnrealEditor.modules" 934
"../../../Engine/Plugins/Interchange/Runtime/Binaries/Win64/UnrealEditor.modules" 935
"../../../Engine/Plugins/Online/EOSShared/Binaries/Win64/UnrealEditor.modules" 936
"../../../Engine/Plugins/Runtime/RigVM/Binaries/Win64/UnrealEditor.modules" 937
"../../../Engine/Plugins/MovieScene/LevelSequenceEditor/Binaries/Win64/UnrealEditor.modules" 938
"../../../Engine/Plugins/MovieScene/SequencerScripting/Binaries/Win64/UnrealEditor.modules" 939
"../../../Engine/Plugins/Animation/TweeningUtils/Binaries/Win64/UnrealEditor.modules" 940
"../../../Engine/Plugins/Animation/DeformerGraph/Binaries/Win64/UnrealEditor.modules" 941
"../../../Engine/Plugins/Experimental/Dataflow/Binaries/Win64/UnrealEditor.modules" 942
"../../../Engine/Plugins/Enterprise/VariantManagerContent/Binaries/Win64/UnrealEditor.modules" 943
"../../../Engine/Plugins/Enterprise/VariantManager/Binaries/Win64/UnrealEditor.modules" 944
"../../../Engine/Plugins/Interchange/Assets/Binaries/Win64/UnrealEditor.modules" 945
"../../../Engine/Plugins/Experimental/CharacterFXEditor/BaseCharacterFXEditor/Binaries/Win64/UnrealEditor.modules" 946
"../../../Engine/Plugins/Runtime/ProceduralMeshComponent/Binaries/Win64/UnrealEditor.modules" 947
"../../../Engine/Plugins/Experimental/ChaosCaching/Binaries/Win64/UnrealEditor.modules" 948
"../../../Engine/Plugins/Experimental/EditorDataStorage/Binaries/Win64/UnrealEditor.modules" 949
"../../../Engine/Plugins/Experimental/EditorDataStorageFeatures/Binaries/Win64/UnrealEditor.modules" 950
"../../../Engine/Plugins/Animation/SkeletalMeshModelingTools/Binaries/Win64/UnrealEditor.modules" 951
"../../../Engine/Plugins/VirtualProduction/Takes/Binaries/Win64/UnrealEditor.modules" 952
"../../../Engine/Plugins/Runtime/AudioCapture/Binaries/Win64/UnrealEditor.modules" 953
"../../../Engine/Plugins/Developer/NamingTokens/Binaries/Win64/UnrealEditor.modules" 954
"../../../Engine/Plugins/Editor/EngineAssetDefinitions/Binaries/Win64/UnrealEditor.modules" 955
"../../../Engine/Plugins/ChaosInsights/Binaries/Win64/UnrealEditor.modules" 956
"../../../Engine/Plugins/ChaosCloth/Binaries/Win64/UnrealEditor.modules" 957
"../../../Engine/Plugins/ChaosVD/Binaries/Win64/UnrealEditor.modules" 958
"../../../Engine/Plugins/CmdLinkServer/Binaries/Win64/UnrealEditor.modules" 959
"../../../Engine/Plugins/EnhancedInput/Binaries/Win64/UnrealEditor.modules" 960
"../../../Engine/Plugins/Editor/DataValidation/Binaries/Win64/UnrealEditor.modules" 961
"../../../Engine/Plugins/Fab/Binaries/Win64/UnrealEditor.modules" 962
"../../../Engine/Plugins/IoStoreInsights/Binaries/Win64/UnrealEditor.modules" 963
"../../../Engine/Plugins/MassInsights/Binaries/Win64/UnrealEditor.modules" 964
"../../../Engine/Plugins/MeshPainting/Binaries/Win64/UnrealEditor.modules" 965
"../../../Engine/Plugins/Interchange/Editor/Binaries/Win64/UnrealEditor.modules" 966
"../../../Engine/Plugins/RenderGraphInsights/Binaries/Win64/UnrealEditor.modules" 967
"../../../Engine/Plugins/TraceUtilities/Binaries/Win64/UnrealEditor.modules" 968
"../../../Engine/Plugins/UbaController/Binaries/Win64/UnrealEditor.modules" 969
"../../../Engine/Plugins/WorldMetrics/Binaries/Win64/UnrealEditor.modules" 970
"../../../Engine/Plugins/XGEController/Binaries/Win64/UnrealEditor.modules" 971
"../../../Engine/Plugins/Animation/AnimationData/Binaries/Win64/UnrealEditor.modules" 972
"../../../Engine/Plugins/Animation/ACLPlugin/Binaries/Win64/UnrealEditor.modules" 973
"../../../Engine/Plugins/Animation/AnimationModifierLibrary/Binaries/Win64/UnrealEditor.modules" 974
"../../../Engine/Plugins/Animation/BlendSpaceMotionAnalysis/Binaries/Win64/UnrealEditor.modules" 975
"../../../Engine/Plugins/Animation/ControlRigSpline/Binaries/Win64/UnrealEditor.modules" 976
"../../../Engine/Plugins/Animation/EaseCurveTool/Binaries/Win64/UnrealEditor.modules" 977
"../../../Engine/Plugins/Animation/IKRig/Binaries/Win64/UnrealEditor.modules" 978
"../../../Engine/Plugins/Experimental/FullBodyIK/Binaries/Win64/UnrealEditor.modules" 979
"../../../Engine/Plugins/Cameras/CameraShakePreviewer/Binaries/Win64/UnrealEditor.modules" 980
"../../../Engine/Plugins/Cameras/GameplayCameras/Binaries/Win64/UnrealEditor.modules" 981
"../../../Engine/Plugins/MovieScene/TemplateSequence/Binaries/Win64/UnrealEditor.modules" 982
"../../../Engine/Plugins/Cameras/EngineCameras/Binaries/Win64/UnrealEditor.modules" 983
"../../../Engine/Plugins/Compression/OodleNetwork/Binaries/Win64/UnrealEditor.modules" 984
"../../../Engine/Plugins/Developer/AnimationSharing/Binaries/Win64/UnrealEditor.modules" 985
"../../../Engine/Plugins/Runtime/SignificanceManager/Binaries/Win64/UnrealEditor.modules" 986
"../../../Engine/Plugins/Developer/CLionSourceCodeAccess/Binaries/Win64/UnrealEditor.modules" 987
"../../../Engine/Plugins/Developer/DumpGPUServices/Binaries/Win64/UnrealEditor.modules" 988
"../../../Engine/Plugins/Developer/GitSourceControl/Binaries/Win64/UnrealEditor.modules" 989
"../../../Engine/Plugins/Developer/GPUReshape/Binaries/Win64/UnrealEditor.modules" 990
"../../../Engine/Plugins/Developer/N10XSourceCodeAccess/Binaries/Win64/UnrealEditor.modules" 991
"../../../Engine/Plugins/Developer/PerforceSourceControl/Binaries/Win64/UnrealEditor.modules" 992
"../../../Engine/Plugins/Developer/PixWinPlugin/Binaries/Win64/UnrealEditor.modules" 993
"../../../Engine/Plugins/Developer/PlasticSourceControl/Binaries/Win64/UnrealEditor.modules" 994
"../../../Engine/Plugins/Developer/PluginUtils/Binaries/Win64/UnrealEditor.modules" 995
"../../../Engine/Plugins/Developer/ProjectLauncher/Binaries/Win64/UnrealEditor.modules" 996
"../../../Engine/Plugins/Developer/PropertyAccessNode/Binaries/Win64/UnrealEditor.modules" 997
"../../../Engine/Plugins/Developer/RenderDocPlugin/Binaries/Win64/UnrealEditor.modules" 998
"../../../Engine/Plugins/Developer/RiderSourceCodeAccess/Binaries/Win64/UnrealEditor.modules" 999
"../../../Engine/Plugins/Developer/SubversionSourceControl/Binaries/Win64/UnrealEditor.modules" 1000
"../../../Engine/Plugins/Developer/TextureFormatOodle/Binaries/Win64/UnrealEditor.modules" 1001
"../../../Engine/Plugins/Developer/UObjectPlugin/Binaries/Win64/UnrealEditor.modules" 1002
"../../../Engine/Plugins/Developer/VisualStudioCodeSourceCodeAccess/Binaries/Win64/UnrealEditor.modules" 1003
"../../../Engine/Plugins/Developer/VisualStudioSourceCodeAccess/Binaries/Win64/UnrealEditor.modules" 1004
"../../../Engine/Plugins/Experimental/AdvancedRenamer/Binaries/Win64/UnrealEditor.modules" 1005
"../../../Engine/Plugins/Experimental/AutomationUtils/Binaries/Win64/UnrealEditor.modules" 1006
"../../../Engine/Plugins/Experimental/BackChannel/Binaries/Win64/UnrealEditor.modules" 1007
"../../../Engine/Plugins/Experimental/ChaosEditor/Binaries/Win64/UnrealEditor.modules" 1008
"../../../Engine/Plugins/Experimental/GeometryCollectionPlugin/Binaries/Win64/UnrealEditor.modules" 1009
"../../../Engine/Plugins/Experimental/Fracture/Binaries/Win64/UnrealEditor.modules" 1010
"../../../Engine/Plugins/Experimental/ChaosSolverPlugin/Binaries/Win64/UnrealEditor.modules" 1011
"../../../Engine/Plugins/Experimental/GeometryDataflow/Binaries/Win64/UnrealEditor.modules" 1012
"../../../Engine/Plugins/Experimental/CharacterAI/Binaries/Win64/UnrealEditor.modules" 1013
"../../../Engine/Plugins/Experimental/ChaosNiagara/Binaries/Win64/UnrealEditor.modules" 1014
"../../../Engine/Plugins/Experimental/ChaosUserDataPT/Binaries/Win64/UnrealEditor.modules" 1015
"../../../Engine/Plugins/Experimental/EditorPerformance/Binaries/Win64/UnrealEditor.modules" 1016
"../../../Engine/Plugins/Experimental/EditorTelemetry/Binaries/Win64/UnrealEditor.modules" 1017
"../../../Engine/Plugins/Experimental/GlobalConfigurationData/Binaries/Win64/UnrealEditor.modules" 1018
"../../../Engine/Plugins/Experimental/LocalizableMessage/Binaries/Win64/UnrealEditor.modules" 1019
"../../../Engine/Plugins/Experimental/LevelSequenceNavigatorBridge/Binaries/Win64/UnrealEditor.modules" 1020
"../../../Engine/Plugins/Experimental/SequenceNavigator/Binaries/Win64/UnrealEditor.modules" 1021
"../../../Engine/Plugins/Experimental/NFORDenoise/Binaries/Win64/UnrealEditor.modules" 1022
"../../../Engine/Plugins/Experimental/PlatformCrypto/Binaries/Win64/UnrealEditor.modules" 1023
"../../../Engine/Plugins/Experimental/RuntimeTelemetry/Binaries/Win64/UnrealEditor.modules" 1024
"../../../Engine/Plugins/Experimental/SkeletalReduction/Binaries/Win64/UnrealEditor.modules" 1025
"../../../Engine/Plugins/Media/AndroidMedia/Binaries/Win64/UnrealEditor.modules" 1026
"../../../Engine/Plugins/Media/AvfMedia/Binaries/Win64/UnrealEditor.modules" 1027
"../../../Engine/Plugins/Media/ImgMedia/Binaries/Win64/UnrealEditor.modules" 1028
"../../../Engine/Plugins/Media/MediaPlayerEditor/Binaries/Win64/UnrealEditor.modules" 1029
"../../../Engine/Plugins/Media/MediaCompositing/Binaries/Win64/UnrealEditor.modules" 1030
"../../../Engine/Plugins/Media/MediaPlate/Binaries/Win64/UnrealEditor.modules" 1031
"../../../Engine/Plugins/Compositing/CompositeCore/Binaries/Win64/UnrealEditor.modules" 1032
"../../../Engine/Plugins/Media/WmfMedia/Binaries/Win64/UnrealEditor.modules" 1033
"../../../Engine/Plugins/NNE/NNEDenoiser/Binaries/Win64/UnrealEditor.modules" 1034
"../../../Engine/Plugins/NNE/NNERuntimeORT/Binaries/Win64/UnrealEditor.modules" 1035
"../../../Engine/Plugins/Portal/LauncherChunkInstaller/Binaries/Win64/UnrealEditor.modules" 1036
"../../../Engine/Plugins/Tests/InterchangeTests/Binaries/Win64/UnrealEditor.modules" 1037
"../../../Engine/Plugins/2D/Paper2D/Binaries/Win64/UnrealEditor.modules" 1038
"../../../Engine/Plugins/AI/AISupport/Binaries/Win64/UnrealEditor.modules" 1039
"../../../Engine/Plugins/AI/EnvironmentQueryEditor/Binaries/Win64/UnrealEditor.modules" 1040
"../../../Engine/Plugins/Editor/BlueprintHeaderView/Binaries/Win64/UnrealEditor.modules" 1041
"../../../Engine/Plugins/Editor/AssetManagerEditor/Binaries/Win64/UnrealEditor.modules" 1042
"../../../Engine/Plugins/Editor/ContentBrowser/ContentBrowserAssetDataSource/Binaries/Win64/UnrealEditor.modules" 1043
"../../../Engine/Plugins/Editor/ChangelistReview/Binaries/Win64/UnrealEditor.modules" 1044
"../../../Engine/Plugins/Editor/ColorGrading/Binaries/Win64/UnrealEditor.modules" 1045
"../../../Engine/Plugins/Editor/ObjectMixer/ObjectMixer/Binaries/Win64/UnrealEditor.modules" 1046
"../../../Engine/Plugins/Editor/CryptoKeys/Binaries/Win64/UnrealEditor.modules" 1047
"../../../Engine/Plugins/Editor/EditorDebugTools/Binaries/Win64/UnrealEditor.modules" 1048
"../../../Engine/Plugins/Editor/CurveEditorTools/Binaries/Win64/UnrealEditor.modules" 1049
"../../../Engine/Plugins/Editor/FacialAnimation/Binaries/Win64/UnrealEditor.modules" 1050
"../../../Engine/Plugins/Editor/GameplayTagsEditor/Binaries/Win64/UnrealEditor.modules" 1051
"../../../Engine/Plugins/Editor/GeometryMode/Binaries/Win64/UnrealEditor.modules" 1052
"../../../Engine/Plugins/Editor/MaterialAnalyzer/Binaries/Win64/UnrealEditor.modules" 1053
"../../../Engine/Plugins/Editor/MobileLauncherProfileWizard/Binaries/Win64/UnrealEditor.modules" 1054
"../../../Engine/Plugins/Editor/PluginBrowser/Binaries/Win64/UnrealEditor.modules" 1055
"../../../Engine/Plugins/Editor/SequencerAnimTools/Binaries/Win64/UnrealEditor.modules" 1056
"../../../Engine/Plugins/Editor/SpeedTreeImporter/Binaries/Win64/UnrealEditor.modules" 1057
"../../../Engine/Plugins/Editor/UMGWidgetPreview/Binaries/Win64/UnrealEditor.modules" 1058
"../../../Engine/Plugins/Editor/UVEditor/Binaries/Win64/UnrealEditor.modules" 1059
"../../../Engine/Plugins/Editor/WorldPartitionHLODUtilities/Binaries/Win64/UnrealEditor.modules" 1060
"../../../Engine/Plugins/Enterprise/DatasmithContent/Binaries/Win64/UnrealEditor.modules" 1061
"../../../Engine/Plugins/Enterprise/GLTFExporter/Binaries/Win64/UnrealEditor.modules" 1062
"../../../Engine/Plugins/FX/Cascade/Binaries/Win64/UnrealEditor.modules" 1063
"../../../Engine/Plugins/FX/NiagaraPreviewContent/Binaries/Win64/UnrealEditor.modules" 1064
"../../../Engine/Plugins/FX/NiagaraSimCaching/Binaries/Win64/UnrealEditor.modules" 1065
"../../../Engine/Plugins/Importers/AlembicImporter/Binaries/Win64/UnrealEditor.modules" 1066
"../../../Engine/Plugins/Messaging/TcpMessaging/Binaries/Win64/UnrealEditor.modules" 1067
"../../../Engine/Plugins/MovieScene/ActorSequence/Binaries/Win64/UnrealEditor.modules" 1068
"../../../Engine/Plugins/Messaging/UdpMessaging/Binaries/Win64/UnrealEditor.modules" 1069
"../../../Engine/Plugins/MovieScene/SequenceValidator/Binaries/Win64/UnrealEditor.modules" 1070
"../../../Engine/Plugins/Online/OnlineBase/Binaries/Win64/UnrealEditor.modules" 1071
"../../../Engine/Plugins/Online/OnlineSubsystem/Binaries/Win64/UnrealEditor.modules" 1072
"../../../Engine/Plugins/Online/OnlineSubsystemNull/Binaries/Win64/UnrealEditor.modules" 1073
"../../../Engine/Plugins/Online/OnlineSubsystemUtils/Binaries/Win64/UnrealEditor.modules" 1074
"../../../Engine/Plugins/Online/OnlineServices/Binaries/Win64/UnrealEditor.modules" 1075
"../../../Engine/Plugins/Runtime/ActorLayerUtilities/Binaries/Win64/UnrealEditor.modules" 1076
"../../../Engine/Plugins/Runtime/AndroidFileServer/Binaries/Win64/UnrealEditor.modules" 1077
"../../../Engine/Plugins/Runtime/AndroidDeviceProfileSelector/Binaries/Win64/UnrealEditor.modules" 1078
"../../../Engine/Plugins/Runtime/AndroidPermission/Binaries/Win64/UnrealEditor.modules" 1079
"../../../Engine/Plugins/Runtime/AppleImageUtils/Binaries/Win64/UnrealEditor.modules" 1080
"../../../Engine/Plugins/Runtime/ArchVisCharacter/Binaries/Win64/UnrealEditor.modules" 1081
"../../../Engine/Plugins/Runtime/AssetTags/Binaries/Win64/UnrealEditor.modules" 1082
"../../../Engine/Plugins/Runtime/CustomMeshComponent/Binaries/Win64/UnrealEditor.modules" 1083
"../../../Engine/Plugins/Runtime/CableComponent/Binaries/Win64/UnrealEditor.modules" 1084
"../../../Engine/Plugins/Runtime/ExampleDeviceProfileSelector/Binaries/Win64/UnrealEditor.modules" 1085
"../../../Engine/Plugins/Runtime/GooglePAD/Binaries/Win64/UnrealEditor.modules" 1086
"../../../Engine/Plugins/Runtime/InputDebugging/Binaries/Win64/UnrealEditor.modules" 1087
"../../../Engine/Plugins/Runtime/LocationServicesBPLibrary/Binaries/Win64/UnrealEditor.modules" 1088
"../../../Engine/Plugins/Runtime/MobilePatchingUtils/Binaries/Win64/UnrealEditor.modules" 1089
"../../../Engine/Plugins/Runtime/MsQuic/Binaries/Win64/UnrealEditor.modules" 1090
"../../../Engine/Plugins/Runtime/Metasound/Binaries/Win64/UnrealEditor.modules" 1091
"../../../Engine/Plugins/Runtime/WaveTable/Binaries/Win64/UnrealEditor.modules" 1092
"../../../Engine/Plugins/Runtime/ChunkDownloader/Binaries/Win64/UnrealEditor.modules" 1093
"../../../Engine/Plugins/Runtime/ResonanceAudio/Binaries/Win64/UnrealEditor.modules" 1094
"../../../Engine/Plugins/Runtime/SoundFields/Binaries/Win64/UnrealEditor.modules" 1095
"../../../Engine/Plugins/Runtime/WebMMoviePlayer/Binaries/Win64/UnrealEditor.modules" 1096
"../../../Engine/Plugins/Media/WebMMedia/Binaries/Win64/UnrealEditor.modules" 1097
"../../../Engine/Plugins/Runtime/Synthesis/Binaries/Win64/UnrealEditor.modules" 1098
"../../../Engine/Plugins/Runtime/WindowsDeviceProfileSelector/Binaries/Win64/UnrealEditor.modules" 1099
"../../../Engine/Plugins/Runtime/WindowsMoviePlayer/Binaries/Win64/UnrealEditor.modules" 1100
"../../../Engine/Plugins/Editor/ObjectMixer/LightMixer/Binaries/Win64/UnrealEditor.modules" 1101
"../../../Engine/Plugins/Editor/ContentBrowser/ContentBrowserClassDataSource/Binaries/Win64/UnrealEditor.modules" 1102
"../../../Engine/Plugins/Editor/Localization/PortableObjectFileDataSource/Binaries/Win64/UnrealEditor.modules" 1103
"../../../Engine/Plugins/Runtime/Windows/XInputDevice/Binaries/Win64/UnrealEditor.modules" 1104
"D:/UNREAL ENGINE/UE BACKUP/BIBOP/BIBOP_2-6_UE/BIBOP_2-6_UE/Plugins/VisualStudioTools/Binaries/Win64/UnrealEditor.modules" 1105
"../../../Engine/Config/BaseSourceControlSettings.ini" 1106
"../../../Engine/Content/Internationalization/icudt64l/coll/ucadata.icu" 1107
"../../../Engine/Content/Internationalization/icudt64l/coll/ru.res" 1108
"../../../Engine/Content/Internationalization/icudt64l/coll/root.res" 1109
"../../../Engine/Content/Certificates/ThirdParty/cacert.pem" 1110
"../../../Engine/Config/ConsoleVariables.ini" 1111
"../../../Engine/Binaries/Win64/Android/UnrealEditor.modules" 1112
"../../../Engine/Binaries/Win64/IOS/UnrealEditor.modules" 1113
"../../../Engine/Binaries/Win64/Linux/UnrealEditor.modules" 1114
"../../../Engine/Content/Localization/Editor/en/Editor.locres" 1115
"../../../Engine/Content/Localization/Keywords/en/Keywords.locres" 1116
"../../../Engine/Content/Localization/Category/en/Category.locres" 1117
"../../../Engine/Content/Localization/ToolTips/en/ToolTips.locres" 1118
"../../../Engine/Content/Localization/PropertyNames/en/PropertyNames.locres" 1119
"../../../Engine/Content/Localization/Engine/en/Engine.locres" 1120
"../../../Engine/Plugins/MetaHuman/MetaHumanSDK/Content/Localization/MetaHumanSDK/en/MetaHumanSDK.locres" 1121
"../../../Engine/Plugins/MetaHuman/MetaHumanSDK/Content/Localization/MetaHumanSDK_Properties/en/MetaHumanSDK_Properties.locres" 1122
"../../../Engine/Plugins/MetaHuman/MetaHumanSDK/Content/Localization/MetaHumanSDK_Tooltips/en/MetaHumanSDK_Tooltips.locres" 1123
"../../../Engine/Plugins/Online/OnlineSubsystem/Content/Localization/OnlineSubsystem/en/OnlineSubsystem.locres" 1124
"../../../Engine/Plugins/Online/OnlineSubsystemUtils/Content/Localization/OnlineSubsystemUtils/en/OnlineSubsystemUtils.locres" 1125
"../../../Engine/Plugins/Online/Android/OnlineSubsystemGooglePlay/Content/Localization/OnlineSubsystemGooglePlay/en/OnlineSubsystemGooglePlay.locres" 1126
"../../../Engine/Plugins/Online/IOS/OnlineSubsystemIOS/Content/Localization/OnlineSubsystemIOS/en/OnlineSubsystemIOS.locres" 1127
"../../../Engine/Content/Internationalization/icudt64l/en_US_POSIX.res" 1128
"../../../Engine/Content/Internationalization/icudt64l/en_US.res" 1129
"../../../Engine/Content/Internationalization/icudt64l/en.res" 1130
"../../../Engine/Content/Internationalization/icudt64l/numberingSystems.res" 1131
"../../../Engine/Content/Internationalization/icudt64l/curr/supplementalData.res" 1132
"../../../Engine/Content/Internationalization/icudt64l/curr/en.res" 1133
"../../../Engine/Content/Internationalization/icudt64l/curr/pool.res" 1134
"../../../Engine/Content/Internationalization/icudt64l/curr/root.res" 1135
"../../../Engine/Content/Internationalization/icudt64l/lang/af.res" 1136
"../../../Engine/Content/Internationalization/icudt64l/region/af.res" 1137
"../../../Engine/Content/Internationalization/icudt64l/lang/agq.res" 1138
"../../../Engine/Content/Internationalization/icudt64l/region/agq.res" 1139
"../../../Engine/Content/Internationalization/icudt64l/lang/ak.res" 1140
"../../../Engine/Content/Internationalization/icudt64l/region/ak.res" 1141
"../../../Engine/Content/Internationalization/icudt64l/lang/am.res" 1142
"../../../Engine/Content/Internationalization/icudt64l/region/am.res" 1143
"../../../Engine/Content/Internationalization/icudt64l/lang/ar.res" 1144
"../../../Engine/Content/Internationalization/icudt64l/region/ar.res" 1145
"../../../Engine/Content/Internationalization/icudt64l/region/ar_AE.res" 1146
"../../../Engine/Content/Internationalization/icudt64l/lang/ar_EG.res" 1147
"../../../Engine/Content/Internationalization/icudt64l/lang/ar_LY.res" 1148
"../../../Engine/Content/Internationalization/icudt64l/region/ar_LY.res" 1149
"../../../Engine/Content/Internationalization/icudt64l/lang/ar_SA.res" 1150
"../../../Engine/Content/Internationalization/icudt64l/region/ar_SA.res" 1151
"../../../Engine/Content/Internationalization/icudt64l/lang/as.res" 1152
"../../../Engine/Content/Internationalization/icudt64l/region/as.res" 1153
"../../../Engine/Content/Internationalization/icudt64l/lang/asa.res" 1154
"../../../Engine/Content/Internationalization/icudt64l/region/asa.res" 1155
"../../../Engine/Content/Internationalization/icudt64l/lang/ast.res" 1156
"../../../Engine/Content/Internationalization/icudt64l/region/ast.res" 1157
"../../../Engine/Content/Internationalization/icudt64l/lang/az.res" 1158
"../../../Engine/Content/Internationalization/icudt64l/lang/az_Cyrl.res" 1159
"../../../Engine/Content/Internationalization/icudt64l/lang/az_AZ.res" 1160
"../../../Engine/Content/Internationalization/icudt64l/lang/az_Latn_AZ.res" 1161
"../../../Engine/Content/Internationalization/icudt64l/lang/az_Latn.res" 1162
"../../../Engine/Content/Internationalization/icudt64l/region/az_AZ.res" 1163
"../../../Engine/Content/Internationalization/icudt64l/region/az_Latn_AZ.res" 1164
"../../../Engine/Content/Internationalization/icudt64l/region/az_Latn.res" 1165
"../../../Engine/Content/Internationalization/icudt64l/region/az.res" 1166
"../../../Engine/Content/Internationalization/icudt64l/region/az_Cyrl.res" 1167
"../../../Engine/Content/Internationalization/icudt64l/lang/bas.res" 1168
"../../../Engine/Content/Internationalization/icudt64l/region/bas.res" 1169
"../../../Engine/Content/Internationalization/icudt64l/lang/be.res" 1170
"../../../Engine/Content/Internationalization/icudt64l/region/be.res" 1171
"../../../Engine/Content/Internationalization/icudt64l/lang/bem.res" 1172
"../../../Engine/Content/Internationalization/icudt64l/region/bem.res" 1173
"../../../Engine/Content/Internationalization/icudt64l/lang/bez.res" 1174
"../../../Engine/Content/Internationalization/icudt64l/region/bez.res" 1175
"../../../Engine/Content/Internationalization/icudt64l/lang/bg.res" 1176
"../../../Engine/Content/Internationalization/icudt64l/region/bg.res" 1177
"../../../Engine/Content/Internationalization/icudt64l/lang/bm.res" 1178
"../../../Engine/Content/Internationalization/icudt64l/region/bm.res" 1179
"../../../Engine/Content/Internationalization/icudt64l/lang/bn.res" 1180
"../../../Engine/Content/Internationalization/icudt64l/region/bn.res" 1181
"../../../Engine/Content/Internationalization/icudt64l/lang/bn_IN.res" 1182
"../../../Engine/Content/Internationalization/icudt64l/region/bn_IN.res" 1183
"../../../Engine/Content/Internationalization/icudt64l/lang/bo.res" 1184
"../../../Engine/Content/Internationalization/icudt64l/region/bo.res" 1185
"../../../Engine/Content/Internationalization/icudt64l/region/bo_IN.res" 1186
"../../../Engine/Content/Internationalization/icudt64l/lang/br.res" 1187
"../../../Engine/Content/Internationalization/icudt64l/region/br.res" 1188
"../../../Engine/Content/Internationalization/icudt64l/lang/brx.res" 1189
"../../../Engine/Content/Internationalization/icudt64l/region/brx.res" 1190
"../../../Engine/Content/Internationalization/icudt64l/lang/bs.res" 1191
"../../../Engine/Content/Internationalization/icudt64l/lang/bs_Cyrl.res" 1192
"../../../Engine/Content/Internationalization/icudt64l/lang/bs_BA.res" 1193
"../../../Engine/Content/Internationalization/icudt64l/lang/bs_Latn_BA.res" 1194
"../../../Engine/Content/Internationalization/icudt64l/lang/bs_Latn.res" 1195
"../../../Engine/Content/Internationalization/icudt64l/region/bs_BA.res" 1196
"../../../Engine/Content/Internationalization/icudt64l/region/bs_Latn_BA.res" 1197
"../../../Engine/Content/Internationalization/icudt64l/region/bs_Latn.res" 1198
"../../../Engine/Content/Internationalization/icudt64l/region/bs.res" 1199
"../../../Engine/Content/Internationalization/icudt64l/region/bs_Cyrl.res" 1200
"../../../Engine/Content/Internationalization/icudt64l/lang/ca.res" 1201
"../../../Engine/Content/Internationalization/icudt64l/region/ca.res" 1202
"../../../Engine/Content/Internationalization/icudt64l/lang/ccp.res" 1203
"../../../Engine/Content/Internationalization/icudt64l/region/ccp.res" 1204
"../../../Engine/Content/Internationalization/icudt64l/lang/ce.res" 1205
"../../../Engine/Content/Internationalization/icudt64l/region/ce.res" 1206
"../../../Engine/Content/Internationalization/icudt64l/lang/ceb.res" 1207
"../../../Engine/Content/Internationalization/icudt64l/region/ceb.res" 1208
"../../../Engine/Content/Internationalization/icudt64l/lang/cgg.res" 1209
"../../../Engine/Content/Internationalization/icudt64l/region/cgg.res" 1210
"../../../Engine/Content/Internationalization/icudt64l/lang/chr.res" 1211
"../../../Engine/Content/Internationalization/icudt64l/region/chr.res" 1212
"../../../Engine/Content/Internationalization/icudt64l/lang/ckb.res" 1213
"../../../Engine/Content/Internationalization/icudt64l/region/ckb.res" 1214
"../../../Engine/Content/Internationalization/icudt64l/lang/cs.res" 1215
"../../../Engine/Content/Internationalization/icudt64l/region/cs.res" 1216
"../../../Engine/Content/Internationalization/icudt64l/lang/cy.res" 1217
"../../../Engine/Content/Internationalization/icudt64l/region/cy.res" 1218
"../../../Engine/Content/Internationalization/icudt64l/lang/da.res" 1219
"../../../Engine/Content/Internationalization/icudt64l/region/da.res" 1220
"../../../Engine/Content/Internationalization/icudt64l/lang/dav.res" 1221
"../../../Engine/Content/Internationalization/icudt64l/region/dav.res" 1222
"../../../Engine/Content/Internationalization/icudt64l/lang/de.res" 1223
"../../../Engine/Content/Internationalization/icudt64l/lang/de_AT.res" 1224
"../../../Engine/Content/Internationalization/icudt64l/region/de_AT.res" 1225
"../../../Engine/Content/Internationalization/icudt64l/region/de.res" 1226
"../../../Engine/Content/Internationalization/icudt64l/lang/de_CH.res" 1227
"../../../Engine/Content/Internationalization/icudt64l/region/de_CH.res" 1228
"../../../Engine/Content/Internationalization/icudt64l/lang/de_LU.res" 1229
"../../../Engine/Content/Internationalization/icudt64l/lang/dje.res" 1230
"../../../Engine/Content/Internationalization/icudt64l/region/dje.res" 1231
"../../../Engine/Content/Internationalization/icudt64l/lang/dsb.res" 1232
"../../../Engine/Content/Internationalization/icudt64l/region/dsb.res" 1233
"../../../Engine/Content/Internationalization/icudt64l/lang/dua.res" 1234
"../../../Engine/Content/Internationalization/icudt64l/region/dua.res" 1235
"../../../Engine/Content/Internationalization/icudt64l/lang/dyo.res" 1236
"../../../Engine/Content/Internationalization/icudt64l/region/dyo.res" 1237
"../../../Engine/Content/Internationalization/icudt64l/lang/dz.res" 1238
"../../../Engine/Content/Internationalization/icudt64l/region/dz.res" 1239
"../../../Engine/Content/Internationalization/icudt64l/lang/ebu.res" 1240
"../../../Engine/Content/Internationalization/icudt64l/region/ebu.res" 1241
"../../../Engine/Content/Internationalization/icudt64l/lang/ee.res" 1242
"../../../Engine/Content/Internationalization/icudt64l/region/ee.res" 1243
"../../../Engine/Content/Internationalization/icudt64l/lang/el.res" 1244
"../../../Engine/Content/Internationalization/icudt64l/region/el.res" 1245
"../../../Engine/Content/Internationalization/icudt64l/lang/en_001.res" 1246
"../../../Engine/Content/Internationalization/icudt64l/lang/en_150.res" 1247
"../../../Engine/Content/Internationalization/icudt64l/region/en_150.res" 1248
"../../../Engine/Content/Internationalization/icudt64l/lang/en_AG.res" 1249
"../../../Engine/Content/Internationalization/icudt64l/region/en_AG.res" 1250
"../../../Engine/Content/Internationalization/icudt64l/lang/en_AI.res" 1251
"../../../Engine/Content/Internationalization/icudt64l/region/en_AI.res" 1252
"../../../Engine/Content/Internationalization/icudt64l/lang/en_AT.res" 1253
"../../../Engine/Content/Internationalization/icudt64l/region/en_AT.res" 1254
"../../../Engine/Content/Internationalization/icudt64l/lang/en_AU.res" 1255
"../../../Engine/Content/Internationalization/icudt64l/region/en_AU.res" 1256
"../../../Engine/Content/Internationalization/icudt64l/lang/en_BB.res" 1257
"../../../Engine/Content/Internationalization/icudt64l/region/en_BB.res" 1258
"../../../Engine/Content/Internationalization/icudt64l/lang/en_BE.res" 1259
"../../../Engine/Content/Internationalization/icudt64l/region/en_BE.res" 1260
"../../../Engine/Content/Internationalization/icudt64l/lang/en_BM.res" 1261
"../../../Engine/Content/Internationalization/icudt64l/region/en_BM.res" 1262
"../../../Engine/Content/Internationalization/icudt64l/lang/en_BS.res" 1263
"../../../Engine/Content/Internationalization/icudt64l/region/en_BS.res" 1264
"../../../Engine/Content/Internationalization/icudt64l/lang/en_BW.res" 1265
"../../../Engine/Content/Internationalization/icudt64l/region/en_BW.res" 1266
"../../../Engine/Content/Internationalization/icudt64l/lang/en_BZ.res" 1267
"../../../Engine/Content/Internationalization/icudt64l/region/en_BZ.res" 1268
"../../../Engine/Content/Internationalization/icudt64l/lang/en_CA.res" 1269
"../../../Engine/Content/Internationalization/icudt64l/region/en_CA.res" 1270
"../../../Engine/Content/Internationalization/icudt64l/lang/en_CC.res" 1271
"../../../Engine/Content/Internationalization/icudt64l/region/en_CC.res" 1272
"../../../Engine/Content/Internationalization/icudt64l/lang/en_CH.res" 1273
"../../../Engine/Content/Internationalization/icudt64l/region/en_CH.res" 1274
"../../../Engine/Content/Internationalization/icudt64l/lang/en_CK.res" 1275
"../../../Engine/Content/Internationalization/icudt64l/region/en_CK.res" 1276
"../../../Engine/Content/Internationalization/icudt64l/lang/en_CM.res" 1277
"../../../Engine/Content/Internationalization/icudt64l/region/en_CM.res" 1278
"../../../Engine/Content/Internationalization/icudt64l/lang/en_CX.res" 1279
"../../../Engine/Content/Internationalization/icudt64l/region/en_CX.res" 1280
"../../../Engine/Content/Internationalization/icudt64l/lang/en_CY.res" 1281
"../../../Engine/Content/Internationalization/icudt64l/region/en_CY.res" 1282
"../../../Engine/Content/Internationalization/icudt64l/lang/en_DE.res" 1283
"../../../Engine/Content/Internationalization/icudt64l/region/en_DE.res" 1284
"../../../Engine/Content/Internationalization/icudt64l/lang/en_DG.res" 1285
"../../../Engine/Content/Internationalization/icudt64l/region/en_DG.res" 1286
"../../../Engine/Content/Internationalization/icudt64l/lang/en_DK.res" 1287
"../../../Engine/Content/Internationalization/icudt64l/region/en_DK.res" 1288
"../../../Engine/Content/Internationalization/icudt64l/lang/en_DM.res" 1289
"../../../Engine/Content/Internationalization/icudt64l/region/en_DM.res" 1290
"../../../Engine/Content/Internationalization/icudt64l/lang/en_ER.res" 1291
"../../../Engine/Content/Internationalization/icudt64l/region/en_ER.res" 1292
"../../../Engine/Content/Internationalization/icudt64l/lang/en_FI.res" 1293
"../../../Engine/Content/Internationalization/icudt64l/region/en_FI.res" 1294
"../../../Engine/Content/Internationalization/icudt64l/lang/en_FJ.res" 1295
"../../../Engine/Content/Internationalization/icudt64l/region/en_FJ.res" 1296
"../../../Engine/Content/Internationalization/icudt64l/lang/en_FK.res" 1297
"../../../Engine/Content/Internationalization/icudt64l/region/en_FK.res" 1298
"../../../Engine/Content/Internationalization/icudt64l/lang/en_FM.res" 1299
"../../../Engine/Content/Internationalization/icudt64l/region/en_FM.res" 1300
"../../../Engine/Content/Internationalization/icudt64l/lang/en_GB.res" 1301
"../../../Engine/Content/Internationalization/icudt64l/region/en_GB.res" 1302
"../../../Engine/Content/Internationalization/icudt64l/lang/en_GD.res" 1303
"../../../Engine/Content/Internationalization/icudt64l/region/en_GD.res" 1304
"../../../Engine/Content/Internationalization/icudt64l/lang/en_GG.res" 1305
"../../../Engine/Content/Internationalization/icudt64l/region/en_GG.res" 1306
"../../../Engine/Content/Internationalization/icudt64l/lang/en_GH.res" 1307
"../../../Engine/Content/Internationalization/icudt64l/region/en_GH.res" 1308
"../../../Engine/Content/Internationalization/icudt64l/lang/en_GI.res" 1309
"../../../Engine/Content/Internationalization/icudt64l/region/en_GI.res" 1310
"../../../Engine/Content/Internationalization/icudt64l/lang/en_GM.res" 1311
"../../../Engine/Content/Internationalization/icudt64l/region/en_GM.res" 1312
"../../../Engine/Content/Internationalization/icudt64l/lang/en_GY.res" 1313
"../../../Engine/Content/Internationalization/icudt64l/region/en_GY.res" 1314
"../../../Engine/Content/Internationalization/icudt64l/lang/en_HK.res" 1315
"../../../Engine/Content/Internationalization/icudt64l/region/en_HK.res" 1316
"../../../Engine/Content/Internationalization/icudt64l/lang/en_IE.res" 1317
"../../../Engine/Content/Internationalization/icudt64l/region/en_IE.res" 1318
"../../../Engine/Content/Internationalization/icudt64l/lang/en_IL.res" 1319
"../../../Engine/Content/Internationalization/icudt64l/region/en_IL.res" 1320
"../../../Engine/Content/Internationalization/icudt64l/lang/en_IM.res" 1321
"../../../Engine/Content/Internationalization/icudt64l/region/en_IM.res" 1322
"../../../Engine/Content/Internationalization/icudt64l/lang/en_IN.res" 1323
"../../../Engine/Content/Internationalization/icudt64l/region/en_IN.res" 1324
"../../../Engine/Content/Internationalization/icudt64l/lang/en_IO.res" 1325
"../../../Engine/Content/Internationalization/icudt64l/region/en_IO.res" 1326
"../../../Engine/Content/Internationalization/icudt64l/lang/en_JE.res" 1327
"../../../Engine/Content/Internationalization/icudt64l/region/en_JE.res" 1328
"../../../Engine/Content/Internationalization/icudt64l/lang/en_JM.res" 1329
"../../../Engine/Content/Internationalization/icudt64l/region/en_JM.res" 1330
"../../../Engine/Content/Internationalization/icudt64l/lang/en_KE.res" 1331
"../../../Engine/Content/Internationalization/icudt64l/region/en_KE.res" 1332
"../../../Engine/Content/Internationalization/icudt64l/lang/en_KI.res" 1333
"../../../Engine/Content/Internationalization/icudt64l/region/en_KI.res" 1334
"../../../Engine/Content/Internationalization/icudt64l/lang/en_KN.res" 1335
"../../../Engine/Content/Internationalization/icudt64l/region/en_KN.res" 1336
"../../../Engine/Content/Internationalization/icudt64l/lang/en_KY.res" 1337
"../../../Engine/Content/Internationalization/icudt64l/region/en_KY.res" 1338
"../../../Engine/Content/Internationalization/icudt64l/lang/en_LC.res" 1339
"../../../Engine/Content/Internationalization/icudt64l/region/en_LC.res" 1340
"../../../Engine/Content/Internationalization/icudt64l/lang/en_LR.res" 1341
"../../../Engine/Content/Internationalization/icudt64l/region/en_LR.res" 1342
"../../../Engine/Content/Internationalization/icudt64l/lang/en_LS.res" 1343
"../../../Engine/Content/Internationalization/icudt64l/region/en_LS.res" 1344
"../../../Engine/Content/Internationalization/icudt64l/lang/en_MG.res" 1345
"../../../Engine/Content/Internationalization/icudt64l/region/en_MG.res" 1346
"../../../Engine/Content/Internationalization/icudt64l/lang/en_MO.res" 1347
"../../../Engine/Content/Internationalization/icudt64l/region/en_MO.res" 1348
"../../../Engine/Content/Internationalization/icudt64l/lang/en_MS.res" 1349
"../../../Engine/Content/Internationalization/icudt64l/region/en_MS.res" 1350
"../../../Engine/Content/Internationalization/icudt64l/lang/en_MT.res" 1351
"../../../Engine/Content/Internationalization/icudt64l/region/en_MT.res" 1352
"../../../Engine/Content/Internationalization/icudt64l/lang/en_MU.res" 1353
"../../../Engine/Content/Internationalization/icudt64l/region/en_MU.res" 1354
"../../../Engine/Content/Internationalization/icudt64l/lang/en_MW.res" 1355
"../../../Engine/Content/Internationalization/icudt64l/region/en_MW.res" 1356
"../../../Engine/Content/Internationalization/icudt64l/lang/en_MY.res" 1357
"../../../Engine/Content/Internationalization/icudt64l/region/en_MY.res" 1358
"../../../Engine/Content/Internationalization/icudt64l/lang/en_NA.res" 1359
"../../../Engine/Content/Internationalization/icudt64l/region/en_NA.res" 1360
"../../../Engine/Content/Internationalization/icudt64l/lang/en_NF.res" 1361
"../../../Engine/Content/Internationalization/icudt64l/region/en_NF.res" 1362
"../../../Engine/Content/Internationalization/icudt64l/lang/en_NG.res" 1363
"../../../Engine/Content/Internationalization/icudt64l/region/en_NG.res" 1364
"../../../Engine/Content/Internationalization/icudt64l/lang/en_NL.res" 1365
"../../../Engine/Content/Internationalization/icudt64l/region/en_NL.res" 1366
"../../../Engine/Content/Internationalization/icudt64l/lang/en_NR.res" 1367
"../../../Engine/Content/Internationalization/icudt64l/region/en_NR.res" 1368
"../../../Engine/Content/Internationalization/icudt64l/lang/en_NU.res" 1369
"../../../Engine/Content/Internationalization/icudt64l/region/en_NU.res" 1370
"../../../Engine/Content/Internationalization/icudt64l/lang/en_NZ.res" 1371
"../../../Engine/Content/Internationalization/icudt64l/region/en_NZ.res" 1372
"../../../Engine/Content/Internationalization/icudt64l/lang/en_PG.res" 1373
"../../../Engine/Content/Internationalization/icudt64l/region/en_PG.res" 1374
"../../../Engine/Content/Internationalization/icudt64l/lang/en_PH.res" 1375
"../../../Engine/Content/Internationalization/icudt64l/region/en_PH.res" 1376
"../../../Engine/Content/Internationalization/icudt64l/lang/en_PK.res" 1377
"../../../Engine/Content/Internationalization/icudt64l/region/en_PK.res" 1378
"../../../Engine/Content/Internationalization/icudt64l/lang/en_PN.res" 1379
"../../../Engine/Content/Internationalization/icudt64l/region/en_PN.res" 1380
"../../../Engine/Content/Internationalization/icudt64l/lang/en_PW.res" 1381
"../../../Engine/Content/Internationalization/icudt64l/region/en_PW.res" 1382
"../../../Engine/Content/Internationalization/icudt64l/lang/en_RW.res" 1383
"../../../Engine/Content/Internationalization/icudt64l/region/en_RW.res" 1384
"../../../Engine/Content/Internationalization/icudt64l/lang/en_SB.res" 1385
"../../../Engine/Content/Internationalization/icudt64l/region/en_SB.res" 1386
"../../../Engine/Content/Internationalization/icudt64l/lang/en_SC.res" 1387
"../../../Engine/Content/Internationalization/icudt64l/region/en_SC.res" 1388
"../../../Engine/Content/Internationalization/icudt64l/lang/en_SD.res" 1389
"../../../Engine/Content/Internationalization/icudt64l/region/en_SD.res" 1390
"../../../Engine/Content/Internationalization/icudt64l/lang/en_SE.res" 1391
"../../../Engine/Content/Internationalization/icudt64l/region/en_SE.res" 1392
"../../../Engine/Content/Internationalization/icudt64l/lang/en_SG.res" 1393
"../../../Engine/Content/Internationalization/icudt64l/region/en_SG.res" 1394
"../../../Engine/Content/Internationalization/icudt64l/lang/en_SH.res" 1395
"../../../Engine/Content/Internationalization/icudt64l/region/en_SH.res" 1396
"../../../Engine/Content/Internationalization/icudt64l/lang/en_SI.res" 1397
"../../../Engine/Content/Internationalization/icudt64l/region/en_SI.res" 1398
"../../../Engine/Content/Internationalization/icudt64l/lang/en_SL.res" 1399
"../../../Engine/Content/Internationalization/icudt64l/region/en_SL.res" 1400
"../../../Engine/Content/Internationalization/icudt64l/lang/en_SS.res" 1401
"../../../Engine/Content/Internationalization/icudt64l/region/en_SS.res" 1402
"../../../Engine/Content/Internationalization/icudt64l/lang/en_SX.res" 1403
"../../../Engine/Content/Internationalization/icudt64l/region/en_SX.res" 1404
"../../../Engine/Content/Internationalization/icudt64l/lang/en_SZ.res" 1405
"../../../Engine/Content/Internationalization/icudt64l/region/en_SZ.res" 1406
"../../../Engine/Content/Internationalization/icudt64l/lang/en_TC.res" 1407
"../../../Engine/Content/Internationalization/icudt64l/region/en_TC.res" 1408
"../../../Engine/Content/Internationalization/icudt64l/lang/en_TK.res" 1409
"../../../Engine/Content/Internationalization/icudt64l/region/en_TK.res" 1410
"../../../Engine/Content/Internationalization/icudt64l/lang/en_TO.res" 1411
"../../../Engine/Content/Internationalization/icudt64l/region/en_TO.res" 1412
"../../../Engine/Content/Internationalization/icudt64l/lang/en_TT.res" 1413
"../../../Engine/Content/Internationalization/icudt64l/region/en_TT.res" 1414
"../../../Engine/Content/Internationalization/icudt64l/lang/en_TV.res" 1415
"../../../Engine/Content/Internationalization/icudt64l/region/en_TV.res" 1416
"../../../Engine/Content/Internationalization/icudt64l/lang/en_TZ.res" 1417
"../../../Engine/Content/Internationalization/icudt64l/region/en_TZ.res" 1418
"../../../Engine/Content/Internationalization/icudt64l/lang/en_UG.res" 1419
"../../../Engine/Content/Internationalization/icudt64l/region/en_UG.res" 1420
"../../../Engine/Content/Internationalization/icudt64l/lang/en_VC.res" 1421
"../../../Engine/Content/Internationalization/icudt64l/region/en_VC.res" 1422
"../../../Engine/Content/Internationalization/icudt64l/lang/en_VG.res" 1423
"../../../Engine/Content/Internationalization/icudt64l/region/en_VG.res" 1424
"../../../Engine/Content/Internationalization/icudt64l/lang/en_VU.res" 1425
"../../../Engine/Content/Internationalization/icudt64l/region/en_VU.res" 1426
"../../../Engine/Content/Internationalization/icudt64l/lang/en_WS.res" 1427
"../../../Engine/Content/Internationalization/icudt64l/region/en_WS.res" 1428
"../../../Engine/Content/Internationalization/icudt64l/lang/en_ZA.res" 1429
"../../../Engine/Content/Internationalization/icudt64l/region/en_ZA.res" 1430
"../../../Engine/Content/Internationalization/icudt64l/lang/en_ZM.res" 1431
"../../../Engine/Content/Internationalization/icudt64l/region/en_ZM.res" 1432
"../../../Engine/Content/Internationalization/icudt64l/lang/en_ZW.res" 1433
"../../../Engine/Content/Internationalization/icudt64l/region/en_ZW.res" 1434
"../../../Engine/Content/Internationalization/icudt64l/lang/eo.res" 1435
"../../../Engine/Content/Internationalization/icudt64l/region/eo.res" 1436
"../../../Engine/Content/Internationalization/icudt64l/lang/es.res" 1437
"../../../Engine/Content/Internationalization/icudt64l/lang/es_419.res" 1438
"../../../Engine/Content/Internationalization/icudt64l/region/es_419.res" 1439
"../../../Engine/Content/Internationalization/icudt64l/region/es.res" 1440
"../../../Engine/Content/Internationalization/icudt64l/lang/es_AR.res" 1441
"../../../Engine/Content/Internationalization/icudt64l/region/es_AR.res" 1442
"../../../Engine/Content/Internationalization/icudt64l/lang/es_BO.res" 1443
"../../../Engine/Content/Internationalization/icudt64l/region/es_BO.res" 1444
"../../../Engine/Content/Internationalization/icudt64l/lang/es_BR.res" 1445
"../../../Engine/Content/Internationalization/icudt64l/region/es_BR.res" 1446
"../../../Engine/Content/Internationalization/icudt64l/lang/es_BZ.res" 1447
"../../../Engine/Content/Internationalization/icudt64l/region/es_BZ.res" 1448
"../../../Engine/Content/Internationalization/icudt64l/lang/es_CL.res" 1449
"../../../Engine/Content/Internationalization/icudt64l/region/es_CL.res" 1450
"../../../Engine/Content/Internationalization/icudt64l/lang/es_CO.res" 1451
"../../../Engine/Content/Internationalization/icudt64l/region/es_CO.res" 1452
"../../../Engine/Content/Internationalization/icudt64l/lang/es_CR.res" 1453
"../../../Engine/Content/Internationalization/icudt64l/region/es_CR.res" 1454
"../../../Engine/Content/Internationalization/icudt64l/lang/es_CU.res" 1455
"../../../Engine/Content/Internationalization/icudt64l/region/es_CU.res" 1456
"../../../Engine/Content/Internationalization/icudt64l/lang/es_DO.res" 1457
"../../../Engine/Content/Internationalization/icudt64l/region/es_DO.res" 1458
"../../../Engine/Content/Internationalization/icudt64l/lang/es_EC.res" 1459
"../../../Engine/Content/Internationalization/icudt64l/region/es_EC.res" 1460
"../../../Engine/Content/Internationalization/icudt64l/lang/es_GT.res" 1461
"../../../Engine/Content/Internationalization/icudt64l/region/es_GT.res" 1462
"../../../Engine/Content/Internationalization/icudt64l/lang/es_HN.res" 1463
"../../../Engine/Content/Internationalization/icudt64l/region/es_HN.res" 1464
"../../../Engine/Content/Internationalization/icudt64l/lang/es_MX.res" 1465
"../../../Engine/Content/Internationalization/icudt64l/region/es_MX.res" 1466
"../../../Engine/Content/Internationalization/icudt64l/lang/es_NI.res" 1467
"../../../Engine/Content/Internationalization/icudt64l/region/es_NI.res" 1468
"../../../Engine/Content/Internationalization/icudt64l/lang/es_PA.res" 1469
"../../../Engine/Content/Internationalization/icudt64l/region/es_PA.res" 1470
"../../../Engine/Content/Internationalization/icudt64l/lang/es_PE.res" 1471
"../../../Engine/Content/Internationalization/icudt64l/region/es_PE.res" 1472
"../../../Engine/Content/Internationalization/icudt64l/lang/es_PR.res" 1473
"../../../Engine/Content/Internationalization/icudt64l/region/es_PR.res" 1474
"../../../Engine/Content/Internationalization/icudt64l/lang/es_PY.res" 1475
"../../../Engine/Content/Internationalization/icudt64l/region/es_PY.res" 1476
"../../../Engine/Content/Internationalization/icudt64l/lang/es_SV.res" 1477
"../../../Engine/Content/Internationalization/icudt64l/region/es_SV.res" 1478
"../../../Engine/Content/Internationalization/icudt64l/lang/es_US.res" 1479
"../../../Engine/Content/Internationalization/icudt64l/region/es_US.res" 1480
"../../../Engine/Content/Internationalization/icudt64l/lang/es_UY.res" 1481
"../../../Engine/Content/Internationalization/icudt64l/region/es_UY.res" 1482
"../../../Engine/Content/Internationalization/icudt64l/lang/es_VE.res" 1483
"../../../Engine/Content/Internationalization/icudt64l/region/es_VE.res" 1484
"../../../Engine/Content/Internationalization/icudt64l/lang/et.res" 1485
"../../../Engine/Content/Internationalization/icudt64l/region/et.res" 1486
"../../../Engine/Content/Internationalization/icudt64l/lang/eu.res" 1487
"../../../Engine/Content/Internationalization/icudt64l/region/eu.res" 1488
"../../../Engine/Content/Internationalization/icudt64l/lang/ewo.res" 1489
"../../../Engine/Content/Internationalization/icudt64l/region/ewo.res" 1490
"../../../Engine/Content/Internationalization/icudt64l/lang/fa.res" 1491
"../../../Engine/Content/Internationalization/icudt64l/lang/fa_AF.res" 1492
"../../../Engine/Content/Internationalization/icudt64l/region/fa_AF.res" 1493
"../../../Engine/Content/Internationalization/icudt64l/region/fa.res" 1494
"../../../Engine/Content/Internationalization/icudt64l/lang/ff.res" 1495
"../../../Engine/Content/Internationalization/icudt64l/lang/ff_Latn.res" 1496
"../../../Engine/Content/Internationalization/icudt64l/region/ff.res" 1497
"../../../Engine/Content/Internationalization/icudt64l/region/ff_Latn.res" 1498
"../../../Engine/Content/Internationalization/icudt64l/lang/ff_CM.res" 1499
"../../../Engine/Content/Internationalization/icudt64l/lang/ff_Latn_CM.res" 1500
"../../../Engine/Content/Internationalization/icudt64l/region/ff_CM.res" 1501
"../../../Engine/Content/Internationalization/icudt64l/region/ff_Latn_CM.res" 1502
"../../../Engine/Content/Internationalization/icudt64l/lang/ff_GN.res" 1503
"../../../Engine/Content/Internationalization/icudt64l/lang/ff_Latn_GN.res" 1504
"../../../Engine/Content/Internationalization/icudt64l/region/ff_GN.res" 1505
"../../../Engine/Content/Internationalization/icudt64l/region/ff_Latn_GN.res" 1506
"../../../Engine/Content/Internationalization/icudt64l/lang/ff_MR.res" 1507
"../../../Engine/Content/Internationalization/icudt64l/lang/ff_Latn_MR.res" 1508
"../../../Engine/Content/Internationalization/icudt64l/region/ff_MR.res" 1509
"../../../Engine/Content/Internationalization/icudt64l/region/ff_Latn_MR.res" 1510
"../../../Engine/Content/Internationalization/icudt64l/lang/ff_SN.res" 1511
"../../../Engine/Content/Internationalization/icudt64l/lang/ff_Latn_SN.res" 1512
"../../../Engine/Content/Internationalization/icudt64l/region/ff_SN.res" 1513
"../../../Engine/Content/Internationalization/icudt64l/region/ff_Latn_SN.res" 1514
"../../../Engine/Content/Internationalization/icudt64l/lang/fi.res" 1515
"../../../Engine/Content/Internationalization/icudt64l/region/fi.res" 1516
"../../../Engine/Content/Internationalization/icudt64l/lang/fil.res" 1517
"../../../Engine/Content/Internationalization/icudt64l/lang/fil_PH.res" 1518
"../../../Engine/Content/Internationalization/icudt64l/region/fil_PH.res" 1519
"../../../Engine/Content/Internationalization/icudt64l/region/fil.res" 1520
"../../../Engine/Content/Internationalization/icudt64l/lang/fo.res" 1521
"../../../Engine/Content/Internationalization/icudt64l/region/fo.res" 1522
"../../../Engine/Content/Internationalization/icudt64l/lang/fr.res" 1523
"../../../Engine/Content/Internationalization/icudt64l/lang/fr_BE.res" 1524
"../../../Engine/Content/Internationalization/icudt64l/region/fr_BE.res" 1525
"../../../Engine/Content/Internationalization/icudt64l/region/fr.res" 1526
"../../../Engine/Content/Internationalization/icudt64l/lang/fr_CA.res" 1527
"../../../Engine/Content/Internationalization/icudt64l/region/fr_CA.res" 1528
"../../../Engine/Content/Internationalization/icudt64l/lang/fr_CH.res" 1529
"../../../Engine/Content/Internationalization/icudt64l/lang/fur.res" 1530
"../../../Engine/Content/Internationalization/icudt64l/region/fur.res" 1531
"../../../Engine/Content/Internationalization/icudt64l/lang/fy.res" 1532
"../../../Engine/Content/Internationalization/icudt64l/region/fy.res" 1533
"../../../Engine/Content/Internationalization/icudt64l/lang/ga.res" 1534
"../../../Engine/Content/Internationalization/icudt64l/region/ga.res" 1535
"../../../Engine/Content/Internationalization/icudt64l/lang/gd.res" 1536
"../../../Engine/Content/Internationalization/icudt64l/region/gd.res" 1537
"../../../Engine/Content/Internationalization/icudt64l/lang/gl.res" 1538
"../../../Engine/Content/Internationalization/icudt64l/region/gl.res" 1539
"../../../Engine/Content/Internationalization/icudt64l/lang/gsw.res" 1540
"../../../Engine/Content/Internationalization/icudt64l/region/gsw.res" 1541
"../../../Engine/Content/Internationalization/icudt64l/lang/gu.res" 1542
"../../../Engine/Content/Internationalization/icudt64l/region/gu.res" 1543
"../../../Engine/Content/Internationalization/icudt64l/lang/guz.res" 1544
"../../../Engine/Content/Internationalization/icudt64l/region/guz.res" 1545
"../../../Engine/Content/Internationalization/icudt64l/lang/gv.res" 1546
"../../../Engine/Content/Internationalization/icudt64l/region/gv.res" 1547
"../../../Engine/Content/Internationalization/icudt64l/lang/ha.res" 1548
"../../../Engine/Content/Internationalization/icudt64l/region/ha.res" 1549
"../../../Engine/Content/Internationalization/icudt64l/lang/ha_NE.res" 1550
"../../../Engine/Content/Internationalization/icudt64l/region/ha_NE.res" 1551
"../../../Engine/Content/Internationalization/icudt64l/lang/haw.res" 1552
"../../../Engine/Content/Internationalization/icudt64l/region/haw.res" 1553
"../../../Engine/Content/Internationalization/icudt64l/lang/he.res" 1554
"../../../Engine/Content/Internationalization/icudt64l/lang/he_IL.res" 1555
"../../../Engine/Content/Internationalization/icudt64l/region/he_IL.res" 1556
"../../../Engine/Content/Internationalization/icudt64l/region/he.res" 1557
"../../../Engine/Content/Internationalization/icudt64l/lang/hi.res" 1558
"../../../Engine/Content/Internationalization/icudt64l/region/hi.res" 1559
"../../../Engine/Content/Internationalization/icudt64l/lang/hr.res" 1560
"../../../Engine/Content/Internationalization/icudt64l/region/hr.res" 1561
"../../../Engine/Content/Internationalization/icudt64l/lang/hsb.res" 1562
"../../../Engine/Content/Internationalization/icudt64l/region/hsb.res" 1563
"../../../Engine/Content/Internationalization/icudt64l/lang/hu.res" 1564
"../../../Engine/Content/Internationalization/icudt64l/region/hu.res" 1565
"../../../Engine/Content/Internationalization/icudt64l/lang/hy.res" 1566
"../../../Engine/Content/Internationalization/icudt64l/region/hy.res" 1567
"../../../Engine/Content/Internationalization/icudt64l/lang/ia.res" 1568
"../../../Engine/Content/Internationalization/icudt64l/region/ia.res" 1569
"../../../Engine/Content/Internationalization/icudt64l/lang/id.res" 1570
"../../../Engine/Content/Internationalization/icudt64l/lang/id_ID.res" 1571
"../../../Engine/Content/Internationalization/icudt64l/region/id_ID.res" 1572
"../../../Engine/Content/Internationalization/icudt64l/region/id.res" 1573
"../../../Engine/Content/Internationalization/icudt64l/lang/ig.res" 1574
"../../../Engine/Content/Internationalization/icudt64l/region/ig.res" 1575
"../../../Engine/Content/Internationalization/icudt64l/lang/ii.res" 1576
"../../../Engine/Content/Internationalization/icudt64l/region/ii.res" 1577
"../../../Engine/Content/Internationalization/icudt64l/lang/is.res" 1578
"../../../Engine/Content/Internationalization/icudt64l/region/is.res" 1579
"../../../Engine/Content/Internationalization/icudt64l/lang/it.res" 1580
"../../../Engine/Content/Internationalization/icudt64l/region/it.res" 1581
"../../../Engine/Content/Internationalization/icudt64l/lang/ja.res" 1582
"../../../Engine/Content/Internationalization/icudt64l/lang/ja_JP.res" 1583
"../../../Engine/Content/Internationalization/icudt64l/region/ja_JP.res" 1584
"../../../Engine/Content/Internationalization/icudt64l/region/ja.res" 1585
"../../../Engine/Content/Internationalization/icudt64l/lang/jgo.res" 1586
"../../../Engine/Content/Internationalization/icudt64l/region/jgo.res" 1587
"../../../Engine/Content/Internationalization/icudt64l/lang/jmc.res" 1588
"../../../Engine/Content/Internationalization/icudt64l/region/jmc.res" 1589
"../../../Engine/Content/Internationalization/icudt64l/lang/jv.res" 1590
"../../../Engine/Content/Internationalization/icudt64l/region/jv.res" 1591
"../../../Engine/Content/Internationalization/icudt64l/lang/ka.res" 1592
"../../../Engine/Content/Internationalization/icudt64l/region/ka.res" 1593
"../../../Engine/Content/Internationalization/icudt64l/lang/kab.res" 1594
"../../../Engine/Content/Internationalization/icudt64l/region/kab.res" 1595
"../../../Engine/Content/Internationalization/icudt64l/lang/kam.res" 1596
"../../../Engine/Content/Internationalization/icudt64l/region/kam.res" 1597
"../../../Engine/Content/Internationalization/icudt64l/lang/kde.res" 1598
"../../../Engine/Content/Internationalization/icudt64l/region/kde.res" 1599
"../../../Engine/Content/Internationalization/icudt64l/lang/kea.res" 1600
"../../../Engine/Content/Internationalization/icudt64l/region/kea.res" 1601
"../../../Engine/Content/Internationalization/icudt64l/lang/khq.res" 1602
"../../../Engine/Content/Internationalization/icudt64l/region/khq.res" 1603
"../../../Engine/Content/Internationalization/icudt64l/lang/ki.res" 1604
"../../../Engine/Content/Internationalization/icudt64l/region/ki.res" 1605
"../../../Engine/Content/Internationalization/icudt64l/lang/kk.res" 1606
"../../../Engine/Content/Internationalization/icudt64l/region/kk.res" 1607
"../../../Engine/Content/Internationalization/icudt64l/lang/kkj.res" 1608
"../../../Engine/Content/Internationalization/icudt64l/region/kkj.res" 1609
"../../../Engine/Content/Internationalization/icudt64l/lang/kl.res" 1610
"../../../Engine/Content/Internationalization/icudt64l/region/kl.res" 1611
"../../../Engine/Content/Internationalization/icudt64l/lang/kln.res" 1612
"../../../Engine/Content/Internationalization/icudt64l/region/kln.res" 1613
"../../../Engine/Content/Internationalization/icudt64l/lang/km.res" 1614
"../../../Engine/Content/Internationalization/icudt64l/region/km.res" 1615
"../../../Engine/Content/Internationalization/icudt64l/lang/kn.res" 1616
"../../../Engine/Content/Internationalization/icudt64l/region/kn.res" 1617
"../../../Engine/Content/Internationalization/icudt64l/lang/ko.res" 1618
"../../../Engine/Content/Internationalization/icudt64l/region/ko_KP.res" 1619
"../../../Engine/Content/Internationalization/icudt64l/region/ko.res" 1620
"../../../Engine/Content/Internationalization/icudt64l/lang/kok.res" 1621
"../../../Engine/Content/Internationalization/icudt64l/region/kok.res" 1622
"../../../Engine/Content/Internationalization/icudt64l/lang/ks.res" 1623
"../../../Engine/Content/Internationalization/icudt64l/region/ks.res" 1624
"../../../Engine/Content/Internationalization/icudt64l/lang/ksb.res" 1625
"../../../Engine/Content/Internationalization/icudt64l/region/ksb.res" 1626
"../../../Engine/Content/Internationalization/icudt64l/lang/ksf.res" 1627
"../../../Engine/Content/Internationalization/icudt64l/region/ksf.res" 1628
"../../../Engine/Content/Internationalization/icudt64l/lang/ksh.res" 1629
"../../../Engine/Content/Internationalization/icudt64l/region/ksh.res" 1630
"../../../Engine/Content/Internationalization/icudt64l/lang/ku.res" 1631
"../../../Engine/Content/Internationalization/icudt64l/region/ku.res" 1632
"../../../Engine/Content/Internationalization/icudt64l/lang/kw.res" 1633
"../../../Engine/Content/Internationalization/icudt64l/region/kw.res" 1634
"../../../Engine/Content/Internationalization/icudt64l/lang/ky.res" 1635
"../../../Engine/Content/Internationalization/icudt64l/region/ky.res" 1636
"../../../Engine/Content/Internationalization/icudt64l/lang/lag.res" 1637
"../../../Engine/Content/Internationalization/icudt64l/region/lag.res" 1638
"../../../Engine/Content/Internationalization/icudt64l/lang/lb.res" 1639
"../../../Engine/Content/Internationalization/icudt64l/region/lb.res" 1640
"../../../Engine/Content/Internationalization/icudt64l/lang/lg.res" 1641
"../../../Engine/Content/Internationalization/icudt64l/region/lg.res" 1642
"../../../Engine/Content/Internationalization/icudt64l/lang/lkt.res" 1643
"../../../Engine/Content/Internationalization/icudt64l/region/lkt.res" 1644
"../../../Engine/Content/Internationalization/icudt64l/lang/ln.res" 1645
"../../../Engine/Content/Internationalization/icudt64l/region/ln.res" 1646
"../../../Engine/Content/Internationalization/icudt64l/lang/lo.res" 1647
"../../../Engine/Content/Internationalization/icudt64l/region/lo.res" 1648
"../../../Engine/Content/Internationalization/icudt64l/lang/lrc.res" 1649
"../../../Engine/Content/Internationalization/icudt64l/region/lrc.res" 1650
"../../../Engine/Content/Internationalization/icudt64l/lang/lt.res" 1651
"../../../Engine/Content/Internationalization/icudt64l/region/lt.res" 1652
"../../../Engine/Content/Internationalization/icudt64l/lang/lu.res" 1653
"../../../Engine/Content/Internationalization/icudt64l/region/lu.res" 1654
"../../../Engine/Content/Internationalization/icudt64l/lang/luo.res" 1655
"../../../Engine/Content/Internationalization/icudt64l/region/luo.res" 1656
"../../../Engine/Content/Internationalization/icudt64l/lang/luy.res" 1657
"../../../Engine/Content/Internationalization/icudt64l/region/luy.res" 1658
"../../../Engine/Content/Internationalization/icudt64l/lang/lv.res" 1659
"../../../Engine/Content/Internationalization/icudt64l/region/lv.res" 1660
"../../../Engine/Content/Internationalization/icudt64l/lang/mas.res" 1661
"../../../Engine/Content/Internationalization/icudt64l/region/mas.res" 1662
"../../../Engine/Content/Internationalization/icudt64l/lang/mer.res" 1663
"../../../Engine/Content/Internationalization/icudt64l/region/mer.res" 1664
"../../../Engine/Content/Internationalization/icudt64l/lang/mfe.res" 1665
"../../../Engine/Content/Internationalization/icudt64l/region/mfe.res" 1666
"../../../Engine/Content/Internationalization/icudt64l/lang/mg.res" 1667
"../../../Engine/Content/Internationalization/icudt64l/region/mg.res" 1668
"../../../Engine/Content/Internationalization/icudt64l/lang/mgh.res" 1669
"../../../Engine/Content/Internationalization/icudt64l/region/mgh.res" 1670
"../../../Engine/Content/Internationalization/icudt64l/lang/mgo.res" 1671
"../../../Engine/Content/Internationalization/icudt64l/region/mgo.res" 1672
"../../../Engine/Content/Internationalization/icudt64l/lang/mi.res" 1673
"../../../Engine/Content/Internationalization/icudt64l/region/mi.res" 1674
"../../../Engine/Content/Internationalization/icudt64l/lang/mk.res" 1675
"../../../Engine/Content/Internationalization/icudt64l/region/mk.res" 1676
"../../../Engine/Content/Internationalization/icudt64l/lang/ml.res" 1677
"../../../Engine/Content/Internationalization/icudt64l/region/ml.res" 1678
"../../../Engine/Content/Internationalization/icudt64l/lang/mn.res" 1679
"../../../Engine/Content/Internationalization/icudt64l/region/mn.res" 1680
"../../../Engine/Content/Internationalization/icudt64l/lang/mr.res" 1681
"../../../Engine/Content/Internationalization/icudt64l/region/mr.res" 1682
"../../../Engine/Content/Internationalization/icudt64l/lang/ms.res" 1683
"../../../Engine/Content/Internationalization/icudt64l/region/ms.res" 1684
"../../../Engine/Content/Internationalization/icudt64l/lang/mt.res" 1685
"../../../Engine/Content/Internationalization/icudt64l/region/mt.res" 1686
"../../../Engine/Content/Internationalization/icudt64l/lang/mua.res" 1687
"../../../Engine/Content/Internationalization/icudt64l/region/mua.res" 1688
"../../../Engine/Content/Internationalization/icudt64l/lang/my.res" 1689
"../../../Engine/Content/Internationalization/icudt64l/region/my.res" 1690
"../../../Engine/Content/Internationalization/icudt64l/lang/mzn.res" 1691
"../../../Engine/Content/Internationalization/icudt64l/region/mzn.res" 1692
"../../../Engine/Content/Internationalization/icudt64l/lang/naq.res" 1693
"../../../Engine/Content/Internationalization/icudt64l/region/naq.res" 1694
"../../../Engine/Content/Internationalization/icudt64l/lang/nb.res" 1695
"../../../Engine/Content/Internationalization/icudt64l/lang/nb_NO.res" 1696
"../../../Engine/Content/Internationalization/icudt64l/region/nb_NO.res" 1697
"../../../Engine/Content/Internationalization/icudt64l/region/nb.res" 1698
"../../../Engine/Content/Internationalization/icudt64l/lang/nd.res" 1699
"../../../Engine/Content/Internationalization/icudt64l/region/nd.res" 1700
"../../../Engine/Content/Internationalization/icudt64l/lang/nds.res" 1701
"../../../Engine/Content/Internationalization/icudt64l/region/nds.res" 1702
"../../../Engine/Content/Internationalization/icudt64l/lang/ne.res" 1703
"../../../Engine/Content/Internationalization/icudt64l/region/ne.res" 1704
"../../../Engine/Content/Internationalization/icudt64l/lang/nl.res" 1705
"../../../Engine/Content/Internationalization/icudt64l/region/nl.res" 1706
"../../../Engine/Content/Internationalization/icudt64l/lang/nmg.res" 1707
"../../../Engine/Content/Internationalization/icudt64l/region/nmg.res" 1708
"../../../Engine/Content/Internationalization/icudt64l/lang/nn.res" 1709
"../../../Engine/Content/Internationalization/icudt64l/lang/nn_NO.res" 1710
"../../../Engine/Content/Internationalization/icudt64l/region/nn_NO.res" 1711
"../../../Engine/Content/Internationalization/icudt64l/region/nn.res" 1712
"../../../Engine/Content/Internationalization/icudt64l/lang/nnh.res" 1713
"../../../Engine/Content/Internationalization/icudt64l/region/nnh.res" 1714
"../../../Engine/Content/Internationalization/icudt64l/lang/nus.res" 1715
"../../../Engine/Content/Internationalization/icudt64l/region/nus.res" 1716
"../../../Engine/Content/Internationalization/icudt64l/lang/nyn.res" 1717
"../../../Engine/Content/Internationalization/icudt64l/region/nyn.res" 1718
"../../../Engine/Content/Internationalization/icudt64l/lang/om.res" 1719
"../../../Engine/Content/Internationalization/icudt64l/region/om.res" 1720
"../../../Engine/Content/Internationalization/icudt64l/lang/or.res" 1721
"../../../Engine/Content/Internationalization/icudt64l/region/or.res" 1722
"../../../Engine/Content/Internationalization/icudt64l/lang/os.res" 1723
"../../../Engine/Content/Internationalization/icudt64l/region/os.res" 1724
"../../../Engine/Content/Internationalization/icudt64l/lang/pa.res" 1725
"../../../Engine/Content/Internationalization/icudt64l/lang/pa_Arab.res" 1726
"../../../Engine/Content/Internationalization/icudt64l/lang/pa_PK.res" 1727
"../../../Engine/Content/Internationalization/icudt64l/lang/pa_Arab_PK.res" 1728
"../../../Engine/Content/Internationalization/icudt64l/region/pa_PK.res" 1729
"../../../Engine/Content/Internationalization/icudt64l/region/pa_Arab_PK.res" 1730
"../../../Engine/Content/Internationalization/icudt64l/region/pa_Arab.res" 1731
"../../../Engine/Content/Internationalization/icudt64l/lang/pa_Guru.res" 1732
"../../../Engine/Content/Internationalization/icudt64l/lang/pa_IN.res" 1733
"../../../Engine/Content/Internationalization/icudt64l/lang/pa_Guru_IN.res" 1734
"../../../Engine/Content/Internationalization/icudt64l/region/pa_IN.res" 1735
"../../../Engine/Content/Internationalization/icudt64l/region/pa_Guru_IN.res" 1736
"../../../Engine/Content/Internationalization/icudt64l/region/pa_Guru.res" 1737
"../../../Engine/Content/Internationalization/icudt64l/region/pa.res" 1738
"../../../Engine/Content/Internationalization/icudt64l/lang/pl.res" 1739
"../../../Engine/Content/Internationalization/icudt64l/region/pl.res" 1740
"../../../Engine/Content/Internationalization/icudt64l/lang/ps.res" 1741
"../../../Engine/Content/Internationalization/icudt64l/region/ps.res" 1742
"../../../Engine/Content/Internationalization/icudt64l/lang/ps_PK.res" 1743
"../../../Engine/Content/Internationalization/icudt64l/region/ps_PK.res" 1744
"../../../Engine/Content/Internationalization/icudt64l/lang/pt.res" 1745
"../../../Engine/Content/Internationalization/icudt64l/lang/pt_AO.res" 1746
"../../../Engine/Content/Internationalization/icudt64l/lang/pt_PT.res" 1747
"../../../Engine/Content/Internationalization/icudt64l/region/pt_AO.res" 1748
"../../../Engine/Content/Internationalization/icudt64l/region/pt_PT.res" 1749
"../../../Engine/Content/Internationalization/icudt64l/region/pt.res" 1750
"../../../Engine/Content/Internationalization/icudt64l/lang/pt_CH.res" 1751
"../../../Engine/Content/Internationalization/icudt64l/region/pt_CH.res" 1752
"../../../Engine/Content/Internationalization/icudt64l/lang/pt_CV.res" 1753
"../../../Engine/Content/Internationalization/icudt64l/region/pt_CV.res" 1754
"../../../Engine/Content/Internationalization/icudt64l/lang/pt_GQ.res" 1755
"../../../Engine/Content/Internationalization/icudt64l/region/pt_GQ.res" 1756
"../../../Engine/Content/Internationalization/icudt64l/lang/pt_GW.res" 1757
"../../../Engine/Content/Internationalization/icudt64l/region/pt_GW.res" 1758
"../../../Engine/Content/Internationalization/icudt64l/lang/pt_LU.res" 1759
"../../../Engine/Content/Internationalization/icudt64l/region/pt_LU.res" 1760
"../../../Engine/Content/Internationalization/icudt64l/lang/pt_MO.res" 1761
"../../../Engine/Content/Internationalization/icudt64l/region/pt_MO.res" 1762
"../../../Engine/Content/Internationalization/icudt64l/lang/pt_MZ.res" 1763
"../../../Engine/Content/Internationalization/icudt64l/region/pt_MZ.res" 1764
"../../../Engine/Content/Internationalization/icudt64l/lang/pt_ST.res" 1765
"../../../Engine/Content/Internationalization/icudt64l/region/pt_ST.res" 1766
"../../../Engine/Content/Internationalization/icudt64l/lang/pt_TL.res" 1767
"../../../Engine/Content/Internationalization/icudt64l/region/pt_TL.res" 1768
"../../../Engine/Content/Internationalization/icudt64l/lang/qu.res" 1769
"../../../Engine/Content/Internationalization/icudt64l/region/qu.res" 1770
"../../../Engine/Content/Internationalization/icudt64l/lang/rm.res" 1771
"../../../Engine/Content/Internationalization/icudt64l/region/rm.res" 1772
"../../../Engine/Content/Internationalization/icudt64l/lang/rn.res" 1773
"../../../Engine/Content/Internationalization/icudt64l/region/rn.res" 1774
"../../../Engine/Content/Internationalization/icudt64l/lang/ro.res" 1775
"../../../Engine/Content/Internationalization/icudt64l/lang/ro_MD.res" 1776
"../../../Engine/Content/Internationalization/icudt64l/region/ro_MD.res" 1777
"../../../Engine/Content/Internationalization/icudt64l/region/ro.res" 1778
"../../../Engine/Content/Internationalization/icudt64l/lang/rof.res" 1779
"../../../Engine/Content/Internationalization/icudt64l/region/rof.res" 1780
"../../../Engine/Content/Internationalization/icudt64l/region/ru_UA.res" 1781
"../../../Engine/Content/Internationalization/icudt64l/lang/rw.res" 1782
"../../../Engine/Content/Internationalization/icudt64l/region/rw.res" 1783
"../../../Engine/Content/Internationalization/icudt64l/lang/rwk.res" 1784
"../../../Engine/Content/Internationalization/icudt64l/region/rwk.res" 1785
"../../../Engine/Content/Internationalization/icudt64l/lang/sah.res" 1786
"../../../Engine/Content/Internationalization/icudt64l/region/sah.res" 1787
"../../../Engine/Content/Internationalization/icudt64l/lang/saq.res" 1788
"../../../Engine/Content/Internationalization/icudt64l/region/saq.res" 1789
"../../../Engine/Content/Internationalization/icudt64l/lang/sbp.res" 1790
"../../../Engine/Content/Internationalization/icudt64l/region/sbp.res" 1791
"../../../Engine/Content/Internationalization/icudt64l/lang/sd.res" 1792
"../../../Engine/Content/Internationalization/icudt64l/region/sd.res" 1793
"../../../Engine/Content/Internationalization/icudt64l/lang/se.res" 1794
"../../../Engine/Content/Internationalization/icudt64l/lang/se_FI.res" 1795
"../../../Engine/Content/Internationalization/icudt64l/region/se_FI.res" 1796
"../../../Engine/Content/Internationalization/icudt64l/region/se.res" 1797
"../../../Engine/Content/Internationalization/icudt64l/lang/seh.res" 1798
"../../../Engine/Content/Internationalization/icudt64l/region/seh.res" 1799
"../../../Engine/Content/Internationalization/icudt64l/lang/ses.res" 1800
"../../../Engine/Content/Internationalization/icudt64l/region/ses.res" 1801
"../../../Engine/Content/Internationalization/icudt64l/lang/sg.res" 1802
"../../../Engine/Content/Internationalization/icudt64l/region/sg.res" 1803
"../../../Engine/Content/Internationalization/icudt64l/lang/shi.res" 1804
"../../../Engine/Content/Internationalization/icudt64l/lang/shi_Latn.res" 1805
"../../../Engine/Content/Internationalization/icudt64l/lang/shi_MA.res" 1806
"../../../Engine/Content/Internationalization/icudt64l/lang/shi_Tfng_MA.res" 1807
"../../../Engine/Content/Internationalization/icudt64l/lang/shi_Tfng.res" 1808
"../../../Engine/Content/Internationalization/icudt64l/region/shi_MA.res" 1809
"../../../Engine/Content/Internationalization/icudt64l/region/shi_Tfng_MA.res" 1810
"../../../Engine/Content/Internationalization/icudt64l/region/shi_Tfng.res" 1811
"../../../Engine/Content/Internationalization/icudt64l/region/shi.res" 1812
"../../../Engine/Content/Internationalization/icudt64l/region/shi_Latn.res" 1813
"../../../Engine/Content/Internationalization/icudt64l/lang/si.res" 1814
"../../../Engine/Content/Internationalization/icudt64l/region/si.res" 1815
"../../../Engine/Content/Internationalization/icudt64l/lang/sk.res" 1816
"../../../Engine/Content/Internationalization/icudt64l/region/sk.res" 1817
"../../../Engine/Content/Internationalization/icudt64l/lang/sl.res" 1818
"../../../Engine/Content/Internationalization/icudt64l/region/sl.res" 1819
"../../../Engine/Content/Internationalization/icudt64l/lang/smn.res" 1820
"../../../Engine/Content/Internationalization/icudt64l/region/smn.res" 1821
"../../../Engine/Content/Internationalization/icudt64l/lang/sn.res" 1822
"../../../Engine/Content/Internationalization/icudt64l/region/sn.res" 1823
"../../../Engine/Content/Internationalization/icudt64l/lang/so.res" 1824
"../../../Engine/Content/Internationalization/icudt64l/region/so.res" 1825
"../../../Engine/Content/Internationalization/icudt64l/lang/sq.res" 1826
"../../../Engine/Content/Internationalization/icudt64l/region/sq.res" 1827
"../../../Engine/Content/Internationalization/icudt64l/lang/sr.res" 1828
"../../../Engine/Content/Internationalization/icudt64l/lang/sr_Cyrl.res" 1829
"../../../Engine/Content/Internationalization/icudt64l/lang/sr_BA.res" 1830
"../../../Engine/Content/Internationalization/icudt64l/lang/sr_Cyrl_BA.res" 1831
"../../../Engine/Content/Internationalization/icudt64l/region/sr_BA.res" 1832
"../../../Engine/Content/Internationalization/icudt64l/region/sr_Cyrl_BA.res" 1833
"../../../Engine/Content/Internationalization/icudt64l/region/sr_Cyrl.res" 1834
"../../../Engine/Content/Internationalization/icudt64l/region/sr.res" 1835
"../../../Engine/Content/Internationalization/icudt64l/lang/sr_ME.res" 1836
"../../../Engine/Content/Internationalization/icudt64l/lang/sr_Latn_ME.res" 1837
"../../../Engine/Content/Internationalization/icudt64l/lang/sr_Latn.res" 1838
"../../../Engine/Content/Internationalization/icudt64l/region/sr_ME.res" 1839
"../../../Engine/Content/Internationalization/icudt64l/region/sr_Latn_ME.res" 1840
"../../../Engine/Content/Internationalization/icudt64l/region/sr_Latn.res" 1841
"../../../Engine/Content/Internationalization/icudt64l/lang/sr_Cyrl_ME.res" 1842
"../../../Engine/Content/Internationalization/icudt64l/region/sr_Cyrl_ME.res" 1843
"../../../Engine/Content/Internationalization/icudt64l/lang/sr_RS.res" 1844
"../../../Engine/Content/Internationalization/icudt64l/lang/sr_Cyrl_RS.res" 1845
"../../../Engine/Content/Internationalization/icudt64l/region/sr_RS.res" 1846
"../../../Engine/Content/Internationalization/icudt64l/region/sr_Cyrl_RS.res" 1847
"../../../Engine/Content/Internationalization/icudt64l/lang/sr_XK.res" 1848
"../../../Engine/Content/Internationalization/icudt64l/lang/sr_Cyrl_XK.res" 1849
"../../../Engine/Content/Internationalization/icudt64l/region/sr_XK.res" 1850
"../../../Engine/Content/Internationalization/icudt64l/region/sr_Cyrl_XK.res" 1851
"../../../Engine/Content/Internationalization/icudt64l/lang/sr_Latn_BA.res" 1852
"../../../Engine/Content/Internationalization/icudt64l/region/sr_Latn_BA.res" 1853
"../../../Engine/Content/Internationalization/icudt64l/lang/sr_Latn_RS.res" 1854
"../../../Engine/Content/Internationalization/icudt64l/region/sr_Latn_RS.res" 1855
"../../../Engine/Content/Internationalization/icudt64l/lang/sr_Latn_XK.res" 1856
"../../../Engine/Content/Internationalization/icudt64l/region/sr_Latn_XK.res" 1857
"../../../Engine/Content/Internationalization/icudt64l/lang/sv.res" 1858
"../../../Engine/Content/Internationalization/icudt64l/region/sv.res" 1859
"../../../Engine/Content/Internationalization/icudt64l/lang/sv_FI.res" 1860
"../../../Engine/Content/Internationalization/icudt64l/lang/sw.res" 1861
"../../../Engine/Content/Internationalization/icudt64l/lang/sw_CD.res" 1862
"../../../Engine/Content/Internationalization/icudt64l/region/sw_CD.res" 1863
"../../../Engine/Content/Internationalization/icudt64l/region/sw.res" 1864
"../../../Engine/Content/Internationalization/icudt64l/lang/sw_KE.res" 1865
"../../../Engine/Content/Internationalization/icudt64l/region/sw_KE.res" 1866
"../../../Engine/Content/Internationalization/icudt64l/lang/ta.res" 1867
"../../../Engine/Content/Internationalization/icudt64l/region/ta.res" 1868
"../../../Engine/Content/Internationalization/icudt64l/lang/te.res" 1869
"../../../Engine/Content/Internationalization/icudt64l/region/te.res" 1870
"../../../Engine/Content/Internationalization/icudt64l/lang/teo.res" 1871
"../../../Engine/Content/Internationalization/icudt64l/region/teo.res" 1872
"../../../Engine/Content/Internationalization/icudt64l/lang/tg.res" 1873
"../../../Engine/Content/Internationalization/icudt64l/region/tg.res" 1874
"../../../Engine/Content/Internationalization/icudt64l/lang/th.res" 1875
"../../../Engine/Content/Internationalization/icudt64l/lang/th_TH.res" 1876
"../../../Engine/Content/Internationalization/icudt64l/region/th_TH.res" 1877
"../../../Engine/Content/Internationalization/icudt64l/region/th.res" 1878
"../../../Engine/Content/Internationalization/icudt64l/lang/ti.res" 1879
"../../../Engine/Content/Internationalization/icudt64l/region/ti.res" 1880
"../../../Engine/Content/Internationalization/icudt64l/lang/tk.res" 1881
"../../../Engine/Content/Internationalization/icudt64l/region/tk.res" 1882
"../../../Engine/Content/Internationalization/icudt64l/lang/to.res" 1883
"../../../Engine/Content/Internationalization/icudt64l/region/to.res" 1884
"../../../Engine/Content/Internationalization/icudt64l/lang/tr.res" 1885
"../../../Engine/Content/Internationalization/icudt64l/region/tr.res" 1886
"../../../Engine/Content/Internationalization/icudt64l/lang/tt.res" 1887
"../../../Engine/Content/Internationalization/icudt64l/region/tt.res" 1888
"../../../Engine/Content/Internationalization/icudt64l/lang/twq.res" 1889
"../../../Engine/Content/Internationalization/icudt64l/region/twq.res" 1890
"../../../Engine/Content/Internationalization/icudt64l/lang/tzm.res" 1891
"../../../Engine/Content/Internationalization/icudt64l/region/tzm.res" 1892
"../../../Engine/Content/Internationalization/icudt64l/lang/ug.res" 1893
"../../../Engine/Content/Internationalization/icudt64l/region/ug.res" 1894
"../../../Engine/Content/Internationalization/icudt64l/lang/uk.res" 1895
"../../../Engine/Content/Internationalization/icudt64l/region/uk.res" 1896
"../../../Engine/Content/Internationalization/icudt64l/lang/ur.res" 1897
"../../../Engine/Content/Internationalization/icudt64l/lang/ur_IN.res" 1898
"../../../Engine/Content/Internationalization/icudt64l/region/ur_IN.res" 1899
"../../../Engine/Content/Internationalization/icudt64l/region/ur.res" 1900
"../../../Engine/Content/Internationalization/icudt64l/lang/uz.res" 1901
"../../../Engine/Content/Internationalization/icudt64l/lang/uz_Arab.res" 1902
"../../../Engine/Content/Internationalization/icudt64l/lang/uz_AF.res" 1903
"../../../Engine/Content/Internationalization/icudt64l/lang/uz_Arab_AF.res" 1904
"../../../Engine/Content/Internationalization/icudt64l/region/uz_AF.res" 1905
"../../../Engine/Content/Internationalization/icudt64l/region/uz_Arab_AF.res" 1906
"../../../Engine/Content/Internationalization/icudt64l/region/uz_Arab.res" 1907
"../../../Engine/Content/Internationalization/icudt64l/lang/uz_Cyrl.res" 1908
"../../../Engine/Content/Internationalization/icudt64l/lang/uz_UZ.res" 1909
"../../../Engine/Content/Internationalization/icudt64l/lang/uz_Latn_UZ.res" 1910
"../../../Engine/Content/Internationalization/icudt64l/lang/uz_Latn.res" 1911
"../../../Engine/Content/Internationalization/icudt64l/region/uz_UZ.res" 1912
"../../../Engine/Content/Internationalization/icudt64l/region/uz_Latn_UZ.res" 1913
"../../../Engine/Content/Internationalization/icudt64l/region/uz_Latn.res" 1914
"../../../Engine/Content/Internationalization/icudt64l/region/uz.res" 1915
"../../../Engine/Content/Internationalization/icudt64l/region/uz_Cyrl.res" 1916
"../../../Engine/Content/Internationalization/icudt64l/lang/vai.res" 1917
"../../../Engine/Content/Internationalization/icudt64l/lang/vai_Latn.res" 1918
"../../../Engine/Content/Internationalization/icudt64l/lang/vai_LR.res" 1919
"../../../Engine/Content/Internationalization/icudt64l/lang/vai_Vaii_LR.res" 1920
"../../../Engine/Content/Internationalization/icudt64l/lang/vai_Vaii.res" 1921
"../../../Engine/Content/Internationalization/icudt64l/region/vai_LR.res" 1922
"../../../Engine/Content/Internationalization/icudt64l/region/vai_Vaii_LR.res" 1923
"../../../Engine/Content/Internationalization/icudt64l/region/vai_Vaii.res" 1924
"../../../Engine/Content/Internationalization/icudt64l/region/vai.res" 1925
"../../../Engine/Content/Internationalization/icudt64l/region/vai_Latn.res" 1926
"../../../Engine/Content/Internationalization/icudt64l/lang/vi.res" 1927
"../../../Engine/Content/Internationalization/icudt64l/region/vi.res" 1928
"../../../Engine/Content/Internationalization/icudt64l/lang/vun.res" 1929
"../../../Engine/Content/Internationalization/icudt64l/region/vun.res" 1930
"../../../Engine/Content/Internationalization/icudt64l/lang/wae.res" 1931
"../../../Engine/Content/Internationalization/icudt64l/region/wae.res" 1932
"../../../Engine/Content/Internationalization/icudt64l/lang/wo.res" 1933
"../../../Engine/Content/Internationalization/icudt64l/region/wo.res" 1934
"../../../Engine/Content/Internationalization/icudt64l/lang/xh.res" 1935
"../../../Engine/Content/Internationalization/icudt64l/region/xh.res" 1936
"../../../Engine/Content/Internationalization/icudt64l/lang/xog.res" 1937
"../../../Engine/Content/Internationalization/icudt64l/region/xog.res" 1938
"../../../Engine/Content/Internationalization/icudt64l/lang/yav.res" 1939
"../../../Engine/Content/Internationalization/icudt64l/region/yav.res" 1940
"../../../Engine/Content/Internationalization/icudt64l/lang/yi.res" 1941
"../../../Engine/Content/Internationalization/icudt64l/region/yi.res" 1942
"../../../Engine/Content/Internationalization/icudt64l/lang/yo.res" 1943
"../../../Engine/Content/Internationalization/icudt64l/lang/yo_BJ.res" 1944
"../../../Engine/Content/Internationalization/icudt64l/region/yo_BJ.res" 1945
"../../../Engine/Content/Internationalization/icudt64l/region/yo.res" 1946
"../../../Engine/Content/Internationalization/icudt64l/lang/yue.res" 1947
"../../../Engine/Content/Internationalization/icudt64l/lang/yue_Hans.res" 1948
"../../../Engine/Content/Internationalization/icudt64l/lang/yue_CN.res" 1949
"../../../Engine/Content/Internationalization/icudt64l/lang/yue_Hans_CN.res" 1950
"../../../Engine/Content/Internationalization/icudt64l/region/yue_CN.res" 1951
"../../../Engine/Content/Internationalization/icudt64l/region/yue_Hans_CN.res" 1952
"../../../Engine/Content/Internationalization/icudt64l/region/yue_Hans.res" 1953
"../../../Engine/Content/Internationalization/icudt64l/lang/yue_Hant.res" 1954
"../../../Engine/Content/Internationalization/icudt64l/lang/yue_HK.res" 1955
"../../../Engine/Content/Internationalization/icudt64l/lang/yue_Hant_HK.res" 1956
"../../../Engine/Content/Internationalization/icudt64l/region/yue_HK.res" 1957
"../../../Engine/Content/Internationalization/icudt64l/region/yue_Hant_HK.res" 1958
"../../../Engine/Content/Internationalization/icudt64l/region/yue_Hant.res" 1959
"../../../Engine/Content/Internationalization/icudt64l/region/yue.res" 1960
"../../../Engine/Content/Internationalization/icudt64l/lang/zgh.res" 1961
"../../../Engine/Content/Internationalization/icudt64l/region/zgh.res" 1962
"../../../Engine/Content/Internationalization/icudt64l/lang/zh.res" 1963
"../../../Engine/Content/Internationalization/icudt64l/lang/zh_Hans.res" 1964
"../../../Engine/Content/Internationalization/icudt64l/lang/zh_CN.res" 1965
"../../../Engine/Content/Internationalization/icudt64l/lang/zh_Hans_CN.res" 1966
"../../../Engine/Content/Internationalization/icudt64l/region/zh_CN.res" 1967
"../../../Engine/Content/Internationalization/icudt64l/region/zh_Hans_CN.res" 1968
"../../../Engine/Content/Internationalization/icudt64l/region/zh_Hans.res" 1969
"../../../Engine/Content/Internationalization/icudt64l/region/zh.res" 1970
"../../../Engine/Content/Internationalization/icudt64l/lang/zh_HK.res" 1971
"../../../Engine/Content/Internationalization/icudt64l/lang/zh_Hant_HK.res" 1972
"../../../Engine/Content/Internationalization/icudt64l/lang/zh_Hant.res" 1973
"../../../Engine/Content/Internationalization/icudt64l/region/zh_HK.res" 1974
"../../../Engine/Content/Internationalization/icudt64l/region/zh_Hant_HK.res" 1975
"../../../Engine/Content/Internationalization/icudt64l/region/zh_Hant.res" 1976
"../../../Engine/Content/Internationalization/icudt64l/lang/zh_MO.res" 1977
"../../../Engine/Content/Internationalization/icudt64l/lang/zh_Hant_MO.res" 1978
"../../../Engine/Content/Internationalization/icudt64l/region/zh_MO.res" 1979
"../../../Engine/Content/Internationalization/icudt64l/region/zh_Hant_MO.res" 1980
"../../../Engine/Content/Internationalization/icudt64l/lang/zh_SG.res" 1981
"../../../Engine/Content/Internationalization/icudt64l/lang/zh_Hans_SG.res" 1982
"../../../Engine/Content/Internationalization/icudt64l/region/zh_SG.res" 1983
"../../../Engine/Content/Internationalization/icudt64l/region/zh_Hans_SG.res" 1984
"../../../Engine/Content/Internationalization/icudt64l/lang/zh_TW.res" 1985
"../../../Engine/Content/Internationalization/icudt64l/lang/zh_Hant_TW.res" 1986
"../../../Engine/Content/Internationalization/icudt64l/region/zh_TW.res" 1987
"../../../Engine/Content/Internationalization/icudt64l/region/zh_Hant_TW.res" 1988
"../../../Engine/Content/Internationalization/icudt64l/lang/zu.res" 1989
"../../../Engine/Content/Internationalization/icudt64l/region/zu.res" 1990
"../../../Engine/Content/Internationalization/icudt64l/lang/no.res" 1991
"../../../Engine/Content/Internationalization/icudt64l/lang/tl.res" 1992
"../../../Engine/Config/Android/DataDrivenPlatformInfo.ini" 1993
"../../../Engine/Config/IOS/DataDrivenPlatformInfo.ini" 1994
"../../../Engine/Config/Linux/DataDrivenPlatformInfo.ini" 1995
"../../../Engine/Config/Mac/DataDrivenPlatformInfo.ini" 1996
"../../../Engine/Config/TVOS/DataDrivenPlatformInfo.ini" 1997
"../../../Engine/Config/Unix/DataDrivenPlatformInfo.ini" 1998
"../../../Engine/Config/VulkanPC/DataDrivenPlatformInfo.ini" 1999
"../../../Engine/Config/Windows/DataDrivenPlatformInfo.ini" 2000
"../../../Engine/Platforms/VisionOS/Config/DataDrivenPlatformInfo.ini" 2001
"../../../Engine/Content/Renderer/TessellationTable.bin" 2002
"../../../Engine/DerivedDataCache/Compressed.ddp" 2003
"C:/Users/User/AppData/Local/UnrealEngine/5.7/Saved/Zen/zen.version" 2004
"C:/Users/User/AppData/Local/UnrealEngine/Common/Zen/Install/zen.version" 2005
"C:/Users/User/AppData/Local/UnrealEngine/Common/Zen/Install/zenserver.runcontext" 2006
"C:/Users/User/AppData/Local/UnrealEngine/Common/DerivedDataCache/TestData/0/TestData_4kb.dat" 2007
"C:/Users/User/AppData/Local/UnrealEngine/Common/DerivedDataCache/TestData/1/TestData_4kb.dat" 2008
"C:/Users/User/AppData/Local/UnrealEngine/Common/DerivedDataCache/TestData/0/TestData_8kb.dat" 2009
"C:/Users/User/AppData/Local/UnrealEngine/Common/DerivedDataCache/TestData/1/TestData_8kb.dat" 2010
"C:/Users/User/AppData/Local/UnrealEngine/Common/DerivedDataCache/TestData/0/TestData_16kb.dat" 2011
"C:/Users/User/AppData/Local/UnrealEngine/Common/DerivedDataCache/TestData/1/TestData_16kb.dat" 2012
"C:/Users/User/AppData/Local/UnrealEngine/Common/DerivedDataCache/TestData/0/TestData_64kb.dat" 2013
"C:/Users/User/AppData/Local/UnrealEngine/Common/DerivedDataCache/TestData/1/TestData_64kb.dat" 2014
"C:/Users/User/AppData/Local/UnrealEngine/Common/DerivedDataCache/TestData/0/TestData_128kb.dat" 2015
"C:/Users/User/AppData/Local/UnrealEngine/Common/DerivedDataCache/TestData/1/TestData_128kb.dat" 2016
"C:/Users/User/AppData/Local/UnrealEngine/Common/DerivedDataCache/TestData/0/TestData_256kb.dat" 2017
"C:/Users/User/AppData/Local/UnrealEngine/Common/DerivedDataCache/TestData/1/TestData_256kb.dat" 2018
"C:/Users/User/AppData/Roaming/Unreal Engine/UnrealBuildTool/BuildConfiguration.xml" 2019
"../../../../../UE BACKUP/BIBOP/BIBOP_2-6_UE/BIBOP_2-6_UE/Intermediate/ShaderAutogen/PCD3D_SM6/AutogenShaderHeaders.ush" 2020
"../../../Engine/Shaders/Private/HairStrands/HairStrandsVertexFactory.ush" 2021
"../../../Engine/Shaders/Private/VertexFactoryCommon.ush" 2022
"../../../Engine/Shaders/Private/Common.ush" 2023
"../../../Engine/Shaders/Public/Platform.ush" 2024
"../../../Engine/Shaders/Public/FP16Math.ush" 2025
"../../../Engine/Shaders/Public/Platform/D3D/D3DCommon.ush" 2026
"../../../Engine/Shaders/Shared/HLSLReservedSpaces.h" 2027
"../../../Engine/Shaders/Public/BindlessResources.ush" 2028
"../../../Engine/Shaders/Public/Platform/D3D/PlatformBindlessResources.ush" 2029
"../../../Engine/Shaders/Shared/RayTracingBuiltInResources.h" 2030
"../../../Engine/Shaders/Shared/RayTracingDefinitions.h" 2031
"../../../Engine/Shaders/Shared/MaterialCacheDefinitions.h" 2032
"../../../Engine/Shaders/Shared/HLSLTypeAliases.h" 2033
"../../../Engine/Shaders/Public/IndirectVirtualTexture.ush" 2034
"../../../Engine/Shaders/Shared/IndirectVirtualTextureDefinitions.h" 2035
"../../../Engine/Shaders/Public/OverloadMacros.ush" 2036
"../../../Engine/Shaders/Public/ShaderVersion.ush" 2037
"../../../Engine/Shaders/Shared/ThirdParty/NVIDIA/nvHLSLExtns.h" 2038
"../../../Engine/Shaders/Shared/ThirdParty/NVIDIA/nvHLSLExtnsInternal.h" 2039
"../../../Engine/Shaders/Shared/ThirdParty/NVIDIA/nvShaderExtnEnums.h" 2040
"../../../Engine/Shaders/Private/PackUnpack.ush" 2041
"../../../Engine/Shaders/Private/GeneratedUniformBufferTypes.ush" 2042
"../../../Engine/Shaders/Private/Nanite/NanitePackedNaniteView.ush" 2043
"../../../Engine/Shaders/Private/HairStrands/HairStrandsVisibilityCommonStruct.ush" 2044
"../../../Engine/Shaders/Private/HairStrands/HairStrandsVoxelPageCommonStruct.ush" 2045
"../../../Engine/Shaders/Private/HairStrands/HairStrandsDeepShadowCommonStruct.ush" 2046
"../../../Engine/Shaders/Shared/LightSceneData.h" 2047
"../../../Engine/Shaders/Private/LargeWorldCoordinates.ush" 2048
"../../../Engine/Shaders/Private/DoubleFloat.ush" 2049
"../../../Engine/Shaders/Private/RandomPCG.ush" 2050
"../../../Engine/Shaders/Private/DoubleFloatOperations.ush" 2051
"../../../Engine/Shaders/Private/DoubleFloatVectorDefinition.ush" 2052
"../../../Engine/Shaders/Private/LWCOperations.ush" 2053
"../../../Engine/Shaders/Shared/LightViewData.h" 2054
"../../../Engine/Shaders/Shared/RayTracingTypes.h" 2055
"../../../Engine/Shaders/Shared/HLSLStaticAssert.h" 2056
"../../../Engine/Shaders/Private/CommonViewUniformBuffer.ush" 2057
"../../../Engine/Shaders/Private/InstancedStereo.ush" 2058
"../../../Engine/Shaders/Private/Definitions.usf" 2059
"../../../Engine/Shaders/Private/AssertionMacros.ush" 2060
"../../../Engine/Shaders/Private/FastMath.ush" 2061
"../../../Engine/Shaders/Private/FastMathThirdParty.ush" 2062
"../../../Engine/Shaders/Private/Random.ush" 2063
"../../../Engine/Shaders/Private/RandomInterleavedGradientNoise.ush" 2064
"../../../Engine/Shaders/Private/SceneData.ush" 2065
"../../../Engine/Shaders/Private/OctahedralCommon.ush" 2066
"../../../Engine/Shaders/Private/WaveOpUtil.ush" 2067
"../../../Engine/Shaders/Private/ByteBuffer.ush" 2068
"../../../Engine/Shaders/Shared/SceneDefinitions.h" 2069
"../../../Engine/Shaders/Private/SceneDataMobileLoader.ush" 2070
"../../../Engine/Shaders/Private/LocalVertexFactoryCommon.ush" 2071
"../../../Engine/Shaders/Private/HairStrands/HairStrandsVisibilityCommon.ush" 2072
"../../../Engine/Shaders/Shared/HairStrandsDefinitions.h" 2073
"../../../Engine/Shaders/Private/HairStrands/HairStrandsVertexFactoryCommon.ush" 2074
"../../../Engine/Shaders/Private/HairStrands/HairStrandsPack.ush" 2075
"../../../Engine/Shaders/Private/HairStrands/HairStrandsAttributeCommon.ush" 2076
"../../../Engine/Shaders/Private/HairStrands/HairStrandsAttributeTemplate.ush" 2077
"../../../Engine/Shaders/Private/VertexFactoryDefaultInterface.ush" 2078
"../../../Engine/Shaders/Private/HairStrands/HairCardsVertexFactory.ush" 2079
"../../../Engine/Shaders/Private/HairStrands/HairCardsAttributeCommon.ush" 2080
"../../../Engine/Shaders/Private/RayTracing/RayTracingCommon.ush" 2081
"../../../Engine/Shaders/Private/ShadingCommon.ush" 2082
"../../../Engine/Shaders/Shared/RayTracingPayloadType.h" 2083
"../../../Engine/Shaders/Private/RayTracing/RayTracingRayCone.ush" 2084
"../../../Engine/Shaders/Private/Substrate/Substrate.ush" 2085
"../../../Engine/Shaders/Private/ShadingEnergyConservation.ush" 2086
"../../../Engine/Shaders/Private/ShadingEnergyConservationTemplate.ush" 2087
"../../../Engine/Shaders/Private/BRDF.ush" 2088
"../../../Engine/Shaders/Private/ColorSpace.ush" 2089
"../../../Engine/Shaders/Private/DeferredShadingCommon.ush" 2090
"../../../Engine/Shaders/Private/LightAccumulator.ush" 2091
"../../../Engine/Shaders/Private/SceneTexturesCommon.ush" 2092
"../../../Engine/Shaders/Private/MonteCarlo.ush" 2093
"../../../Engine/Shaders/Private/GBufferHelpers.ush" 2094
"../../../Engine/Shaders/Private/SceneTextureParameters.ush" 2095
"D:/UNREAL ENGINE/UE BACKUP/BIBOP/BIBOP_2-6_UE/BIBOP_2-6_UE/Intermediate/ShaderAutogen/PCD3D_SM6/AutogenShaderHeaders.ush" 2096
"../../../Engine/Shaders/Private/ParticipatingMediaCommon.ush" 2097
"../../../Engine/Shaders/Private/ThinFilmBSDF.ush" 2098
"../../../Engine/Shaders/Private/MortonCode.ush" 2099
"../../../Engine/Shaders/Private/SubsurfaceProfileCommon.ush" 2100
"../../../Engine/Shaders/Private/BurleyNormalizedSSSCommon.ush" 2101
"../../../Engine/Shaders/Private/GammaCorrectionCommon.ush" 2102
"../../../Engine/Shaders/Shared/SubstrateDefinitions.h" 2103
"../../../Engine/Shaders/Private/Substrate/SubstrateStatisticalOperators.ush" 2104
"../../../Engine/Shaders/Private/Substrate/SubstrateSubsurface.ush" 2105
"../../../Engine/Shaders/Private/TransmissionCommon.ush" 2106
"../../../Engine/Shaders/Private/Substrate/SubstrateExportCommon.ush" 2107
"../../../Engine/Shaders/Private/SpecularProfileCommon.ush" 2108
"../../../Engine/Shaders/Private/RayTracing/RayTracingCommonMetal.ush" 2109
"../../../Engine/Shaders/Private/PositionReconstructionCommon.ush" 2110
"../../../Engine/Shaders/Private/RayTracing/TraceRayInline.ush" 2111
"../../../Engine/Shaders/Private/RayTracing/TraceRayInlineCommon.ush" 2112
"../../../Engine/Shaders/Private/RayTracing/TraceRayInlineVulkan.ush" 2113
"../../../Engine/Shaders/Private/RayTracing/TraceRayInlineMetal.ush" 2114
"../../../Engine/Shaders/Private/RayTracing/RayTracingHitGroupCommon.ush" 2115
"../../../Engine/Shaders/Private/Nanite/NaniteRayTrace.ush" 2116
"../../../Engine/Shaders/Private/Nanite/NaniteDataDecode.ush" 2117
"../../../Engine/Shaders/Private/BitPacking.ush" 2118
"../../../Engine/Shaders/Private/BitStreamReaderImplementation.ush" 2119
"../../../Engine/Shaders/Private/BoneTransform.ush" 2120
"../../../Engine/Shaders/Private/Quaternion.ush" 2121
"../../../Engine/Shaders/Private/Skinning/SkinningDataDecode.ush" 2122
"../../../Engine/Shaders/Private/GpuSkinCommon.ush" 2123
"../../../Engine/Shaders/Shared/SkinningDefinitions.h" 2124
"../../../Engine/Shaders/Shared/NaniteDefinitions.h" 2125
"../../../Engine/Shaders/Private/Nanite/NaniteAttributeDecode.ush" 2126
"../../../Engine/Shaders/Private/Barycentrics.ush" 2127
"../../../Engine/Shaders/Private/DualNumber.ush" 2128
"../../../Engine/Shaders/Shared/ThirdParty/RayTriangleIntersection.h" 2129
"../../../Engine/Shaders/Private/Nanite/NaniteVertexFetch.ush" 2130
"../../../Engine/Shaders/Private/ViewData.ush" 2131
"../../../Engine/Shaders/Shared/ViewDefinitions.h" 2132
"../../../Engine/Shaders/Private/Nanite/NaniteSceneCommon.ush" 2133
"../../../Engine/Shaders/Private/RayTracing/TraceRayInlineD3D12.ush" 2134
"../../../Engine/Plugins/FX/Niagara/Shaders/Private/NiagaraSpriteVertexFactory.ush" 2135
"../../../Engine/Shaders/Private/ParticleVertexFactoryCommon.ush" 2136
"../../../Engine/Plugins/FX/Niagara/Shaders/Private/NiagaraVFCommon.usf" 2137
"../../../Engine/Plugins/FX/Niagara/Shaders/Private/NiagaraVFParticleAccess.usf" 2138
"../../../Engine/Plugins/FX/Niagara/Shaders/Private/NiagaraParticleAccess.ush" 2139
"../../../Engine/Plugins/FX/Niagara/Shaders/Private/NiagaraRibbonVertexFactory.ush" 2140
"../../../Engine/Plugins/FX/Niagara/Shaders/Private/NiagaraMeshVertexFactory.ush" 2141
"../../../Engine/Plugins/FX/Niagara/Shaders/Private/NiagaraCommon.ush" 2142
"../../../Engine/Plugins/FX/Niagara/Shaders/Private/NiagaraMeshParticleUtils.ush" 2143
"../../../Engine/Shaders/Private/VectorFieldVisualizationVertexFactory.ush" 2144
"../../../Engine/Shaders/Private/Nanite/NaniteVertexFactory.ush" 2145
"../../../Engine/Shaders/Private/LightmapData.ush" 2146
"../../../Engine/Shaders/Private/SplineMeshCommon.ush" 2147
"../../../Engine/Shaders/Shared/SplineMeshShaderParams.h" 2148
"../../../Engine/Shaders/Private/ShaderPrint.ush" 2149
"../../../Engine/Shaders/Private/ShaderPrintCommon.ush" 2150
"../../../Engine/Shaders/Private/MiniFontCommon.ush" 2151
"../../../Engine/Shaders/Private/SGGX.ush" 2152
"../../../Engine/Shaders/Private/MaterialCache/MaterialCacheCommon.ush" 2153
"../../../Engine/Shaders/Private/Nanite/NaniteVertexDeformation.ush" 2154
"../../../Engine/Shaders/Private/Matrices.ush" 2155
"../../../Engine/Shaders/Private/ParticleSpriteVertexFactory.ush" 2156
"../../../Engine/Shaders/Private/ParticleGPUSpriteVertexFactory.ush" 2157
"../../../Engine/Shaders/Private/ParticleSimulationCommon.ush" 2158
"../../../Engine/Shaders/Private/ParticleBeamTrailVertexFactory.ush" 2159
"../../../Engine/Shaders/Private/MeshParticleVertexFactory.ush" 2160
"../../../Engine/Shaders/Private/LocalVertexFactory.ush" 2161
"../../../Engine/Shaders/Private/GpuSkinVertexFactory.ush" 2162
"../../../Engine/Shaders/Private/GeometryCollectionVertexFactory.ush" 2163
"../../../Engine/Shaders/Private/GeometryCacheVertexFactory.ush" 2164
"../../../Engine/Shaders/Private/LandscapeVertexFactory.ush" 2165
"../../../Engine/Plugins/Enterprise/GLTFExporter/Shaders/Private/SimpleTexture2DPS.usf" 2166
"../../../Engine/Shaders/Private/SimpleElementNormalMapPixelShader.usf" 2167
"../../../Engine/Plugins/Runtime/HairStrands/Shaders/Private/NiagaraCopyVelocityGrid.usf" 2168
"../../../Engine/Plugins/Runtime/HairStrands/Shaders/Private/NiagaraClearVelocityGrid.usf" 2169
"../../../Engine/Plugins/Runtime/HairStrands/Shaders/Private/NiagaraClearPressureGrid.usf" 2170
"../../../Engine/Plugins/Runtime/HairStrands/Shaders/Private/NiagaraInterpolateGroomGuides.usf" 2171
"../../../Engine/Plugins/Runtime/HairStrands/Shaders/Private/NiagaraGroomInterpolationUtils.ush" 2172
"../../../Engine/Plugins/FX/Niagara/Shaders/Private/NiagaraQuaternionUtils.ush" 2173
"../../../Engine/Shaders/Private/HairStrands/HairStrandsMesh.usf" 2174
"../../../Engine/Shaders/Private/HairStrands/HairStrandsBindingCommon.ush" 2175
"../../../Engine/Shaders/Private/HairStrands/HairStrandsFollicleMask.usf" 2176
"../../../Engine/Shaders/Private/HairStrands/HairStrandsSkinUpdate.usf" 2177
"../../../Engine/Shaders/Private/HairStrands/HairStrandsClusterCulling.usf" 2178
"../../../Engine/Shaders/Private/ColorMap.ush" 2179
"../../../Engine/Shaders/Private/HairStrands/HairStrandsAABBCommon.ush" 2180
"../../../Engine/Shaders/Private/HairStrands/HairStrandsClusterCommon.ush" 2181
"../../../Engine/Shaders/Private/ThreadGroupPrefixSum.ush" 2182
"../../../Engine/Shaders/Private/HairStrands/HairStrandsRaytracingGeometry.usf" 2183
"../../../Engine/Shaders/Private/HairStrands/HairStrandsTangent.usf" 2184
"../../../Engine/Shaders/Private/HairStrands/HairCardsDeformation.usf" 2185
"../../../Engine/Shaders/Private/HairStrands/HairStrandsInterpolation.usf" 2186
"../../../Engine/Shaders/Private/HairStrands/HairStrandsGuideDeform.usf" 2187
"../../../Engine/Shaders/Private/HairStrands/HairStrandsTexturesGeneration.usf" 2188
"../../../Engine/Shaders/Private/HairStrands/HairCardsTextureCommon.ush" 2189
"../../../Engine/Shaders/Private/HairStrands/HairStrandsTranscode.usf" 2190
"../../../Engine/Shaders/Private/HairStrands/HairStrandsDebug.usf" 2191
"../../../Engine/Shaders/Private/HairShadingCommon.ush" 2192
"../../../Engine/Shaders/Private/PostProcessCommon.ush" 2193
"../../../Engine/Shaders/Private/ShadingModels.ush" 2194
"../../../Engine/Shaders/Private/CapsuleLight.ush" 2195
"../../../Engine/Shaders/Private/RectLight.ush" 2196
"../../../Engine/Shaders/Private/LightData.ush" 2197
"../../../Engine/Shaders/Shared/LightDefinitions.h" 2198
"../../../Engine/Shaders/Private/AreaLightCommon.ush" 2199
"../../../Engine/Shaders/Private/HairBsdf.ush" 2200
"../../../Engine/Shaders/Private/PathTracing/Utilities/PathTracingRandomSequence.ush" 2201
"../../../Engine/Shaders/Private/MobileGGX.ush" 2202
"../../../Engine/Shaders/Private/HairStrands/HairStrandsCommon.ush" 2203
"../../../Engine/Shaders/Private/HairStrands/HairStrandsEnvironmentLightingCommon.ush" 2204
"../../../Engine/Shaders/Private/HairStrands/HairStrandsDeepTransmittanceCommon.ush" 2205
"../../../Engine/Shaders/Private/HairStrands/HairStrandsDeepTransmittanceDualScattering.ush" 2206
"../../../Engine/Shaders/Private/HairStrands/HairStrandsDeepShadowCommon.ush" 2207
"../../../Engine/Shaders/Private/HairStrands/HairStrandsDebugCommonStruct.ush" 2208
"../../../Engine/Plugins/FX/Niagara/Shaders/Private/NiagaraVertexFactoryExport.usf" 2209
"../../../Engine/Shaders/Private/ComputeShaderUtils.ush" 2210
"../../../Engine/Shaders/Private/MaterialTemplate.ush" 2211
"../../../Engine/Shaders/Private/WorldSpaceMath.ush" 2212
"../../../Engine/Shaders/Private/EyeAdaptationCommon.ush" 2213
"../../../Engine/Shaders/Private/SobolRandom.ush" 2214
"../../../Engine/Shaders/Private/DepthOfFieldCommon.ush" 2215
"../../../Engine/Shaders/Private/CircleDOFCommon.ush" 2216
"../../../Engine/Shaders/Private/DistanceField/GlobalDistanceFieldShared.ush" 2217
"../../../Engine/Shaders/Private/PhysicsFieldSampler.ush" 2218
"../../../Engine/Shaders/Private/PhysicsFieldShared.ush" 2219
"../../../Engine/Shaders/Private/SparseVolumeTexture/SparseVolumeTextureCommon.ush" 2220
"../../../Engine/Shaders/Shared/EnvironmentComponentsFlags.h" 2221
"../../../Engine/Shaders/Private/MeshPaintTextureCommon.ush" 2222
"../../../Engine/Shaders/Private/VirtualTextureMaterial.ush" 2223
"../../../Engine/Shaders/Private/MaterialCache/MaterialCacheMaterialCommon.ush" 2224
"../../../Engine/Shaders/Private/Quantization.ush" 2225
"../../../Engine/Shaders/Private/SpeedTreeCommon.ush" 2226
"../../../Engine/Shaders/Private/VirtualTextureCommon.ush" 2227
"../../../Engine/Shaders/Public/IndirectVirtualTextureCommon.ush" 2228
"../../../Engine/Shaders/Private/MaterialTexture.ush" 2229
"../../../Engine/Shaders/Private/MinMaterialTexCoords.ush" 2230
"../../../Engine/Shaders/Private/SkyAtmosphereCommon.ush" 2231
"../../../Engine/Shaders/Private/SingleLayerWaterCommon.ush" 2232
"../../../Engine/Shaders/Private/TextureSampling.ush" 2233
"../../../Engine/Shaders/Private/PaniniProjection.ush" 2234
"../../../Engine/Shaders/Private/DBufferNormalReprojection.ush" 2235
"../../../Engine/Shaders/Public/SubstratePublic.ush" 2236
"../../../Engine/Shaders/Private/Substrate/SubstrateRead.ush" 2237
"../../../Engine/Shaders/Private/Substrate/SubstrateTree.ush" 2238
"../../../Engine/Shaders/Private/Substrate/SubstrateEvaluation.ush" 2239
"../../../Engine/Shaders/Private/Substrate/Glint/GlintThirdParty.ush" 2240
"../../../Engine/Shaders/Private/BlueNoise.ush" 2241
"../../../Engine/Shaders/Private/SHCommon.ush" 2242
"../../../Engine/Shaders/Private/ShadingModelsSampling.ush" 2243
"../../../Engine/Shaders/Private/HairStrands/HairBsdfSample.ush" 2244
"../../../Engine/Shaders/Private/Substrate/SubstrateLegacyConversion.ush" 2245
"../../../Engine/Shaders/Private/DBufferDecalShared.ush" 2246
"../../../Engine/Plugins/FX/Niagara/Shaders/Private/NiagaraSortKeyGen.usf" 2247
"../../../Engine/Plugins/FX/Niagara/Shaders/Private/NiagaraGPURayTracingTransforms.usf" 2248
"../../../Engine/Plugins/FX/Niagara/Shaders/Private/NiagaraDrawIndirectArgsGen.usf" 2249
"../../../Engine/Plugins/FX/Niagara/Shaders/Private/NiagaraDispatchIndirectArgsGen.usf" 2250
"../../../Engine/Plugins/FX/Niagara/Shaders/Private/Stateless/NiagaraStatelessSimulationDefault.usf" 2251
"../../../Engine/Plugins/FX/Niagara/Shaders/Private/Stateless/NiagaraStatelessCommon.ush" 2252
"../../../Engine/Plugins/FX/Niagara/Shaders/Shared/NiagaraStatelessDefinitions.h" 2253
"../../../Engine/Plugins/FX/Niagara/Shaders/Shared/NiagaraStatelessBuiltDistribution.h" 2254
"../../../Engine/Plugins/FX/Niagara/Shaders/Private/Stateless/NiagaraStatelessDistribution.ush" 2255
"../../../Engine/Plugins/FX/Niagara/Shaders/Private/Stateless/Template/GenerateCS_PreModules.ush" 2256
"../../../Engine/Plugins/FX/Niagara/Shaders/Private/Stateless/Modules/NiagaraStatelessModule_CalculateAccurateVelocity.ush" 2257
"../../../Engine/Plugins/FX/Niagara/Shaders/Private/Stateless/Modules/NiagaraStatelessModule_CameraOffset.ush" 2258
"../../../Engine/Plugins/FX/Niagara/Shaders/Private/Stateless/Modules/NiagaraStatelessModule_DynamicMaterialParameters.ush" 2259
"../../../Engine/Plugins/FX/Niagara/Shaders/Private/Stateless/Modules/NiagaraStatelessModule_InitializeParticle.ush" 2260
"../../../Engine/Plugins/FX/Niagara/Shaders/Private/Stateless/Modules/NiagaraStatelessModule_InitialMeshOrientation.ush" 2261
"../../../Engine/Plugins/FX/Niagara/Shaders/Private/Stateless/Modules/NiagaraStatelessModule_MeshIndex.ush" 2262
"../../../Engine/Plugins/FX/Niagara/Shaders/Private/Stateless/Modules/NiagaraStatelessModule_MeshRotationRate.ush" 2263
"../../../Engine/Plugins/FX/Niagara/Shaders/Private/Stateless/Modules/NiagaraStatelessModule_RotateAroundPoint.ush" 2264
"../../../Engine/Plugins/FX/Niagara/Shaders/Private/Stateless/Modules/NiagaraStatelessModule_ShapeLocation.ush" 2265
"../../../Engine/Plugins/FX/Niagara/Shaders/Private/Stateless/Modules/NiagaraStatelessModule_ScaleColor.ush" 2266
"../../../Engine/Plugins/FX/Niagara/Shaders/Private/Stateless/Modules/NiagaraStatelessModule_ScaleRibbonWidth.ush" 2267
"../../../Engine/Plugins/FX/Niagara/Shaders/Private/Stateless/Modules/NiagaraStatelessModule_ScaleSpriteSize.ush" 2268
"../../../Engine/Plugins/FX/Niagara/Shaders/Private/Stateless/Modules/NiagaraStatelessModule_ScaleSpriteSizeBySpeed.ush" 2269
"../../../Engine/Plugins/FX/Niagara/Shaders/Private/Stateless/Modules/NiagaraStatelessModule_ScaleMeshSize.ush" 2270
"../../../Engine/Plugins/FX/Niagara/Shaders/Private/Stateless/Modules/NiagaraStatelessModule_ScaleMeshSizebySpeed.ush" 2271
"../../../Engine/Plugins/FX/Niagara/Shaders/Private/Stateless/Modules/NiagaraStatelessModule_SolveVelocitiesAndForces.ush" 2272
"../../../Engine/Plugins/FX/Niagara/Shaders/Private/Stateless/Modules/NiagaraStatelessModule_SpriteFacingAndAlignment.ush" 2273
"../../../Engine/Plugins/FX/Niagara/Shaders/Private/Stateless/Modules/NiagaraStatelessModule_SpriteRotationRate.ush" 2274
"../../../Engine/Plugins/FX/Niagara/Shaders/Private/Stateless/Modules/NiagaraStatelessModule_SubUVAnimation.ush" 2275
"../../../Engine/Plugins/FX/Niagara/Shaders/Private/Stateless/Template/GenerateCS_PostModules.ush" 2276
"../../../Engine/Plugins/FX/Niagara/Shaders/Private/NiagaraBlendSVTsToDenseBuffer.usf" 2277
"../../../Engine/Plugins/FX/Niagara/Shaders/Private/NiagaraSVTToDenseBuffer.usf" 2278
"../../../Engine/Plugins/FX/Niagara/Shaders/Private/NiagaraFillIntBuffer.usf" 2279
"../../../Engine/Plugins/FX/Niagara/Shaders/Private/NiagaraComputeFreeIDs.usf" 2280
"../../../Engine/Plugins/FX/Niagara/Shaders/Private/NiagaraInitFreeIDBuffer.usf" 2281
"../../../Engine/Plugins/FX/Niagara/Shaders/Private/NiagaraEmitterInstanceShader.usf" 2282
"../../../Engine/Plugins/FX/Niagara/Shaders/Private/NiagaraShaderVersion.ush" 2283
"../../../Engine/Plugins/FX/Niagara/Shaders/Private/NiagaraPhysicsCommon.ush" 2284
"../../../Engine/Plugins/FX/Niagara/Shaders/Private/Ribbons/NiagaraRibbonAggregationApply.usf" 2285
"../../../Engine/Plugins/FX/Niagara/Shaders/Private/Ribbons/NiagaraRibbonCommon.ush" 2286
"../../../Engine/Plugins/FX/Niagara/Shaders/Shared/NiagaraRibbonShared.h" 2287
"../../../Engine/Plugins/FX/Niagara/Shaders/Private/Ribbons/NiagaraRibbonAggregationStep.usf" 2288
"../../../Engine/Plugins/FX/Niagara/Shaders/Private/Ribbons/NiagaraRibbonGenerateIndices.usf" 2289
"../../../Engine/Plugins/FX/Niagara/Shaders/Private/Ribbons/NiagaraRibbonInitializeIndices.usf" 2290
"../../../Engine/Plugins/FX/Niagara/Shaders/Private/Ribbons/NiagaraRibbonRibbonUVParamCalculation.usf" 2291
"../../../Engine/Plugins/FX/Niagara/Shaders/Private/Ribbons/NiagaraRibbonVertexReductionFinalization.usf" 2292
"../../../Engine/Plugins/FX/Niagara/Shaders/Private/Ribbons/NiagaraRibbonVertexReductionInitialization.usf" 2293
"../../../Engine/Plugins/FX/Niagara/Shaders/Private/Ribbons/NiagaraRibbonSortParticles.usf" 2294
"../../../Engine/Plugins/FX/Niagara/Shaders/Private/NiagaraLWCHelper.usf" 2295
"../../../Engine/Plugins/FX/Niagara/Shaders/Private/NiagaraUpdateMeshGPUSceneInstances.usf" 2296
"../../../Engine/Shaders/Private/GPUScene/GPUSceneWriter.ush" 2297
"../../../Engine/Plugins/FX/Niagara/Shaders/Private/NiagaraGenerateMips.usf" 2298
"../../../Engine/Plugins/FX/Niagara/Shaders/Private/NiagaraDebugDraw.usf" 2299
"../../../Engine/Plugins/FX/Niagara/Shaders/Private/NiagaraDebugDraw.ush" 2300
"../../../Engine/Plugins/FX/Niagara/Shaders/Private/NiagaraVisualizeTexture.usf" 2301
"../../../Engine/Plugins/FX/Niagara/Shaders/Private/NiagaraClearCounts.usf" 2302
"../../../Engine/Plugins/FX/Niagara/Shaders/Private/NiagaraBatchedElements.usf" 2303
"../../../Engine/Plugins/FX/Niagara/Shaders/Private/NiagaraRayTracingShaders.usf" 2304
"../../../Engine/Plugins/FX/Niagara/Shaders/Private/NiagaraAsyncGpuTraceCommon.ush" 2305
"../../../Engine/Shaders/Private/HashTable.ush" 2306
"../../../Engine/Shaders/Private/Hash.ush" 2307
"../../../Engine/Shaders/Private/RayTracing/VFXTraceRay.ush" 2308
"../../../Engine/Plugins/FX/Niagara/Shaders/Private/NiagaraRayMarchingShaders.usf" 2309
"../../../Engine/Plugins/FX/Niagara/Shaders/Private/NiagaraRayTraceCollisionGroupShaders.usf" 2310
"../../../Engine/Plugins/FX/Niagara/Shaders/Private/NiagaraAsyncGpuTraceUtils.usf" 2311
"../../../Engine/Plugins/Compositing/CompositeCore/Shaders/Private/CompositeCoreMerge.usf" 2312
"../../../Engine/Shaders/Private/ScreenPass.ush" 2313
"../../../Engine/Shaders/Private/LensDistortion.ush" 2314
"../../../Engine/Plugins/Compositing/CompositeCore/Shaders/Private/CompositeCoreBlending.ush" 2315
"../../../Engine/Plugins/Compositing/CompositeCore/Shaders/Private/CompositeCoreDisplayTransform.usf" 2316
"../../../Engine/Plugins/Compositing/CompositeCore/Shaders/Private/CompositeCoreDilate.usf" 2317
"../../../Engine/Plugins/NNE/NNEDenoiser/Shaders/NNEDenoiserShadersTransferFunctionOidn.usf" 2318
"../../../Engine/Plugins/NNE/NNEDenoiser/Shaders/NNEDenoiserShadersMappedCopy.usf" 2319
"../../../Engine/Plugins/NNE/NNEDenoiser/Shaders/NNEDenoiserShadersDefaultIOProcess.usf" 2320
"../../../Engine/Plugins/NNE/NNEDenoiser/Shaders/NNEDenoiserShadersAutoExposureReduceFinal.usf" 2321
"../../../Engine/Plugins/NNE/NNEDenoiser/Shaders/NNEDenoiserShadersAutoExposureReduce.usf" 2322
"../../../Engine/Plugins/NNE/NNEDenoiser/Shaders/NNEDenoiserShadersAutoExposureDownsample.usf" 2323
"../../../Engine/Plugins/Media/WmfMedia/Shaders/Private/MediaHardwareVideoDecoding.usf" 2324
"../../../Engine/Shaders/Private/ColorUtils.ush" 2325
"../../../Engine/Plugins/Media/ImgMedia/Shaders/Private/ExrSwizzler.usf" 2326
"../../../Engine/Plugins/Experimental/NFORDenoise/Shaders/NFORDenoise.usf" 2327
"../../../Engine/Plugins/Experimental/NFORDenoise/Shaders/NFORRegressionCommon.ush" 2328
"../../../Engine/Plugins/Experimental/NFORDenoise/Shaders/NFORRegression.ush" 2329
"../../../Engine/Plugins/Runtime/ComputeFramework/Shaders/Private/ComputeKernel.usf" 2330
"../../../Engine/Plugins/Runtime/ComputeFramework/Shaders/Private/ComputeKernelCommon.ush" 2331
"../../../Engine/Plugins/PCG/Shaders/Private/PCGTextureReadback.usf" 2332
"../../../Engine/Plugins/PCG/Shaders/Private/PCGSceneWriter.usf" 2333
"../../../Engine/Plugins/PCG/Shaders/Private/PCGGrassMapUnpackerCS.usf" 2334
"../../../Engine/Shaders/Private/Landscape/LandscapeCommon.ush" 2335
"../../../Engine/Shaders/Private/VirtualTextureAdapter.usf" 2336
"../../../Engine/Shaders/Private/BlockCompressionCommon.ush" 2337
"../../../Engine/Shaders/Private/BCCompressionCommon.ush" 2338
"../../../Engine/Shaders/Private/TranslucentLightingShaders.usf" 2339
"../../../Engine/Shaders/Private/TranslucencyVolumeInjectionCommon.ush" 2340
"../../../Engine/Shaders/Private/CubemapCommon.ush" 2341
"../../../Engine/Shaders/Private/VectorFieldCompositeShaders.usf" 2342
"../../../Engine/Shaders/Private/UpdateTextureShaders.usf" 2343
"../../../Engine/Shaders/Private/StereoLayerShader.usf" 2344
"../../../Engine/Shaders/Private/SparseVolumeTexture/UpdateSparseVolumeTexture.usf" 2345
"../../../Engine/Shaders/Private/MorphTargets.usf" 2346
"../../../Engine/Shaders/Private/SimpleElementColorChannelMaskPixelShader.usf" 2347
"../../../Engine/Shaders/Private/SimpleElementHitProxyPixelShader.usf" 2348
"../../../Engine/Shaders/Private/SimpleElementPixelShader.usf" 2349
"../../../Engine/Shaders/Private/IESLightProfilesCommon.ush" 2350
"../../../Engine/Shaders/Private/SimpleElementVertexShader.usf" 2351
"../../../Engine/Shaders/Private/ScreenPixelShaderOES.usf" 2352
"../../../Engine/Shaders/Private/ScreenVertexShader.usf" 2353
"../../../Engine/Shaders/Private/ScreenPixelShader.usf" 2354
"../../../Engine/Shaders/Private/SSProfilePreIntegratedMobile.usf" 2355
"../../../Engine/Shaders/Private/SpecularProfile.usf" 2356
"../../../Engine/Shaders/Private/Nanite/NaniteStreaming.usf" 2357
"../../../Engine/Shaders/Private/Nanite/NaniteStreaming.ush" 2358
"../../../Engine/Shaders/Private/VolumetricLightmapStreaming.usf" 2359
"../../../Engine/Shaders/Private/PhysicsFieldReset.usf" 2360
"../../../Engine/Shaders/Private/PhysicsFieldBuilder.usf" 2361
"../../../Engine/Shaders/Private/PhysicsFieldEval.ush" 2362
"../../../Engine/Shaders/Private/ParticleSortKeyGen.usf" 2363
"../../../Engine/Shaders/Private/ParticleBoundsShader.usf" 2364
"../../../Engine/Shaders/Private/ParticleSimVisualizeShader.usf" 2365
"../../../Engine/Shaders/Private/ParticleInjectionShader.usf" 2366
"../../../Engine/Shaders/Private/ParticleSimulationShader.usf" 2367
"../../../Engine/Shaders/Private/ParticleCurveInjectionShader.usf" 2368
"../../../Engine/Shaders/Private/Nanite/NaniteTranscode.usf" 2369
"../../../Engine/Shaders/Private/Nanite/NaniteScatterUpdates.usf" 2370
"../../../Engine/Shaders/Private/CopyUIntBuffer.usf" 2371
"../../../Engine/Shaders/Private/RadixSortShaders.usf" 2372
"../../../Engine/Shaders/Private/RecomputeTangentsPerVertexPass.usf" 2373
"../../../Engine/Shaders/Private/RecomputeTangentsCommon.ush" 2374
"../../../Engine/Shaders/Private/RecomputeTangentsPerTrianglePass.usf" 2375
"../../../Engine/Shaders/Private/DynamicMeshBounds.usf" 2376
"../../../Engine/Shaders/Private/GpuSkinCacheComputeShader.usf" 2377
"../../../Engine/Shaders/Private/DynamicMeshBounds.ush" 2378
"../../../Engine/Shaders/Private/HeightFieldAtlasManagement.usf" 2379
"../../../Engine/Shaders/Private/Landscape/LandscapeEditLayersUtils.usf" 2380
"../../../Engine/Shaders/Private/Landscape/LandscapeEditLayersWeightmaps.usf" 2381
"../../../Engine/Shaders/Private/Landscape/LandscapeEditLayersHeightmaps.usf" 2382
"../../../Engine/Shaders/Private/LandscapeLayersPS.usf" 2383
"../../../Engine/Shaders/Private/LandscapePhysicalMaterial.usf" 2384
"../../../Engine/Shaders/Private/LandscapeGrassWeight.usf" 2385
"../../../Engine/Shaders/Private/Landscape/LandscapeCulling.usf" 2386
"../../../Engine/Shaders/Private/Nanite/NaniteHZBCull.ush" 2387
"../../../Engine/Shaders/Private/HZB.ush" 2388
"../../../Engine/Shaders/Private/Landscape/LandscapeMergeTexturesPS.usf" 2389
"../../../Engine/Shaders/Private/WideCustomResolveShaders.usf" 2390
"../../../Engine/Shaders/Private/WideCustomResolve_Wide.ush" 2391
"../../../Engine/Shaders/Private/WideCustomResolve_Wider.ush" 2392
"../../../Engine/Shaders/Private/WideCustomResolve_Widest.ush" 2393
"../../../Engine/Shaders/Private/WaterInfoTextureBlur.usf" 2394
"../../../Engine/Shaders/Private/WaterInfoTextureMerge.usf" 2395
"../../../Engine/Shaders/Private/PageTableUpdate.usf" 2396
"../../../Engine/Shaders/Private/VirtualTextureCompress.usf" 2397
"../../../Engine/Shaders/Private/ASTCCompressionCommon.ush" 2398
"../../../Engine/Shaders/Private/IntegerSequenceEncoding.ush" 2399
"../../../Engine/Shaders/Private/ETCCompressionCommon.ush" 2400
"../../../Engine/Shaders/Private/VirtualTextureMaterial.usf" 2401
"../../../Engine/Shaders/Private/PixelShaderOutputCommon.ush" 2402
"../../../Engine/Shaders/Private/ShaderOutputCommon.ush" 2403
"../../../Engine/Shaders/Private/VolumetricRenderTarget.usf" 2404
"../../../Engine/Shaders/Private/HeightFogCommon.ush" 2405
"../../../Engine/Shaders/Private/LocalFogVolumes/LocalFogVolumeCommon.ush" 2406
"../../../Engine/Shaders/Private/ReflectionEnvironmentShared.ush" 2407
"../../../Engine/Shaders/Private/VolumetricFogVoxelization.usf" 2408
"../../../Engine/Shaders/Private/VolumetricCloudMaterialPixelCommon.ush" 2409
"../../../Engine/Shaders/Private/VolumetricFogLightFunction.usf" 2410
"../../../Engine/Shaders/Private/LightFunctionCommon.ush" 2411
"../../../Engine/Shaders/Private/VolumetricFog.usf" 2412
"../../../Engine/Shaders/Private/DeferredLightingCommon.ush" 2413
"../../../Engine/Shaders/Private/DynamicLightingCommon.ush" 2414
"../../../Engine/Shaders/Private/CapsuleLightIntegrate.ush" 2415
"../../../Engine/Shaders/Private/CapsuleLightSampling.ush" 2416
"../../../Engine/Shaders/Private/RectLightIntegrate.ush" 2417
"../../../Engine/Shaders/Private/ScreenSpaceShadowRayCast.ush" 2418
"../../../Engine/Shaders/Private/LightFunctionAtlas/LightFunctionAtlasCommon.usf" 2419
"../../../Engine/Shaders/Private/LightGridCommon.ush" 2420
"../../../Engine/Shaders/Private/DistanceFieldAOShared.ush" 2421
"../../../Engine/Shaders/Private/IntersectionUtils.ush" 2422
"../../../Engine/Shaders/Private/VolumeLightingCommon.ush" 2423
"../../../Engine/Shaders/Private/ShadowProjectionCommon.ush" 2424
"../../../Engine/Shaders/Private/ShadowFilteringCommon.ush" 2425
"../../../Engine/Shaders/Private/PixelQuadMessagePassing.ush" 2426
"../../../Engine/Shaders/Private/VolumeLightingCommonSampling.ush" 2427
"../../../Engine/Shaders/Private/VolumetricLightmapShared.ush" 2428
"../../../Engine/Shaders/Private/ForwardShadowingCommon.ush" 2429
"../../../Engine/Shaders/Private/LightDataUniforms.ush" 2430
"../../../Engine/Shaders/Private/Lumen/LumenTranslucencyVolumeShared.ush" 2431
"../../../Engine/Shaders/Private/Lumen/LumenRadianceCacheInterpolation.ush" 2432
"../../../Engine/Shaders/Private/VirtualShadowMaps/VirtualShadowMapProjectionCommon.ush" 2433
"../../../Engine/Shaders/Private/VirtualShadowMaps/VirtualShadowMapPageAccessCommon.ush" 2434
"../../../Engine/Shaders/Shared/VirtualShadowMapDefinitions.h" 2435
"../../../Engine/Shaders/Shared/HLSLMathAliases.h" 2436
"../../../Engine/Shaders/Private/VirtualShadowMaps/VirtualShadowMapHandle.ush" 2437
"../../../Engine/Shaders/Private/VirtualShadowMaps/VirtualShadowMapProjectionStructs.ush" 2438
"../../../Engine/Shaders/Private/DiaphragmDOF/DOFCommon.ush" 2439
"../../../Engine/Shaders/Private/VolumetricCloudCommon.ush" 2440
"../../../Engine/Shaders/Private/VolumetricCloud.usf" 2441
"../../../Engine/Shaders/Private/VisualizeVolumetricLightmap.usf" 2442
"../../../Engine/Shaders/Private/VirtualShadowMaps/VirtualShadowMapProjectionComposite.usf" 2443
"../../../Engine/Shaders/Private/LightShaderParameters.ush" 2444
"../../../Engine/Shaders/Private/VirtualShadowMaps/VirtualShadowMapMaskBitsCommon.ush" 2445
"../../../Engine/Shaders/Private/VirtualShadowMaps/VirtualShadowMapLightGrid.ush" 2446
"../../../Engine/Shaders/Private/VirtualShadowMaps/VirtualShadowMapProjection.usf" 2447
"../../../Engine/Shaders/Private/Visualization.ush" 2448
"../../../Engine/Shaders/Private/VirtualShadowMaps/VirtualShadowMapProjectionFilter.ush" 2449
"../../../Engine/Shaders/Private/VirtualShadowMaps/VirtualShadowMapProjectionDirectional.ush" 2450
"../../../Engine/Shaders/Private/VirtualShadowMaps/VirtualShadowMapSMRTCommon.ush" 2451
"../../../Engine/Shaders/Private/VirtualShadowMaps/VirtualShadowMapSMRTTemplate.ush" 2452
"../../../Engine/Shaders/Private/VirtualShadowMaps/VirtualShadowMapProjectionSpot.ush" 2453
"../../../Engine/Shaders/Private/VirtualShadowMaps/VirtualShadowMapTransmissionCommon.ush" 2454
"../../../Engine/Shaders/Private/VirtualShadowMaps/VirtualShadowMapScreenRayTrace.ush" 2455
"../../../Engine/Shaders/Private/VirtualShadowMaps/VirtualShadowMapStats.ush" 2456
"../../../Engine/Shaders/Private/HairStrands/HairStrandsVoxelPageCommon.ush" 2457
"../../../Engine/Shaders/Private/HairStrands/HairStrandsVoxelPageTraversal.ush" 2458
"../../../Engine/Shaders/Private/VirtualShadowMaps/VirtualShadowMapCacheGPUInvalidation.usf" 2459
"../../../Engine/Shaders/Private/VirtualShadowMaps/VirtualShadowMapPageCacheCommon.ush" 2460
"../../../Engine/Shaders/Private/VirtualShadowMaps/VirtualShadowMapCacheInvalidation.ush" 2461
"../../../Engine/Shaders/Private/VirtualShadowMaps/VirtualShadowMapPageOverlap.ush" 2462
"../../../Engine/Shaders/Private/ScreenSpaceDenoise/SSDDefinitions.ush" 2463
"../../../Engine/Shaders/Private/InstanceCulling/InstanceCullingLoadBalancer.ush" 2464
"../../../Engine/Shaders/Private/VirtualShadowMaps/VirtualShadowMapCacheLoadBalancer.usf" 2465
"../../../Engine/Shaders/Private/VirtualShadowMaps/VirtualShadowMapCopyStats.usf" 2466
"../../../Engine/Shaders/Private/VirtualShadowMaps/VirtualShadowMapShadowCasterBounds.usf" 2467
"../../../Engine/Shaders/Private/VirtualShadowMaps/VirtualShadowMapVisualize.ush" 2468
"../../../Engine/Shaders/Private/VirtualShadowMaps/VirtualShadowMapShadowCasterColor.usf" 2469
"../../../Engine/Shaders/Private/VirtualShadowMaps/VirtualShadowMapDebug.usf" 2470
"../../../Engine/Shaders/Private/VirtualShadowMaps/Desaturate.usf" 2471
"../../../Engine/Shaders/Private/VirtualShadowMaps/VirtualShadowMapPhysicalPageManagement.usf" 2472
"../../../Engine/Shaders/Private/ReductionCommon.ush" 2473
"../../../Engine/Shaders/Private/GPUMessaging.ush" 2474
"../../../Engine/Shaders/Private/VirtualShadowMaps/VirtualShadowMapPerPageDispatch.ush" 2475
"../../../Engine/Shaders/Private/VirtualShadowMaps/VirtualShadowMapComputeExplicitChunkDrawsViewMask.usf" 2476
"../../../Engine/Shaders/Shared/SceneCullingDefinitions.h" 2477
"../../../Engine/Shaders/Private/VirtualShadowMaps/VirtualShadowMapCompactViews.usf" 2478
"../../../Engine/Shaders/Private/VirtualShadowMaps/VirtualShadowMapBuildPerPageDrawCommands.usf" 2479
"../../../Engine/Shaders/Private/Nanite/NaniteCullingCommon.ush" 2480
"../../../Engine/Shaders/Private/Nanite/NaniteCulling.ush" 2481
"../../../Engine/Shaders/Private/Nanite/NaniteHierarchyTraversalCommon.ush" 2482
"../../../Engine/Shaders/Private/InstanceCulling/InstanceCullingCommon.ush" 2483
"../../../Engine/Shaders/Shared/InstanceCullingDefinitions.h" 2484
"../../../Engine/Shaders/Private/VirtualShadowMaps/VirtualShadowMapPrintStats.usf" 2485
"../../../Engine/Shaders/Private/VirtualShadowMaps/VirtualShadowMapPageManagement.usf" 2486
"../../../Engine/Shaders/Private/VirtualShadowMaps/VirtualShadowMapPageMarking.usf" 2487
"../../../Engine/Shaders/Private/VirtualShadowMaps/VirtualShadowMapPageMarking.ush" 2488
"../../../Engine/Shaders/Shared/SingleLayerWaterDefinitions.h" 2489
"../../../Engine/Shaders/Private/HairStrands/HairStrandsTileCommon.ush" 2490
"../../../Engine/Shaders/Private/Froxel/Froxel.ush" 2491
"../../../Engine/Shaders/Shared/FroxelDefinitions.h" 2492
"../../../Engine/Shaders/Private/VirtualShadowMaps/VirtualShadowMapThrottle.usf" 2493
"../../../Engine/Shaders/Private/VelocityUpdate.usf" 2494
"../../../Engine/Shaders/Private/VelocityCommon.ush" 2495
"../../../Engine/Shaders/Private/VelocityShader.usf" 2496
"../../../Engine/Shaders/Private/VariableRateShading/VRSShadingRatePreview.usf" 2497
"../../../Engine/Shaders/Private/VariableRateShading/VRSShadingRateCommon.ush" 2498
"../../../Engine/Shaders/Private/VariableRateShading/VRSShadingRateCombine.usf" 2499
"../../../Engine/Shaders/Private/VariableRateShading/VRSShadingRateFoveated.usf" 2500
"../../../Engine/Shaders/Private/VariableRateShading/VRSShadingRateReproject.usf" 2501
"../../../Engine/Shaders/Private/VariableRateShading/VRSShadingRateCalculate.usf" 2502
"../../../Engine/Shaders/Private/TranslucencyUpsampling.usf" 2503
"../../../Engine/Shaders/Private/ComposeSeparateTranslucency.usf" 2504
"../../../Engine/Shaders/Private/SeparateTranslucency.ush" 2505
"../../../Engine/Shaders/Private/TranslucencyVolumeVisualize.usf" 2506
"../../../Engine/Shaders/Private/TranslucencyVolumeCommon.ush" 2507
"../../../Engine/Shaders/Private/TranslucentLightInjectionShaders.usf" 2508
"../../../Engine/Shaders/Private/HeterogeneousVolumes/HeterogeneousVolumesAdaptiveVolumetricShadowMapSampling.ush" 2509
"../../../Engine/Shaders/Private/HeterogeneousVolumes/HeterogeneousVolumesAdaptiveVolumetricShadowMapUtils.ush" 2510
"../../../Engine/Shaders/Private/HeterogeneousVolumes/HeterogeneousVolumesBeerShadowMapUtils.ush" 2511
"../../../Engine/Shaders/Private/TranslucentShadowDepthShaders.usf" 2512
"../../../Engine/Shaders/Private/ShadowDepthCommon.ush" 2513
"../../../Engine/Shaders/Private/RayTracing/RayTracingTest.usf" 2514
"../../../Engine/Shaders/Private/PostprocessSubsurfaceTile.usf" 2515
"../../../Engine/Shaders/Private/PostProcessSubsurfaceCommon.ush" 2516
"../../../Engine/Shaders/Private/Substrate/SubstrateVisualize.usf" 2517
"../../../Engine/Shaders/Private/Substrate/SubstrateTile.ush" 2518
"../../../Engine/Shaders/Shared/SubstrateVisualizeDefinitions.h" 2519
"../../../Engine/Shaders/Private/Substrate/SubstrateVisualizeCommon.ush" 2520
"../../../Engine/Shaders/Private/SkyLightingDiffuseShared.ush" 2521
"../../../Engine/Shaders/Private/SkyLightingShared.ush" 2522
"../../../Engine/Shaders/Private/ClearCoatCommon.ush" 2523
"../../../Engine/Shaders/Private/ReflectionEnvironmentComposite.ush" 2524
"../../../Engine/Shaders/Private/Substrate/SubstrateLightingCommon.ush" 2525
"../../../Engine/Shaders/Private/Substrate/SubstrateRoughRefraction.usf" 2526
"../../../Engine/Shaders/Private/PathTracing/Material/PathTracingFresnel.ush" 2527
"../../../Engine/Shaders/Private/PathTracing/Material/PathTracingGlossy.ush" 2528
"../../../Engine/Shaders/Private/Substrate/SubstrateMaterialSampling.usf" 2529
"../../../Engine/Shaders/Private/Substrate/SubstrateMaterialSampling.ush" 2530
"../../../Engine/Shaders/Private/Lumen/LumenPosition.ush" 2531
"../../../Engine/Shaders/Private/Substrate/SubstrateTile.usf" 2532
"../../../Engine/Shaders/Private/Substrate/SubstrateMaterialClassification.usf" 2533
"../../../Engine/Shaders/Private/Substrate/SubstrateDBuffer.usf" 2534
"../../../Engine/Shaders/Private/StochasticLighting/StochasticLightingTileClassification.usf" 2535
"../../../Engine/Shaders/Private/Lumen/LumenMaterial.ush" 2536
"../../../Engine/Shaders/Private/HairStrands/HairStrandsVisibilityUtils.ush" 2537
"../../../Engine/Shaders/Private/Lumen/LumenReflectionCommon.ush" 2538
"../../../Engine/Shaders/Private/Lumen/LumenReflectionsCombine.ush" 2539
"../../../Engine/Shaders/Private/Lumen/LumenScreenProbeTileClassication.ush" 2540
"../../../Engine/Shaders/Private/MegaLights/MegaLightsTileClassification.ush" 2541
"../../../Engine/Shaders/Private/StochasticLighting/StochasticLightingUpsample.ush" 2542
"../../../Engine/Shaders/Private/StochasticLighting/StochasticLightingCommon.ush" 2543
"../../../Engine/Shaders/Private/SplineMeshSceneTexture.usf" 2544
"../../../Engine/Shaders/Private/SparseVolumeTexture/VisualizeSparseVolumeTexture.usf" 2545
"../../../Engine/Shaders/Private/SkyAtmosphere.usf" 2546
"../../../Engine/Shaders/Private/Nanite/NaniteSkinningUpdateViewData.usf" 2547
"../../../Engine/Shaders/Private/SceneCulling/SceneCulling.ush" 2548
"../../../Engine/Shaders/Private/Skinning/TransformProviders.usf" 2549
"../../../Engine/Shaders/Private/Skinning/SkinnedMeshDebug.usf" 2550
"../../../Engine/Shaders/Private/Skinning/AnimBankEval.usf" 2551
"../../../Engine/Shaders/Private/SingleLayerWaterComposite.usf" 2552
"../../../Engine/Shaders/Private/Froxel/FroxelBuild.ush" 2553
"../../../Engine/Shaders/Private/SingleLayerWaterRefractionCulling.usf" 2554
"../../../Engine/Shaders/Private/ScreenSpaceShadows.usf" 2555
"../../../Engine/Shaders/Private/bend_sss_gpu.ush" 2556
"../../../Engine/Shaders/Private/ShadowFactorsUpsampleCommon.ush" 2557
"../../../Engine/Shaders/Private/FirstPersonSelfShadow.usf" 2558
"../../../Engine/Shaders/Private/HZBTracing.ush" 2559
"../../../Engine/Shaders/Private/LateZDummyPS.usf" 2560
"../../../Engine/Shaders/Private/ShadowProjectionVertexShader.usf" 2561
"../../../Engine/Shaders/Private/ShadowProjectionPixelShader.usf" 2562
"../../../Engine/Shaders/Private/MobileLightingCommon.ush" 2563
"../../../Engine/Shaders/Private/PlanarReflectionShared.ush" 2564
"../../../Engine/Shaders/Private/MobileSSR.ush" 2565
"../../../Engine/Shaders/Private/SSRT/SSRTRayCast.ush" 2566
"../../../Engine/Shaders/Private/ShadowPercentageCloserFiltering.ush" 2567
"../../../Engine/Shaders/Private/TransmissionThickness.ush" 2568
"../../../Engine/Shaders/Private/CopyShadowMaps.usf" 2569
"../../../Engine/Shaders/Private/ShadowDepthPixelShader.usf" 2570
"../../../Engine/Shaders/Private/ShadowDepthVertexShader.usf" 2571
"../../../Engine/Shaders/Private/ShadingEnergyConservationTable.usf" 2572
"../../../Engine/Shaders/Shared/PathTracingDefinitions.h" 2573
"../../../Engine/Shaders/Private/ShadingFurnaceTest.usf" 2574
"../../../Engine/Shaders/Private/Substrate/SubstrateDeferredLighting.ush" 2575
"../../../Engine/Shaders/Private/ShaderPrintDraw.usf" 2576
"../../../Engine/Shaders/Private/ShaderPrintDrawPrimitive.usf" 2577
"../../../Engine/Shaders/Private/DefaultSSRTiles.usf" 2578
"../../../Engine/Shaders/Private/ScreenSpaceReflectionTileCommons.ush" 2579
"../../../Engine/Shaders/Private/SSRT/SSRTDiffuseIndirect.usf" 2580
"../../../Engine/Shaders/Private/SSRT/SSRTTileClassificationBuffer.ush" 2581
"../../../Engine/Shaders/Private/SSRT/SSRTReflections.usf" 2582
"../../../Engine/Shaders/Private/ScreenSpaceDenoise/SSDPublic.ush" 2583
"../../../Engine/Shaders/Private/SSRT/SSRTTileClassification.usf" 2584
"../../../Engine/Shaders/Private/SSRT/SSRTPrevFrameReduction.usf" 2585
"../../../Engine/Shaders/Private/ScreenSpaceDenoise/SSDComposeHarmonics.usf" 2586
"../../../Engine/Shaders/Private/ScreenSpaceDenoise/SSDPublicHarmonics.ush" 2587
"../../../Engine/Shaders/Private/ScreenSpaceDenoise/SSDSignalFramework.ush" 2588
"../../../Engine/Shaders/Private/ScreenSpaceDenoise/SSDCommon.ush" 2589
"../../../Engine/Shaders/Private/SphericalGaussian.ush" 2590
"../../../Engine/Shaders/Public/WaveBroadcastIntrinsics.ush" 2591
"../../../Engine/Shaders/Private/ScreenSpaceDenoise/SSDMetadata.ush" 2592
"../../../Engine/Shaders/Private/ScreenSpaceDenoise/SSDSignalCore.ush" 2593
"../../../Engine/Shaders/Private/ScreenSpaceDenoise/DenoisingCommon.ush" 2594
"../../../Engine/Shaders/Private/ScreenSpaceDenoise/SSDSignalArray.ush" 2595
"../../../Engine/Shaders/Private/ScreenSpaceDenoise/SSDSignalBufferEncoding.ush" 2596
"../../../Engine/Shaders/Private/ScreenSpaceDenoise/SSDPublicBufferEncoding.ush" 2597
"../../../Engine/Shaders/Private/Lumen/LumenBufferEncoding.ush" 2598
"../../../Engine/Shaders/Private/ScreenSpaceDenoise/SSDTemporalAccumulation.usf" 2599
"../../../Engine/Shaders/Private/ScreenSpaceDenoise/SSDSpatialKernel.ush" 2600
"../../../Engine/Shaders/Private/ScreenSpaceDenoise/SSDSignalAccumulatorArray.ush" 2601
"../../../Engine/Shaders/Private/ScreenSpaceDenoise/SSDSignalAccumulator.ush" 2602
"../../../Engine/Shaders/Private/ScreenSpaceDenoise/SSDSignalCompression.ush" 2603
"../../../Engine/Shaders/Private/ScreenSpaceDenoise/SSDSpatialAccumulation.usf" 2604
"../../../Engine/Shaders/Private/ScreenSpaceDenoise/SSDInjest.usf" 2605
"../../../Engine/Shaders/Private/ScreenSpaceDenoise/SSDCompressMetadata.usf" 2606
"../../../Engine/Shaders/Private/DownsampleDepthPixelShader.usf" 2607
"../../../Engine/Shaders/Private/ScreenPass.usf" 2608
"../../../Engine/Shaders/Private/HZB.usf" 2609
"../../../Engine/Shaders/Private/OcclusionFeedbackShaders.usf" 2610
"../../../Engine/Shaders/Private/HZBOcclusion.usf" 2611
"../../../Engine/Shaders/Private/OcclusionQueryPixelShader.usf" 2612
"../../../Engine/Shaders/Private/OcclusionQueryVertexShader.usf" 2613
"../../../Engine/Shaders/Private/HitProxyCopy.usf" 2614
"../../../Engine/Shaders/Private/HitProxyPixelShader.usf" 2615
"../../../Engine/Shaders/Private/HitProxyVertexShader.usf" 2616
"../../../Engine/Shaders/Private/SceneCulling/SceneCullingDebugRender.usf" 2617
"../../../Engine/Shaders/Private/SceneCulling/SceneCullingBuildExplicitBounds.usf" 2618
"../../../Engine/Shaders/Private/SceneCapturePixelShader.usf" 2619
"../../../Engine/Shaders/Private/RendererUtils.usf" 2620
"../../../Engine/Shaders/Private/RTWriteMaskDecode.usf" 2621
"../../../Engine/Shaders/Private/ReflectionEnvironmentShaders.usf" 2622
"../../../Engine/Shaders/Private/RectLightAtlas.usf" 2623
"../../../Engine/Shaders/Private/RayTracing/TraceRayInlineStatistics.usf" 2624
"../../../Engine/Shaders/Private/RayTracing/CompositeSkyLightPS.usf" 2625
"../../../Engine/Shaders/Private/RayTracing/GenerateSkyLightVisibilityRaysCS.usf" 2626
"../../../Engine/Shaders/Private/RayTracing/RayTracingSkyLightCommon.ush" 2627
"../../../Engine/Shaders/Private/RayTracing/SkyLightVisibilityRaysData.ush" 2628
"../../../Engine/Shaders/Private/Raytracing/RaytracingSkylightRGS.usf" 2629
"../../../Engine/Shaders/Private/HairStrands/HairStrandsRaytracing.ush" 2630
"../../../Engine/Shaders/Private/Raytracing/RayTracingSkyLightEvaluation.ush" 2631
"../../../Engine/Shaders/Private/Raytracing/RayTracingDeferredShadingCommon.ush" 2632
"../../../Engine/Shaders/Private/RayTracing/RayTracingOcclusionRGS.usf" 2633
"../../../Engine/Shaders/Private/RayTracing/RayTracingDirectionalLight.ush" 2634
"../../../Engine/Shaders/Private/RayTracing/RayTracingRectLight.ush" 2635
"../../../Engine/Shaders/Private/RayTracing/RayTracingSphereLight.ush" 2636
"../../../Engine/Shaders/Private/RayTracing/RayTracingCapsuleLight.ush" 2637
"../../../Engine/Shaders/Private/Raytracing/RayTracingFeedback.usf" 2638
"../../../Engine/Shaders/Shared/RayTracingDebugTypes.h" 2639
"../../../Engine/Shaders/Private/RayTracing/RayTracingPrimaryRays.usf" 2640
"../../../Engine/Shaders/Private/RayTracing/RayTracingLightingCommon.ush" 2641
"../../../Engine/Shaders/Private/RayTracing/RayTracingLightCullingCommon.ush" 2642
"../../../Engine/Shaders/Private/RayTracing/RayTracingMaterialDefaultHitShaders.usf" 2643
"../../../Engine/Shaders/Private/RayTracing/RayTracingMaterialHitShaders.usf" 2644
"../../../Engine/Shaders/Private/RayTracing/RayTracingShaderUtils.ush" 2645
"../../../Engine/Shaders/Private/RayTracing/RayTracingCalcInterpolants.ush" 2646
"../../../Engine/Shaders/Private/LightmapCommon.ush" 2647
"../../../Engine/Shaders/Private/Lumen/LumenHardwareRayTracingPayloadCommon.ush" 2648
"../../../Engine/Shaders/Shared/LumenDefinitions.h" 2649
"../../../Engine/Shaders/Private/Substrate/SubstrateExport.ush" 2650
"../../../Engine/Shaders/Private/RayTracing/RayTracingLightingMS.usf" 2651
"../../../Engine/Shaders/Private/Lumen/LumenDiffuseColorBoost.ush" 2652
"../../../Engine/Shaders/Private/RayTracing/RayTracingLightFunctionCommon.ush" 2653
"../../../Engine/Shaders/Private/RayTracing/RayTracingBuildLightGrid.usf" 2654
"../../../Engine/Shaders/Private/Raytracing/RayTracingInstanceBufferUtil.usf" 2655
"../../../Engine/Shaders/Private/RayTracing/RayTracingDynamicMesh.usf" 2656
"../../../Engine/Shaders/Private/RayTracing/RayTracingDefaultDecalHitShader.usf" 2657
"../../../Engine/Shaders/Private/RayTracing/RayTracingDecalMaterialShader.usf" 2658
"../../../Engine/Shaders/Private/PathTracing/PathTracingShaderUtils.ush" 2659
"../../../Engine/Shaders/Private/PathTracing/PathTracingCommon.ush" 2660
"../../../Engine/Shaders/Private/PathTracing/Material/PathTracingMaterialCommon.ush" 2661
"../../../Engine/Shaders/Private/PathTracing/Utilities/PathTracingRIS.ush" 2662
"../../../Engine/Shaders/Private/RayTracing/RayTracingBuildDecalGrid.usf" 2663
"../../../Engine/Shaders/Private/RayTracing/RayTracingDebugHitStatsUtils.usf" 2664
"../../../Engine/Shaders/Private/RayTracing/RayTracingDebugInstanceOverlap.usf" 2665
"../../../Engine/Shaders/Private/RayTracing/RayTracingDebugPicking.usf" 2666
"../../../Engine/Shaders/Private/RayTracing/RayTracingDebugUtils.ush" 2667
"../../../Engine/Shaders/Private/RayTracing/RayTracingDebugTraversal.usf" 2668
"../../../Engine/Shaders/Private/RayTracing/RayTracingDeferredMaterials.ush" 2669
"../../../Engine/Shaders/Shared/ThirdParty/AMD/ags_shader_intrinsics_dx12.h" 2670
"../../../Engine/Shaders/Shared/RayTracingDebugDefinitions.h" 2671
"../../../Engine/Shaders/Private/RayTracing/RayTracingDebugHitStatsCHS.usf" 2672
"../../../Engine/Shaders/Private/RayTracing/RayTracingDebugHitStats.usf" 2673
"../../../Engine/Shaders/Private/RayTracing/RayTracingDebugMS.usf" 2674
"../../../Engine/Shaders/Private/RayTracing/RayTracingDebugCHS.usf" 2675
"../../../Engine/Shaders/Private/RayTracing/RayTracingDebug.usf" 2676
"../../../Engine/Shaders/Private/RayTracing/RayTracingBuiltInShaders.usf" 2677
"../../../Engine/Shaders/Private/RayTracing/RayTracingBarycentrics.usf" 2678
"../../../Engine/Shaders/Private/RayTracing/RayTracingAmbientOcclusionRGS.usf" 2679
"../../../Engine/Shaders/Private/VisualizeShadingModels.usf" 2680
"../../../Engine/Shaders/Private/MotionBlur/VisualizeMotionVectors.usf" 2681
"../../../Engine/Shaders/Private/TemporalSuperResolution/TSRVisualize.usf" 2682
"../../../Engine/Shaders/Private/TemporalSuperResolution/TSRColorSpace.ush" 2683
"../../../Engine/Shaders/Private/TemporalSuperResolution/TSRCommon.ush" 2684
"../../../Engine/Shaders/Public/DualPixelVectorization.ush" 2685
"../../../Engine/Shaders/Private/TemporalSuperResolution/TSRReprojectionField.ush" 2686
"../../../Engine/Shaders/Private/TemporalSuperResolution/TSRResolveHistory.usf" 2687
"../../../Engine/Shaders/Private/TemporalSuperResolution/TSRConvolutionNetwork.ush" 2688
"../../../Engine/Shaders/Private/TemporalSuperResolution/TSRKernels.ush" 2689
"../../../Engine/Shaders/Public/LaneVectorization.ush" 2690
"../../../Engine/Shaders/Private/TemporalSuperResolution/TSRUpdateHistory.usf" 2691
"../../../Engine/Shaders/Private/TemporalSuperResolution/TSRSpatialAntiAliasing.ush" 2692
"../../../Engine/Shaders/Private/TemporalSuperResolution/TSRSpatialAntiAliasing.usf" 2693
"../../../Engine/Shaders/Private/TemporalSuperResolution/TSRRejectShading.usf" 2694
"../../../Engine/Shaders/Private/TemporalSuperResolution/TSRShadingAnalysis.ush" 2695
"../../../Engine/Shaders/Private/TemporalSuperResolution/TSRConvolutionNetworkPass.ush" 2696
"../../../Engine/Shaders/Private/TemporalSuperResolution/TSRDecimateHistory.usf" 2697
"../../../Engine/Shaders/Private/TemporalSuperResolution/TSRDepthVelocityAnalysis.ush" 2698
"../../../Engine/Shaders/Private/TemporalSuperResolution/TSRClosestOccluder.ush" 2699
"../../../Engine/Shaders/Private/TemporalSuperResolution/TSRWeightRelaxation.usf" 2700
"../../../Engine/Shaders/Private/TemporalSuperResolution/TSRThinGeometryCommon.ush" 2701
"../../../Engine/Shaders/Private/TemporalSuperResolution/TSRDetectThinGeometry.usf" 2702
"../../../Engine/Shaders/Private/TemporalSuperResolution/TSRDilateVelocity.usf" 2703
"../../../Engine/Shaders/Private/MotionBlur/MotionBlurVelocityFlatten.ush" 2704
"../../../Engine/Shaders/Private/MotionBlur/MotionBlurCommon.ush" 2705
"../../../Engine/Shaders/Private/TemporalSuperResolution/TSRClearPrevTextures.usf" 2706
"../../../Engine/Shaders/Private/TemporalSuperResolution/TSRMeasureCoverage.usf" 2707
"../../../Engine/Shaders/Private/TemporalSuperResolution/TSRMeasureFlickeringLuma.usf" 2708
"../../../Engine/Shaders/Private/TemporalAA.usf" 2709
"../../../Engine/Shaders/Private/SMAA/SMAADebugVisualization.usf" 2710
"../../../Engine/Shaders/Private/SMAA/SMAACommon.ush" 2711
"../../../Engine/Shaders/Private/SMAA/SMAA.ush" 2712
"../../../Engine/Shaders/Private/SMAA/SMAANeighborhoodBlendingShader.usf" 2713
"../../../Engine/Shaders/Private/SMAA/SMAABlendingWeightCalculationShader.usf" 2714
"../../../Engine/Shaders/Private/SMAA/SMAAEdgeDetectionShader.usf" 2715
"../../../Engine/Shaders/Private/FilterPixelShader.usf" 2716
"../../../Engine/Shaders/Private/FilterVertexShader.usf" 2717
"../../../Engine/Shaders/Private/VisualizeVirtualTexture.usf" 2718
"../../../Engine/Shaders/Private/PostProcessVisualizeBuffer.usf" 2719
"../../../Engine/Shaders/Private/PostProcessVisualizeLocalExposure.usf" 2720
"../../../Engine/Shaders/Private/PostProcessHistogramCommon.ush" 2721
"../../../Engine/Shaders/Private/TonemapCommon.ush" 2722
"../../../Engine/Shaders/Private/ACES/ACESCommon.ush" 2723
"../../../Engine/Shaders/Private/ACES/ACESOutputTransform.ush" 2724
"../../../Engine/Shaders/Private/ACES/ACESUtilities.ush" 2725
"../../../Engine/Shaders/Private/ACES/ACESTonescale.ush" 2726
"../../../Engine/Shaders/Private/ACES/ACESDisplayEncoding.ush" 2727
"../../../Engine/Shaders/Private/ACES/ACES_v1.3.ush" 2728
"../../../Engine/Shaders/Private/PostProcessVisualizeLevelInstance.usf" 2729
"../../../Engine/Shaders/Private/PostProcessVisualizeHDR.usf" 2730
"../../../Engine/Shaders/Private/ShaderComplexityApplyPixelShader.usf" 2731
"../../../Engine/Shaders/Private/QuadOverdraw.ush" 2732
"../../../Engine/Shaders/Private/PostProcessUpscale.usf" 2733
"../../../Engine/Shaders/Private/PostProcessTonemap.usf" 2734
"../../../Engine/Shaders/Private/PostProcessing/FilmGrainPackConstants.usf" 2735
"../../../Engine/Shaders/Private/PostProcessing/FilmGrainReduce.usf" 2736
"../../../Engine/Shaders/Private/PostProcessTestImage.usf" 2737
"../../../Engine/Shaders/Private/PostProcessSubsurface.usf" 2738
"../../../Engine/Shaders/Private/SeparableSSS.ush" 2739
"../../../Engine/Shaders/Private/SubsurfaceBurleyNormalized.ush" 2740
"../../../Engine/Shaders/Private/PostProcessSelectionOutline.usf" 2741
"../../../Engine/Shaders/Private/MotionBlur/MotionBlurVisualize.usf" 2742
"../../../Engine/Shaders/Private/MotionBlur/MotionBlurApply.usf" 2743
"../../../Engine/Shaders/Private/MotionBlur/MotionBlurFilterTileClassify.usf" 2744
"../../../Engine/Shaders/Private/MotionBlur/MotionBlurTileScatter.usf" 2745
"../../../Engine/Shaders/Private/MotionBlur/MotionBlurTileGather.usf" 2746
"../../../Engine/Shaders/Private/MotionBlur/MotionBlurVelocityFlatten.usf" 2747
"../../../Engine/Shaders/Private/PostProcessMobile.usf" 2748
"../../../Engine/Shaders/Private/PostProcessMitchellNetravali.usf" 2749
"../../../Engine/Shaders/Private/PostProcessMaterialShaders.usf" 2750
"../../../Engine/Shaders/Private/NeuralPostProcessCommon.usf" 2751
"../../../Engine/Shaders/Private/PostProcessLocalExposure.usf" 2752
"../../../Engine/Shaders/Private/PostProcessLensFlares.usf" 2753
"../../../Engine/Shaders/Private/PostProcessGBufferHints.usf" 2754
"../../../Engine/Shaders/Private/PostProcessHMD.usf" 2755
"../../../Engine/Shaders/Private/Histogram.usf" 2756
"../../../Engine/Shaders/Private/PostProcessExposureMaterial.ush" 2757
"../../../Engine/Shaders/Private/PostProcessHistogramReduce.usf" 2758
"../../../Engine/Shaders/Private/PostProcessHistogram.usf" 2759
"../../../Engine/Shaders/Private/Bloom/BloomFinalizeApplyConstants.usf" 2760
"../../../Engine/Shaders/Private/Bloom/BloomCommon.ush" 2761
"../../../Engine/Shaders/Private/Bloom/BloomResizeKernel.usf" 2762
"../../../Engine/Shaders/Private/Bloom/BloomDownsampleKernel.usf" 2763
"../../../Engine/Shaders/Private/Bloom/BloomClampKernel.usf" 2764
"../../../Engine/Shaders/Private/Bloom/BloomPackKernelConstants.usf" 2765
"../../../Engine/Shaders/Private/Bloom/BloomSumScatterDispersionEnergy.usf" 2766
"../../../Engine/Shaders/Private/Bloom/BloomReduceKernelSurvey.usf" 2767
"../../../Engine/Shaders/Private/Bloom/BloomSurveyKernelCenterEnergy.usf" 2768
"../../../Engine/Shaders/Private/Bloom/BloomSurveyMaxScatterDispersion.usf" 2769
"../../../Engine/Shaders/Private/Bloom/BloomFindKernelCenter.usf" 2770
"../../../Engine/Shaders/Private/PostProcessEyeAdaptation.usf" 2771
"../../../Engine/Shaders/Private/PostProcessEyeAdaptationUtils.usf" 2772
"../../../Engine/Shaders/Private/PostProcessDownsample.usf" 2773
"../../../Engine/Shaders/Private/PostProcessDOF.usf" 2774
"../../../Engine/Shaders/Private/PostProcessDeviceEncodingOnly.usf" 2775
"../../../Engine/Shaders/Private/PostProcessCompositePrimitives.usf" 2776
"../../../Engine/Shaders/Private/PostProcessCombineLUTs.usf" 2777
"../../../Engine/Shaders/Private/PostProcessVisualizeDOF.usf" 2778
"../../../Engine/Shaders/Private/PostProcessBloom.usf" 2779
"../../../Engine/Shaders/Private/PostProcessAmbientOcclusionMobile.usf" 2780
"../../../Engine/Shaders/Private/PostProcessAmbientOcclusionCommon.ush" 2781
"../../../Engine/Shaders/Private/FXAAShader.usf" 2782
"../../../Engine/Shaders/Private/Fxaa3_11.ush" 2783
"../../../Engine/Shaders/Private/PaniniProjection.usf" 2784
"../../../Engine/Shaders/Private/DiaphragmDOF/DOFRecombine.usf" 2785
"../../../Engine/Shaders/Private/DiaphragmDOF/DOFHybridScatterPixelShader.usf" 2786
"../../../Engine/Shaders/Private/DiaphragmDOF/DOFHybridScatterCommon.ush" 2787
"../../../Engine/Shaders/Private/DiaphragmDOF/DOFVignetteCommon.ush" 2788
"../../../Engine/Shaders/Private/DiaphragmDOF/DOFHybridScatterVertexShader.usf" 2789
"../../../Engine/Shaders/Private/DiaphragmDOF/DOFPostfiltering.usf" 2790
"../../../Engine/Shaders/Private/DiaphragmDOF/DOFGatherTileSuggest.ush" 2791
"../../../Engine/Shaders/Private/DiaphragmDOF/DOFCocTileCommon.ush" 2792
"../../../Engine/Shaders/Private/DiaphragmDOF/DOFGatherPass.usf" 2793
"../../../Engine/Shaders/Private/DiaphragmDOF/DOFGatherCommon.ush" 2794
"../../../Engine/Shaders/Private/DiaphragmDOF/DOFGatherAccumulator.ush" 2795
"../../../Engine/Shaders/Private/DiaphragmDOF/DOFGatherKernel.ush" 2796
"../../../Engine/Shaders/Private/DiaphragmDOF/DOFBokehLUT.usf" 2797
"../../../Engine/Shaders/Private/DiaphragmDOF/DOFHybridScatterCompilation.usf" 2798
"../../../Engine/Shaders/Private/DiaphragmDOF/DOFReduce.usf" 2799
"../../../Engine/Shaders/Private/DiaphragmDOF/DOFDownsample.ush" 2800
"../../../Engine/Shaders/Private/DiaphragmDOF/DOFHybridScatterCompilation.ush" 2801
"../../../Engine/Shaders/Private/DiaphragmDOF/DOFDownsample.usf" 2802
"../../../Engine/Shaders/Private/DiaphragmDOF/DOFCocTileDilate.usf" 2803
"../../../Engine/Shaders/Private/DiaphragmDOF/DOFCocTileFlatten.usf" 2804
"../../../Engine/Shaders/Private/DiaphragmDOF/DOFSetup.usf" 2805
"../../../Engine/Shaders/Private/Tools/DebugAlphaChannel.usf" 2806
"../../../Engine/Shaders/Private/PostProcessAlphaInvert.usf" 2807
"../../../Engine/Shaders/Private/PlanarReflectionShaders.usf" 2808
"../../../Engine/Shaders/Private/PhysicsFieldVisualizer.usf" 2809
"../../../Engine/Shaders/Private/PathTracing/PathTracingSpatialTemporalDenoising.usf" 2810
"../../../Engine/Shaders/Private/ColorDifference.ush" 2811
"../../../Engine/Shaders/Private/PathTracing/PathTracingCompositingPixelShader.usf" 2812
"../../../Engine/Shaders/Private/PathTracing/PathTracingAdaptiveUtils.ush" 2813
"../../../Engine/Shaders/Private/PathTracing/PathTracingDefaultHitShader.usf" 2814
"../../../Engine/Shaders/Private/PathTracing/PathTracingGPULightmassMaterialHitShader.usf" 2815
"../../../Engine/Shaders/Private/PathTracing/PathTracingMaterialHitShader.usf" 2816
"../../../Engine/Shaders/Private/PathTracing/Material/PathTracingSubstrateCommon.ush" 2817
"../../../Engine/Shaders/Private/PathTracing/PathTracingLightingMissShader.usf" 2818
"../../../Engine/Shaders/Private/PathTracing/PathTracingMissShader.usf" 2819
"../../../Engine/Shaders/Private/PathTracing/PathTracingAdaptiveStart.usf" 2820
"../../../Engine/Shaders/Private/PathTracing/PathTracingBuildAdaptiveError.usf" 2821
"../../../Engine/Shaders/Private/PathTracing/PathTracingVolumetricCloudMaterialShader.usf" 2822
"../../../Engine/Shaders/Private/PathTracing/Volume/PathTracingCloudsMaterialCommon.ush" 2823
"../../../Engine/Shaders/Private/PathTracing/Volume/PathTracingVolumeCommon.ush" 2824
"../../../Engine/Shaders/Private/PathTracing/Volume/PathTracingCloudsCommon.ush" 2825
"../../../Engine/Shaders/Private/PathTracing/Volume/PathTracingFog.ush" 2826
"../../../Engine/Shaders/Private/PathTracing/Volume/PathTracingAtmosphere.ush" 2827
"../../../Engine/Shaders/Private/PathTracing/Volume/PathTracingAtmosphereCommon.ush" 2828
"../../../Engine/Shaders/Private/PathTracing/Volume/PathTracingVolumeSampling.ush" 2829
"../../../Engine/Shaders/Private/PathTracing/PathTracingBuildCloudAccelerationMap.usf" 2830
"../../../Engine/Shaders/Private/PathTracing/PathTracingBuildAtmosphereLUT.usf" 2831
"../../../Engine/Shaders/Private/PathTracing/PathTracingSwizzleScanlines.usf" 2832
"../../../Engine/Shaders/Private/PathTracing/PathTracingInitExtinctionCoefficient.usf" 2833
"../../../Engine/Shaders/Private/PathTracing/PathTracingCopyDepth.usf" 2834
"../../../Engine/Shaders/Private/PathTracing/PathTracingDebug.usf" 2835
"../../../Engine/Shaders/Private/RayTracing/RayTracingDecalGrid.ush" 2836
"../../../Engine/Shaders/Private/PathTracing/Material/PathTracingMaterialSampling.ush" 2837
"../../../Engine/Shaders/Private/PathTracing/Material/PathTracingLambert.ush" 2838
"../../../Engine/Shaders/Private/PathTracing/Material/PathTracingSubstrate.ush" 2839
"../../../Engine/Shaders/Private/PathTracing/Material/PathTracingSubstrateFoliage.ush" 2840
"../../../Engine/Shaders/Private/PathTracing/Material/PathTracingSubstrateSolidGlass.ush" 2841
"../../../Engine/Shaders/Private/PathTracing/Material/PathTracingSubstrateThinGlass.ush" 2842
"../../../Engine/Shaders/Private/PathTracing/Material/PathTracingSolidGlass.ush" 2843
"../../../Engine/Shaders/Private/PathTracing/Material/PathTracingEnergyConservation.ush" 2844
"../../../Engine/Shaders/Private/PathTracing/Material/PathTracingThinGlass.ush" 2845
"../../../Engine/Shaders/Private/PathTracing/Material/PathTracingDefaultLit.ush" 2846
"../../../Engine/Shaders/Private/PathTracing/Material/PathTracingClearCoat.ush" 2847
"../../../Engine/Shaders/Private/PathTracing/Material/PathTracingTwoSidedFoliage.ush" 2848
"../../../Engine/Shaders/Private/PathTracing/Material/PathTracingCloth.ush" 2849
"../../../Engine/Shaders/Private/PathTracing/Material/PathTracingSubsurfaceProfile.ush" 2850
"../../../Engine/Shaders/Private/PathTracing/Material/PathTracingEye.ush" 2851
"../../../Engine/Shaders/Private/PathTracing/Material/PathTracingHair.ush" 2852
"../../../Engine/Shaders/Private/PathTracing/Material/PathTracingMedium.ush" 2853
"../../../Engine/Shaders/Private/PathTracing/Light/PathTracingLightSampling.ush" 2854
"../../../Engine/Shaders/Private/PathTracing/Light/PathTracingLightCommon.ush" 2855
"../../../Engine/Shaders/Private/PathTracing/Light/PathTracingDirectionalLight.ush" 2856
"../../../Engine/Shaders/Private/PathTracing/Light/PathTracingPointLight.ush" 2857
"../../../Engine/Shaders/Private/PathTracing/Light/PathTracingCapsuleLight.ush" 2858
"../../../Engine/Shaders/Private/PathTracing/Light/PathTracingRectLight.ush" 2859
"../../../Engine/Shaders/Private/PathTracing/Light/PathTracingSkyLight.ush" 2860
"../../../Engine/Shaders/Private/PathTracing/Light/PathTracingLightGrid.ush" 2861
"../../../Engine/Shaders/Private/PathTracing/PathTracing.usf" 2862
"../../../Engine/Shaders/Private/PathTracing/PathTracingCore.ush" 2863
"../../../Engine/Shaders/Private/HeterogeneousVolumes/HeterogeneousVolumesVoxelGridTypes.ush" 2864
"../../../Engine/Shaders/Private/PathTracing/Volume/PathTracingVolume.ush" 2865
"../../../Engine/Shaders/Private/PathTracing/Volume/PathTracingClouds.ush" 2866
"../../../Engine/Shaders/Private/PathTracing/Volume/PathTracingHeterogeneousVolumes.ush" 2867
"../../../Engine/Shaders/Private/HeterogeneousVolumes/HeterogeneousVolumesTracingUtils.ush" 2868
"../../../Engine/Shaders/Private/HeterogeneousVolumes/HeterogeneousVolumesVoxelGridTraversal.ush" 2869
"../../../Engine/Shaders/Private/HeterogeneousVolumes/HeterogeneousVolumesVoxelGridUtils.ush" 2870
"../../../Engine/Shaders/Private/HeterogeneousVolumes/HeterogeneousVolumesFrustumVoxelGridUtils.ush" 2871
"../../../Engine/Shaders/Private/PathTracing/PathTracingBuildLightGrid.usf" 2872
"../../../Engine/Shaders/Private/PathTracing/PathTracingSkylightMISCompensation.usf" 2873
"../../../Engine/Shaders/Private/PathTracing/PathTracingSkylightPrepare.usf" 2874
"../../../Engine/Shaders/Private/OIT/OITSorting.usf" 2875
"../../../Engine/Shaders/Private/OITCombine.usf" 2876
"../../../Engine/Shaders/Private/OITCommon.ush" 2877
"../../../Engine/Shaders/Private/Nanite/Voxel/RasterizeBricks.usf" 2878
"../../../Engine/Shaders/Private/Nanite/Voxel/Brick.ush" 2879
"../../../Engine/Shaders/Private/Nanite/Voxel/Voxel.ush" 2880
"../../../Engine/Shaders/Private/Nanite/Voxel/ScatterBricks.usf" 2881
"../../../Engine/Shaders/Private/Nanite/Voxel/TileBricks.usf" 2882
"../../../Engine/Shaders/Private/Nanite/Voxel/AutoVoxel.usf" 2883
"../../../Engine/Shaders/Private/Nanite/NaniteDebugViews.usf" 2884
"../../../Engine/Shaders/Private/Nanite/NaniteEditorCommon.ush" 2885
"../../../Engine/Shaders/Private/BinarySearch.ush" 2886
"../../../Engine/Shaders/Private/Nanite/NaniteDepthDecode.usf" 2887
"../../../Engine/Shaders/Private/HTileEncoding.ush" 2888
"../../../Engine/Shaders/Private/Nanite/NaniteVisualize.usf" 2889
"../../../Engine/Shaders/Private/Nanite/NaniteStreamOut.usf" 2890
"../../../Engine/Shaders/Private/Nanite/NaniteHierarchyTraversal.ush" 2891
"../../../Engine/Shaders/Private/Nanite/NaniteShadeBinning.usf" 2892
"../../../Engine/Shaders/Private/Nanite/NaniteShadeCommon.ush" 2893
"../../../Engine/Shaders/Private/Nanite/NaniteFastClear.usf" 2894
"../../../Engine/Shaders/Private/Nanite/NaniteRayTracing.usf" 2895
"../../../Engine/Shaders/Private/Nanite/NaniteExportGBuffer.usf" 2896
"../../../Engine/Shaders/Private/Nanite/NaniteClusterCulling.usf" 2897
"../../../Engine/Shaders/Private/Nanite/NanitePrintStats.usf" 2898
"../../../Engine/Shaders/Private/Nanite/NaniteRasterizer.usf" 2899
"../../../Engine/Shaders/Private/Nanite/NaniteRasterizationCommon.ush" 2900
"../../../Engine/Shaders/Private/Nanite/NaniteRasterizer.ush" 2901
"../../../Engine/Shaders/Private/Nanite/NaniteWritePixel.ush" 2902
"../../../Engine/Shaders/Private/Nanite/NaniteTessellation.ush" 2903
"../../../Engine/Shaders/Private/WorkDistribution.ush" 2904
"../../../Engine/Shaders/Private/Nanite/NaniteDice.ush" 2905
"../../../Engine/Shaders/Private/ShaderBundleWorkGraphCommon.ush" 2906
"../../../Engine/Shaders/Public/RootConstants.ush" 2907
"../../../Engine/Shaders/Public/Platform/D3D/D3DRootConstants.ush" 2908
"../../../Engine/Shaders/Private/Nanite/NaniteSplit.usf" 2909
"../../../Engine/Shaders/Private/Nanite/NaniteRasterBinning.usf" 2910
"../../../Engine/Shaders/Private/Nanite/NaniteInstanceCulling.usf" 2911
"../../../Engine/Shaders/Private/Nanite/NaniteImposter.ush" 2912
"../../../Engine/Shaders/Private/Nanite/NaniteInstanceHierarchyCulling.usf" 2913
"../../../Engine/Shaders/Private/WorkGroupLoadBalancer.ush" 2914
"../../../Engine/Shaders/Private/Nanite/NanitePrimitiveFilter.usf" 2915
"../../../Engine/Shaders/Private/Nanite/NaniteRasterClear.usf" 2916
"../../../Engine/Shaders/Private/Nanite/NaniteDepthExport.usf" 2917
"../../../Engine/Shaders/Private/Nanite/NaniteEmitShadow.usf" 2918
"../../../Engine/Shaders/Private/MobileDeferredUtils.usf" 2919
"../../../Engine/Shaders/Private/MobileLocalLightsBuffer.usf" 2920
"../../../Engine/Shaders/Private/MobileFog.usf" 2921
"../../../Engine/Shaders/Private/DistortApplyScreenPS.usf" 2922
"../../../Engine/Shaders/Private/MobileDeferredShading.usf" 2923
"../../../Engine/Shaders/Private/MobileBasePassPixelShader.usf" 2924
"../../../Engine/Shaders/Private/MobileBasePassCommon.ush" 2925
"../../../Engine/Shaders/Private/BasePassCommon.ush" 2926
"../../../Engine/Shaders/Private/ShadingModelsMaterial.ush" 2927
"../../../Engine/Shaders/Private/ThinTranslucentCommon.ush" 2928
"../../../Engine/Shaders/Private/SingleLayerWaterShading.ush" 2929
"../../../Engine/Shaders/Private/DistortionCommon.ush" 2930
"../../../Engine/Shaders/Private/Substrate/SubstrateMobileForwardLighting.ush" 2931
"../../../Engine/Shaders/Private/MobileBasePassVertexShader.usf" 2932
"../../../Engine/Shaders/Private/MeshEdges.usf" 2933
"../../../Engine/Shaders/Private/MegaLights/MegaLightsSampling.usf" 2934
"../../../Engine/Shaders/Shared/MegaLightsDefinitions.h" 2935
"../../../Engine/Shaders/Private/MegaLights/MegaLightsShading.ush" 2936
"../../../Engine/Shaders/Private/MegaLights/MegaLights.ush" 2937
"../../../Engine/Shaders/Private/MegaLights/MegaLightsMaterial.ush" 2938
"../../../Engine/Shaders/Private/MegaLights/MegaLightsRayTracing.ush" 2939
"../../../Engine/Shaders/Private/MegaLights/MegaLightsSampling.ush" 2940
"../../../Engine/Shaders/Private/MegaLights/MegaLightsVolumeSampling.usf" 2941
"../../../Engine/Shaders/Private/MegaLights/MegaLightsVolume.ush" 2942
"../../../Engine/Shaders/Private/MegaLights/MegaLights.usf" 2943
"../../../Engine/Shaders/Private/HairStrands/HairStrandsScreenTracing.ush" 2944
"../../../Engine/Shaders/Private/MegaLights/MegaLightsFilterVisibleLightHash.usf" 2945
"../../../Engine/Shaders/Private/MegaLights/MegaLightsShading.usf" 2946
"../../../Engine/Shaders/Private/Lumen/LumenReflectionDenoiserCommon.ush" 2947
"../../../Engine/Shaders/Private/MegaLights/MegaLightsVisibleLightHash.usf" 2948
"../../../Engine/Shaders/Private/MegaLights/MegaLightsVolumeShading.usf" 2949
"../../../Engine/Shaders/Private/MegaLights/MegaLightsVSMMarking.usf" 2950
"../../../Engine/Shaders/Private/MegaLights/MegaLightsVSMTracing.usf" 2951
"../../../Engine/Shaders/Private/MegaLights/MegaLightsRayTracing.usf" 2952
"../../../Engine/Shaders/Private/DistanceField/GlobalDistanceFieldUtils.ush" 2953
"../../../Engine/Shaders/Private/Lumen/LumenScreenTracing.ush" 2954
"../../../Engine/Shaders/Private/MegaLights/MegaLightsVolumeRayTracing.usf" 2955
"../../../Engine/Shaders/Private/MegaLights/MegaLightsVolumeHardwareRayTracing.usf" 2956
"../../../Engine/Shaders/Private/Lumen/LumenHardwareRayTracingCommon.ush" 2957
"../../../Engine/Shaders/Private/RayTracing/RayTracingReflectionEnvironment.ush" 2958
"../../../Engine/Shaders/Private/Lumen/LumenHardwareRayTracingPlatformCommon.ush" 2959
"../../../Engine/Shaders/Private/Lumen/LumenTracingCommon.ush" 2960
"../../../Engine/Shaders/Private/Lumen/SurfaceCache/LumenSurfaceCacheSampling.ush" 2961
"../../../Engine/Shaders/Private/Lumen/SurfaceCache/LumenSurfaceCache.ush" 2962
"../../../Engine/Shaders/Private/Lumen/LumenCardCommon.ush" 2963
"../../../Engine/Shaders/Private/Lumen/LumenCardTileShadowDownsampleFactor.ush" 2964
"../../../Engine/Shaders/Private/MegaLights/MegaLightsHardwareRayTracing.usf" 2965
"../../../Engine/Shaders/Private/MegaLights/MegaLightsDebug.usf" 2966
"../../../Engine/Shaders/Private/MegaLights/MegaLightsDenoiserSpatial.usf" 2967
"../../../Engine/Shaders/Private/MegaLights/MegaLightsDenoiserTemporal.usf" 2968
"../../../Engine/Shaders/Private/MaterialCache/MaterialCacheABufferPages.usf" 2969
"../../../Engine/Shaders/Private/MaterialCache/MaterialCacheShade.usf" 2970
"../../../Engine/Shaders/Private/MaterialCache/MaterialCacheShadeCommon.ush" 2971
"../../../Engine/Shaders/Private/MaterialCache/MaterialCacheUnwrapNaniteShade.usf" 2972
"../../../Engine/Shaders/Private/MaterialCache/MaterialCacheUnwrapPixelShader.usf" 2973
"../../../Engine/Shaders/Private/MaterialCache/MaterialCacheUnwrapVertexShader.usf" 2974
"../../../Engine/Shaders/Private/Lumen/LumenVisualizeRadianceCache.usf" 2975
"../../../Engine/Shaders/Private/Lumen/LumenRadianceCacheCommon.ush" 2976
"../../../Engine/Shaders/Private/Lumen/LumenVisualizeHardwareRayTracing.usf" 2977
"../../../Engine/Shaders/Private/Lumen/LumenVisualize.ush" 2978
"../../../Engine/Shaders/Private/Lumen/LumenHairTracing.ush" 2979
"../../../Engine/Shaders/Private/Lumen/LumenVisualize.usf" 2980
"../../../Engine/Shaders/Private/Lumen/LumenSoftwareRayTracing.ush" 2981
"../../../Engine/Shaders/Private/DistanceField/GlobalDistanceFieldObjectGrid.ush" 2982
"../../../Engine/Shaders/Private/DistanceFieldLightingShared.ush" 2983
"../../../Engine/Shaders/Private/Lumen/LumenVisualizeTraces.ush" 2984
"../../../Engine/Shaders/Private/Lumen/LumenTranslucencyVolumeLighting.usf" 2985
"../../../Engine/Shaders/Private/Lumen/LumenRadianceCacheMarkCommon.ush" 2986
"../../../Engine/Shaders/Private/Lumen/LumenTranslucencyVolumeLightingShared.ush" 2987
"../../../Engine/Shaders/Private/Lumen/LumenScreenProbeCommon.ush" 2988
"../../../Engine/Shaders/Private/RayTracing/RayGenUtils.ush" 2989
"../../../Engine/Shaders/Private/Lumen/LumenRadianceCacheTracingCommon.ush" 2990
"../../../Engine/Shaders/Private/Lumen/LumenTranslucencyVolumeHardwareRayTracing.usf" 2991
"../../../Engine/Shaders/Private/Lumen/LumenTranslucencyRadianceCacheMarkShaders.usf" 2992
"../../../Engine/Shaders/Private/Lumen/SurfaceCache/LumenSurfaceCache.usf" 2993
"../../../Engine/Shaders/Private/Lumen/LumenVirtualTextureCommon.ush" 2994
"../../../Engine/Shaders/Private/Lumen/LumenShortRangeAOHardwareRayTracing.usf" 2995
"../../../Engine/Shaders/Private/Lumen/LumenScreenSpaceBentNormal.ush" 2996
"../../../Engine/Shaders/Private/Lumen/LumenScreenSpaceBentNormal.usf" 2997
"../../../Engine/Shaders/Private/Lumen/LumenScreenProbeTracing.usf" 2998
"../../../Engine/Shaders/Private/Lumen/LumenScreenProbeTracingCommon.ush" 2999
"../../../Engine/Shaders/Private/Lumen/LumenFloatQuantization.ush" 3000
"../../../Engine/Shaders/Private/Lumen/LumenScreenProbeImportanceSampling.usf" 3001
"../../../Engine/Shaders/Private/Lumen/LumenScreenProbeImportanceSamplingShared.ush" 3002
"../../../Engine/Shaders/Private/Lumen/LumenScreenProbeHardwareRayTracing.usf" 3003
"../../../Engine/Shaders/Private/Lumen/LumenScreenProbeDebug.usf" 3004
"../../../Engine/Shaders/Private/Lumen/LumenScreenProbeGather.usf" 3005
"../../../Engine/Shaders/Private/Lumen/LumenScreenProbeGatherTemporal.usf" 3006
"../../../Engine/Shaders/Private/Lumen/LumenScreenProbeFiltering.usf" 3007
"../../../Engine/Shaders/Private/Lumen/LumenSceneLighting.usf" 3008
"../../../Engine/Shaders/Private/Lumen/LumenCardTile.ush" 3009
"../../../Engine/Shaders/Private/Lumen/LumenSceneLighting.ush" 3010
"../../../Engine/Shaders/Private/Lumen/Radiosity/LumenRadiosity.ush" 3011
"../../../Engine/Shaders/Private/Lumen/LumenSceneLightingDebug.usf" 3012
"../../../Engine/Shaders/Private/Lumen/LumenScene.usf" 3013
"../../../Engine/Shaders/Private/Lumen/LumenSceneDirectLightingHardwareRayTracing.usf" 3014
"../../../Engine/Shaders/Private/Lumen/LumenSceneDirectLightingStochastic.ush" 3015
"../../../Engine/Shaders/Private/Lumen/LumenSceneDirectLighting.ush" 3016
"../../../Engine/Shaders/Private/Lumen/LumenSceneDebugHardwareRayTracing.usf" 3017
"../../../Engine/Shaders/Private/Lumen/LumenSceneDirectLightingStochastic.usf" 3018
"../../../Engine/Shaders/Private/Lumen/LumenSceneDirectLightingSoftwareRayTracing.usf" 3019
"../../../Engine/Shaders/Private/DistanceFieldShadowingShared.ush" 3020
"../../../Engine/Shaders/Private/Lumen/LumenSceneDirectLightingPerLightShadowCommon.ush" 3021
"../../../Engine/Shaders/Private/Lumen/LumenSceneDirectLightingShadowMask.usf" 3022
"../../../Engine/Shaders/Private/Lumen/LumenSceneDirectLighting.usf" 3023
"../../../Engine/Shaders/Private/Lumen/LumenSceneDirectLightingCulling.usf" 3024
"../../../Engine/Shaders/Private/Lumen/LumenCardComputeShader.usf" 3025
"../../../Engine/Shaders/Private/Lumen/LumenCardBasePass.ush" 3026
"../../../Engine/Shaders/Private/Lumen/LumenCardPixelShader.usf" 3027
"../../../Engine/Shaders/Private/Lumen/LumenCardVertexShader.usf" 3028
"../../../Engine/Shaders/Private/Lumen/LumenReSTIRGather.usf" 3029
"../../../Engine/Shaders/Private/Lumen/LumenReflectionTracing.usf" 3030
"../../../Engine/Shaders/Private/Lumen/LumenReflectionDenoiserSpatial.usf" 3031
"../../../Engine/Shaders/Private/Lumen/LumenReflectionDenoiserClear.usf" 3032
"../../../Engine/Shaders/Private/Lumen/LumenReflectionDenoiserTemporal.usf" 3033
"../../../Engine/Shaders/Private/Lumen/LumenReflectionResolve.usf" 3034
"../../../Engine/Shaders/Private/Lumen/LumenReflections.usf" 3035
"../../../Engine/Shaders/Private/Lumen/RayTracedTranslucency.usf" 3036
"../../../Engine/Shaders/Private/Lumen/LumenReflectionHardwareRayTracing.usf" 3037
"../../../Engine/Shaders/Private/Lumen/Radiosity/LumenVisualizeRadiosityProbes.usf" 3038
"../../../Engine/Shaders/Private/Lumen/Radiosity/LumenRadiosity.usf" 3039
"../../../Engine/Shaders/Private/Lumen/Radiosity/LumenRadiosityHardwareRayTracing.usf" 3040
"../../../Engine/Shaders/Private/Lumen/Radiosity/LumenRadiosityCulling.usf" 3041
"../../../Engine/Shaders/Private/Lumen/LumenRadianceCacheHardwareRayTracing.usf" 3042
"../../../Engine/Shaders/Private/Lumen/LumenRadianceCache.usf" 3043
"../../../Engine/Shaders/Private/Lumen/LumenRadianceCacheUpdate.ush" 3044
"../../../Engine/Shaders/Private/Lumen/LumenRadianceCacheDebug.usf" 3045
"../../../Engine/Shaders/Private/Lumen/LumenRadianceCacheUpdate.usf" 3046
"../../../Engine/Shaders/Private/Lumen/LumenMeshSDFCulling.usf" 3047
"../../../Engine/Shaders/Private/HybridIndirectLighting.ush" 3048
"../../../Engine/Shaders/Private/MeshDistanceFieldCommon.ush" 3049
"../../../Engine/Shaders/Private/Lumen/LumenIrradianceFieldGather.usf" 3050
"../../../Engine/Shaders/Private/Lumen/LumenHardwareRayTracingMaterials.usf" 3051
"../../../Engine/Shaders/Private/Lumen/LumenFrontLayerTranslucency.usf" 3052
"../../../Engine/Shaders/Private/LocalFogVolumes/LocalFogVolumeSplat.usf" 3053
"../../../Engine/Shaders/Private/LocalFogVolumes/LocalFogVolumeTiledCulling.usf" 3054
"../../../Engine/Shaders/Private/LightShaftShader.usf" 3055
"../../../Engine/Shaders/Private/StationaryLightOverlapShaders.usf" 3056
"../../../Engine/Shaders/Private/DeferredLightPixelShaders.usf" 3057
"../../../Engine/Shaders/Private/DeferredLightVertexShaders.usf" 3058
"../../../Engine/Shaders/Private/LightMapDensityShader.usf" 3059
"../../../Engine/Shaders/Private/LightGridInjection.usf" 3060
"../../../Engine/Shaders/Shared/LightGridDefinitions.h" 3061
"../../../Engine/Shaders/Private/LightFunctionPixelShader.usf" 3062
"../../../Engine/Shaders/Private/LightFunctionVertexShader.usf" 3063
"../../../Engine/Shaders/Private/LightFunctionAtlas/LightFunctionAtlasRender.usf" 3064
"../../../Engine/Shaders/Private/InstanceCulling/InstanceCullingOcclusionQuery.usf" 3065
"../../../Engine/Shaders/Private/InstanceCulling/InstanceCullingSetup.ush" 3066
"../../../Engine/Shaders/Private/InstanceCulling/BuildInstanceDrawCommands.usf" 3067
"../../../Engine/Shaders/Private/InstanceCulling/InstanceCompactionCommon.ush" 3068
"../../../Engine/Shaders/Private/SceneDataMobileWriter.ush" 3069
"../../../Engine/Shaders/Private/InstanceCulling/CompactVisibleInstances.usf" 3070
"../../../Engine/Shaders/Private/ReflectionEnvironmentPixelShader.usf" 3071
"../../../Engine/Shaders/Private/AmbientCubemapComposite.usf" 3072
"../../../Engine/Shaders/Private/DiffuseIndirectComposite.usf" 3073
"../../../Engine/Shaders/Private/IESAtlas.usf" 3074
"../../../Engine/Shaders/Private/HeterogeneousVolumes/HeterogeneousVolumesVisualizeCascades.usf" 3075
"../../../Engine/Shaders/Private/HeterogeneousVolumes/HeterogeneousVolumesVoxelGridShadows.usf" 3076
"../../../Engine/Shaders/Private/HeterogeneousVolumes/HeterogeneousVolumesStochasticFiltering.ush" 3077
"../../../Engine/Shaders/Private/HeterogeneousVolumes/HeterogeneousVolumesVoxelGridRenderingUtils.ush" 3078
"../../../Engine/Shaders/Private/HeterogeneousVolumes/HeterogeneousVolumesLightingUtils.ush" 3079
"../../../Engine/Shaders/Private/HeterogeneousVolumes/HeterogeneousVolumesRayMarchingUtils.ush" 3080
"../../../Engine/Shaders/Private/HeterogeneousVolumes/HeterogeneousVolumesRayMarchingTypes.ush" 3081
"../../../Engine/Shaders/Private/HeterogeneousVolumes/HeterogeneousVolumesTransmittanceVolumeUtils.ush" 3082
"../../../Engine/Shaders/Private/HeterogeneousVolumes/HeterogeneousVolumesAdaptiveVolumetricShadowMapSampler.ush" 3083
"../../../Engine/Shaders/Private/HeterogeneousVolumes/HeterogeneousVolumesVoxelGridRendering.usf" 3084
"../../../Engine/Shaders/Private/HeterogeneousVolumes/HeterogeneousVolumesVoxelGridPipeline.usf" 3085
"../../../Engine/Shaders/Private/HeterogeneousVolumes/HeterogeneousVolumesMaterialBakingPipeline.usf" 3086
"../../../Engine/Shaders/Private/HeterogeneousVolumes/HeterogeneousVolumesLiveShadingUtils.ush" 3087
"../../../Engine/Shaders/Private/HeterogeneousVolumes/HeterogeneousVolumesFrustumVoxelGrid.usf" 3088
"../../../Engine/Shaders/Private/HeterogeneousVolumes/HeterogeneousVolumesSparseVoxelPipeline.usf" 3089
"../../../Engine/Shaders/Private/HeterogeneousVolumes/HeterogeneousVolumesSparseVoxelUtils.ush" 3090
"../../../Engine/Shaders/Private/HeterogeneousVolumes/HeterogeneousVolumesSparseVoxelUniformBufferUtils.ush" 3091
"../../../Engine/Shaders/Private/HeterogeneousVolumes/HeterogeneousVolumesPreshadingPipeline.usf" 3092
"../../../Engine/Shaders/Private/HeterogeneousVolumes/HeterogeneousVolumesShadowMask.usf" 3093
"../../../Engine/Shaders/Private/HeterogeneousVolumes/HeterogeneousVolumesLiveShadingShadows.usf" 3094
"../../../Engine/Shaders/Private/HeterogeneousVolumes/HeterogeneousVolumesLiveShadingGlobalPipeline.usf" 3095
"../../../Engine/Shaders/Private/HeterogeneousVolumes/HeterogeneousVolumesLiveShadingPipeline.usf" 3096
"../../../Engine/Shaders/Private/HeterogeneousVolumes/HeterogeneousVolumesHardwareRayTracing.usf" 3097
"../../../Engine/Shaders/Private/HeterogeneousVolumes/HeterogeneousVolumesAmbientOcclusionPipeline.usf" 3098
"../../../Engine/Shaders/Private/HeterogeneousVolumes/HeterogeneousVolumesComposite.usf" 3099
"../../../Engine/Shaders/Private/HdrCustomResolveShaders.usf" 3100
"../../../Engine/Shaders/Private/HairStrands/RenderCurveRaster.usf" 3101
"../../../Engine/Shaders/Shared/RenderCurveDefinitions.h" 3102
"../../../Engine/Shaders/Private/HairStrands/HairStrandsVoxelRasterCompute.usf" 3103
"../../../Engine/Shaders/Private/HairStrands/HairStrandsHitProxy.usf" 3104
"../../../Engine/Shaders/Private/HairStrands/HairStrandsVisibilityRasterComputeNaive.usf" 3105
"../../../Engine/Shaders/Private/HairStrands/HairStrandsVisibilityRasterHW.usf" 3106
"../../../Engine/Shaders/Private/HairStrands/HairStrandsVisibilityRasterCompute.usf" 3107
"../../../Engine/Shaders/Private/HairStrands/HairStrandsVisibilityRasterClassification.usf" 3108
"../../../Engine/Shaders/Private/HairStrands/HairStrandsCoverage.usf" 3109
"../../../Engine/Shaders/Private/HairStrands/HairStrandsVisibilityDepthPS.usf" 3110
"../../../Engine/Shaders/Private/HairStrands/HairStrandsVisibilityTransmittanceDepthPS.usf" 3111
"../../../Engine/Shaders/Private/HairStrands/HairStrandsVisibilityFillOpaqueDepthPS.usf" 3112
"../../../Engine/Shaders/Private/HairStrands/HairStrandsVisibilityCompactionComputeRaster.usf" 3113
"../../../Engine/Shaders/Private/HairStrands/HairStrandsVisibilityCompaction.usf" 3114
"../../../Engine/Shaders/Private/HairStrands/HairStrandsVisibilityCopyIndirectArg.usf" 3115
"../../../Engine/Shaders/Private/HairStrands/HairStrandsVisibilityClearPS.usf" 3116
"../../../Engine/Shaders/Private/HairStrands/HairStrandsVisibilityPS.usf" 3117
"../../../Engine/Shaders/Private/HairStrands/HairStrandsVisibilityVS.usf" 3118
"../../../Engine/Shaders/Private/HairStrands/HairStrandsVelocity.usf" 3119
"../../../Engine/Shaders/Private/HairStrands/HairStrandsVisibilityComputeSampleCoverage.usf" 3120
"../../../Engine/Shaders/Private/HairStrands/HairStrandsMaterialPS.usf" 3121
"../../../Engine/Shaders/Private/HairStrands/HairStrandsMaterialCommon.ush" 3122
"../../../Engine/Shaders/Private/HairStrands/HairStrandsMaterialVS.usf" 3123
"../../../Engine/Shaders/Private/HairStrands/HairStrandsLightSample.usf" 3124
"../../../Engine/Shaders/Private/HairStrands/HairStrandsDeepShadowMask.usf" 3125
"../../../Engine/Shaders/Private/HairStrands/HairStrandsDeepTransmittanceMask.usf" 3126
"../../../Engine/Shaders/Private/HairStrands/HairStrandsVisibilityTile.usf" 3127
"../../../Engine/Shaders/Private/HairStrands/HairStrandsDeepShadowPS.usf" 3128
"../../../Engine/Shaders/Private/HairStrands/HairStrandsDeepShadowVS.usf" 3129
"../../../Engine/Shaders/Private/HairStrands/HairStrandsAABB.usf" 3130
"../../../Engine/Shaders/Private/HairStrands/HairStrandsLUT.usf" 3131
"../../../Engine/Shaders/Private/HairStrands/HairStrandsForwardRaster.usf" 3132
"../../../Engine/Shaders/Private/HairStrands/HairStrandsForwardCulling.usf" 3133
"../../../Engine/Shaders/Private/HairStrands/HairStrandsEnvironmentLighting.usf" 3134
"../../../Engine/Shaders/Private/HairStrands/HairStrandsEnvironmentAO.usf" 3135
"../../../Engine/Shaders/Private/HairStrands/HairStrandsDeepShadowAllocation.usf" 3136
"../../../Engine/Shaders/Private/HairStrands/HairStrandsVoxelDebug.usf" 3137
"../../../Engine/Shaders/Private/HairStrands/HairStrandsComposition.usf" 3138
"../../../Engine/Shaders/Private/HairStrands/HairStrandsGBufferCommon.ush" 3139
"../../../Engine/Shaders/Private/GPUScene/GPUSceneDataManagement.usf" 3140
"../../../Engine/Shaders/Private/GPUSceneDebugRender.usf" 3141
"../../../Engine/Shaders/Private/GPUFeedbackCompaction.usf" 3142
"../../../Engine/Shaders/Private/GPUFastFourierTransform.usf" 3143
"../../../Engine/Shaders/Private/GPUFastFourierTransform2DCore.ush" 3144
"../../../Engine/Shaders/Private/GPUFastFourierTransformCore.ush" 3145
"../../../Engine/Shaders/Private/GPUBenchmark.usf" 3146
"../../../Engine/Shaders/Private/DistanceField/GlobalDistanceFieldDebug.usf" 3147
"../../../Engine/Shaders/Private/DistanceField/GlobalDistanceFieldUpdate.ush" 3148
"../../../Engine/Shaders/Private/DistanceField/GlobalDistanceFieldMip.usf" 3149
"../../../Engine/Shaders/Private/DistanceField/GlobalDistanceField.usf" 3150
"../../../Engine/Shaders/Private/DistanceField/GlobalDistanceFieldCompositeObjects.usf" 3151
"../../../Engine/Shaders/Private/DistanceField/GlobalDistanceFieldHeightfields.usf" 3152
"../../../Engine/Shaders/Private/HeightfieldLightingShared.ush" 3153
"../../../Engine/Shaders/Private/GenerateConservativeDepth.usf" 3154
"../../../Engine/Shaders/Private/HeightFogPixelShader.usf" 3155
"../../../Engine/Shaders/Private/HeightFogVertexShader.usf" 3156
"../../../Engine/Shaders/Private/DistortFiltering.usf" 3157
"../../../Engine/Shaders/Private/DistortAccumulatePS.usf" 3158
"../../../Engine/Shaders/Private/DistortAccumulateVS.usf" 3159
"../../../Engine/Shaders/Private/DistanceFieldVisualization.usf" 3160
"../../../Engine/Shaders/Private/DistanceFieldStreaming.usf" 3161
"../../../Engine/Shaders/Private/DistanceFieldShadowing.usf" 3162
"../../../Engine/Shaders/Private/DistanceFieldScreenGridLighting.usf" 3163
"../../../Engine/Shaders/Private/DistanceFieldObjectCulling.usf" 3164
"../../../Engine/Shaders/Private/DistanceFieldLightingPost.usf" 3165
"../../../Engine/Shaders/Private/DitheredTransitionStencil.usf" 3166
"../../../Engine/Shaders/Private/CopyDepthTexture.usf" 3167
"../../../Engine/Shaders/Private/CopyDepthTextureCS.usf" 3168
"../../../Engine/Shaders/Private/DeferredDecal.usf" 3169
"../../../Engine/Shaders/Private/DecalCommon.ush" 3170
"../../../Engine/Shaders/Private/DebugViewModeVertexShader.usf" 3171
"../../../Engine/Shaders/Private/DebugViewModeCommon.ush" 3172
"../../../Engine/Shaders/Private/DebugViewModePixelShader.usf" 3173
"../../../Engine/Shaders/Private/DebugProbes.usf" 3174
"../../../Engine/Shaders/Private/MeshDecals.usf" 3175
"../../../Engine/Shaders/Private/PostProcessAmbientOcclusion.usf" 3176
"../../../Engine/Shaders/Private/ClusteredDeferredShadingPixelShader.usf" 3177
"../../../Engine/Shaders/Private/ClusteredDeferredShadingVertexShader.usf" 3178
"../../../Engine/Shaders/Private/CapsuleShadowShaders.usf" 3179
"../../../Engine/Shaders/Private/BasePassPixelShader.usf" 3180
"../../../Engine/Shaders/Private/ForwardLightingCommon.ush" 3181
"../../../Engine/Shaders/Private/Substrate/SubstrateForwardLighting.ush" 3182
"../../../Engine/Shaders/Private/ComputeShaderOutputCommon.ush" 3183
"../../../Engine/Shaders/Private/BasePassVertexShader.usf" 3184
"../../../Engine/Shaders/Private/BasePassVertexCommon.ush" 3185
"../../../Engine/Shaders/Private/SimpleElementVolumeTexturePreviewPixelShader.usf" 3186
"../../../Engine/Shaders/Private/SimpleElementTexture2DPreviewPixelShader.usf" 3187
"../../../Engine/Shaders/Private/meshpaintdilatepixelshader.usf" 3188
"../../../Engine/Shaders/Private/meshpaintdilatevertexshader.usf" 3189
"../../../Engine/Shaders/Private/MeshPaintPixelShader.usf" 3190
"../../../Engine/Shaders/Private/MeshPaintVertexShader.usf" 3191
"../../../Engine/Shaders/Private/SlateElementPixelShader.usf" 3192
"../../../Engine/Shaders/Private/SlateShaderCommon.ush" 3193
"../../../Engine/Shaders/Private/SlateMaskingShader.usf" 3194
"../../../Engine/Shaders/Private/SlateVertexShader.usf" 3195
"../../../Engine/Shaders/Private/CompositeUIPixelShader.usf" 3196
"../../../Engine/Shaders/Private/ColorDeficiency.ush" 3197
"../../../Engine/Shaders/Private/SlatePostProcessColorDeficiencyPixelShader.usf" 3198
"../../../Engine/Shaders/Private/SlatePostProcessPixelShader.usf" 3199
"../../../Engine/Shaders/Private/Tools/VisualizeTexture.usf" 3200
"../../../Engine/Shaders/Private/UpdateDescriptorHandle.usf" 3201
"../../../Engine/Shaders/Private/ByteBuffer.usf" 3202
"../../../Engine/Shaders/Private/ShaderBundleWorkGraphDispatch.usf" 3203
"../../../Engine/Shaders/Private/ShaderBundleDispatch.usf" 3204
"../../../Engine/Shaders/Private/ResolveVertexShader.usf" 3205
"../../../Engine/Shaders/Private/ResolvePixelShader.usf" 3206
"../../../Engine/Shaders/Private/Tools/SetupIndirectArgs.usf" 3207
"../../../Engine/Shaders/Private/ClearReplacementShaders.usf" 3208
"../../../Engine/Shaders/Private/Tools/DrawTexture.usf" 3209
"../../../Engine/Shaders/Private/RayTracing/RayTracingValidation.usf" 3210
"../../../Engine/Shaders/Private/RenderGraphUtilities.usf" 3211
"../../../Engine/Shaders/Private/OneColorShader.usf" 3212
"../../../Engine/Shaders/Private/OculusShaders.usf" 3213
"../../../Engine/Shaders/Private/MediaShaders.usf" 3214
"../../../Engine/Shaders/Private/GPUMessaging.usf" 3215
"../../../Engine/Shaders/Private/Tools/GPUDebugCrashUtils.usf" 3216
"../../../Engine/Shaders/Private/NullPixelShader.usf" 3217
"../../../Engine/Shaders/Private/ComputeGenerateMips.usf" 3218
"../../../Engine/Shaders/Private/Tools/DumpTexture.usf" 3219
"../../../Engine/Shaders/Private/CopyTextureShaders.usf" 3220
"../../../Engine/Shaders/Private/Tools/FullscreenVertexShader.usf" 3221
"../../../Engine/Shaders/Private/RayTracing/RayTracingDispatchDesc.usf" 3222
"../../../Engine/Shaders/Private/Bink.usf" 3223
"../../../Engine/Shaders/Private/DepthOnlyPixelShader.usf" 3224
"../../../Engine/Shaders/Private/PositionOnlyDepthVertexShader.usf" 3225
"../../../Engine/Shaders/Private/DepthOnlyVertexShader.usf" 3226
"../../../Engine/Shaders/Private/AnisotropyPassShader.usf" 3227
"D:/UNREAL ENGINE/UE BACKUP/BIBOP/BIBOP_2-6_UE/BIBOP_2-6_UE/Content/Blueprints/BP_Coin.uasset" 3228
"D:/UNREAL ENGINE/UE BACKUP/BIBOP/BIBOP_2-6_UE/BIBOP_2-6_UE/Content/Blueprints/BP_Player_2.uasset" 3229
"D:/UNREAL ENGINE/UE BACKUP/BIBOP/BIBOP_2-6_UE/BIBOP_2-6_UE/Content/_MyContent/Levels/L_Test.umap" 3230
"D:/UNREAL ENGINE/UE BACKUP/BIBOP/BIBOP_2-6_UE/BIBOP_2-6_UE/Content/_MyContent/Blueprints/BP_Player.uasset" 3231
"D:/UNREAL ENGINE/UE BACKUP/BIBOP/BIBOP_2-6_UE/BIBOP_2-6_UE/Content/_MyContent/InputActionContexts/IMC_Default.uasset" 3232
"D:/UNREAL ENGINE/UE BACKUP/BIBOP/BIBOP_2-6_UE/BIBOP_2-6_UE/Content/_MyContent/InputActionContexts/IMC_Ship.uasset" 3233
"D:/UNREAL ENGINE/UE BACKUP/BIBOP/BIBOP_2-6_UE/BIBOP_2-6_UE/Content/_MyContent/Blueprints/BP_Ship.uasset" 3234
"D:/UNREAL ENGINE/UE BACKUP/BIBOP/BIBOP_2-6_UE/BIBOP_2-6_UE/Content/_MyContent/Blueprints/BP_Ship_2.uasset" 3235
"D:/UNREAL ENGINE/UE BACKUP/BIBOP/BIBOP_2-6_UE/BIBOP_2-6_UE/Content/_MyContent/InputActionContexts/DefaultInputActions/IA_Switch.uasset" 3236
"D:/UNREAL ENGINE/UE BACKUP/BIBOP/BIBOP_2-6_UE/BIBOP_2-6_UE/Content/_MyContent/Blueprints/UI/Specific/WBP_UIHUDAim.uasset" 3237
"D:/UNREAL ENGINE/UE BACKUP/BIBOP/BIBOP_2-6_UE/BIBOP_2-6_UE/Content/__ExternalActors__/_MyContent/Levels/L_Test/4/WL/VESYBXDN1AQ0XDPUCG73DB.uasset" 3238
"D:/UNREAL ENGINE/UE BACKUP/BIBOP/BIBOP_2-6_UE/BIBOP_2-6_UE/Content/__ExternalActors__/_MyContent/Levels/L_Test/4/CF/NVQHDSWRJBWQ5ZG1IMGLT1.uasset" 3239
"D:/UNREAL ENGINE/UE BACKUP/BIBOP/BIBOP_2-6_UE/BIBOP_2-6_UE/Content/__ExternalActors__/_MyContent/Levels/L_Test/1/9N/Z0S8XDM0FZLIX4FI73RMJK.uasset" 3240
"D:/UNREAL ENGINE/UE BACKUP/BIBOP/BIBOP_2-6_UE/BIBOP_2-6_UE/Content/__ExternalActors__/_MyContent/Levels/L_Test/5/FC/OA766M4ZSA9BHQTH14WXYD.uasset" 3241
"D:/UNREAL ENGINE/UE BACKUP/BIBOP/BIBOP_2-6_UE/BIBOP_2-6_UE/Content/__ExternalActors__/_MyContent/Levels/L_Test/1/OG/S77HP8UN4TLQW7NAG19JHL.uasset" 3242
"D:/UNREAL ENGINE/UE BACKUP/BIBOP/BIBOP_2-6_UE/BIBOP_2-6_UE/Content/__ExternalActors__/_MyContent/Levels/L_Test/1/79/8M71TJW6VXFF8NV0COQIO3.uasset" 3243
"D:/UNREAL ENGINE/UE BACKUP/BIBOP/BIBOP_2-6_UE/BIBOP_2-6_UE/Content/__ExternalActors__/_MyContent/Levels/L_Test/0/KR/KWC9PJPVFQMZ12H9NCRK6J.uasset" 3244
"D:/UNREAL ENGINE/UE BACKUP/BIBOP/BIBOP_2-6_UE/BIBOP_2-6_UE/Content/__ExternalActors__/_MyContent/Levels/L_Test/5/LL/SNHLQRJIM3IAJQM4UYQ8X4.uasset" 3245
"D:/UNREAL ENGINE/UE BACKUP/BIBOP/BIBOP_2-6_UE/BIBOP_2-6_UE/Content/__ExternalActors__/_MyContent/Levels/L_Test/6/EO/VB2EOK6C5B8C2I7WMMH5B8.uasset" 3246
"D:/UNREAL ENGINE/UE BACKUP/BIBOP/BIBOP_2-6_UE/BIBOP_2-6_UE/Content/__ExternalActors__/_MyContent/Levels/L_Test/6/YW/C73JDZYCKJ1BPAP01LH90W.uasset" 3247
"D:/UNREAL ENGINE/UE BACKUP/BIBOP/BIBOP_2-6_UE/BIBOP_2-6_UE/Content/__ExternalActors__/_MyContent/Levels/L_Test/6/3F/1HTGNPFXJW6T81PHMHZ447.uasset" 3248
"D:/UNREAL ENGINE/UE BACKUP/BIBOP/BIBOP_2-6_UE/BIBOP_2-6_UE/Content/__ExternalActors__/_MyContent/Levels/L_Test/7/AU/ZZLKWM02H9ARCQYQTD2J5A.uasset" 3249
"D:/UNREAL ENGINE/UE BACKUP/BIBOP/BIBOP_2-6_UE/BIBOP_2-6_UE/Content/__ExternalActors__/_MyContent/Levels/L_Test/7/QI/5DWT3R15DKT16X3PGEDUB6.uasset" 3250
"D:/UNREAL ENGINE/UE BACKUP/BIBOP/BIBOP_2-6_UE/BIBOP_2-6_UE/Content/__ExternalActors__/_MyContent/Levels/L_Test/8/7B/OLWJ6YOXB6WRB4FMUCU3B3.uasset" 3251
"D:/UNREAL ENGINE/UE BACKUP/BIBOP/BIBOP_2-6_UE/BIBOP_2-6_UE/Content/__ExternalActors__/_MyContent/Levels/L_Test/8/CP/5HI1RWBP9QQ363Y800N257.uasset" 3252
"D:/UNREAL ENGINE/UE BACKUP/BIBOP/BIBOP_2-6_UE/BIBOP_2-6_UE/Content/__ExternalActors__/_MyContent/Levels/L_Test/8/JN/LYB90X53JVIVY28EEWQKU0.uasset" 3253
"D:/UNREAL ENGINE/UE BACKUP/BIBOP/BIBOP_2-6_UE/BIBOP_2-6_UE/Content/__ExternalActors__/_MyContent/Levels/L_Test/9/K5/ZTKPS05MTGWZIEJXSNAQ6T.uasset" 3254
"D:/UNREAL ENGINE/UE BACKUP/BIBOP/BIBOP_2-6_UE/BIBOP_2-6_UE/Content/__ExternalActors__/_MyContent/Levels/L_Test/8/LV/N3KTMGCHVCQHV0QYF56NXW.uasset" 3255
"D:/UNREAL ENGINE/UE BACKUP/BIBOP/BIBOP_2-6_UE/BIBOP_2-6_UE/Content/__ExternalActors__/_MyContent/Levels/L_Test/8/TB/AN9AC72ES4GIIEP3V9D3Q9.uasset" 3256
"D:/UNREAL ENGINE/UE BACKUP/BIBOP/BIBOP_2-6_UE/BIBOP_2-6_UE/Content/__ExternalActors__/_MyContent/Levels/L_Test/9/N4/WYEQXT2WHQJN5J4GFP93N7.uasset" 3257
"D:/UNREAL ENGINE/UE BACKUP/BIBOP/BIBOP_2-6_UE/BIBOP_2-6_UE/Content/__ExternalActors__/_MyContent/Levels/L_Test/A/E2/W3P6S3TLPYBNIL4ZBRZJFP.uasset" 3258
"D:/UNREAL ENGINE/UE BACKUP/BIBOP/BIBOP_2-6_UE/BIBOP_2-6_UE/Content/__ExternalActors__/_MyContent/Levels/L_Test/A/L5/FRL6PWSMQ6CA3B6NVHW2E8.uasset" 3259
"D:/UNREAL ENGINE/UE BACKUP/BIBOP/BIBOP_2-6_UE/BIBOP_2-6_UE/Content/__ExternalActors__/_MyContent/Levels/L_Test/9/T4/ZU01G40W85B8THOW3DU9MZ.uasset" 3260
"D:/UNREAL ENGINE/UE BACKUP/BIBOP/BIBOP_2-6_UE/BIBOP_2-6_UE/Content/__ExternalActors__/_MyContent/Levels/L_Test/B/D5/XE8NT51EAJSYCIO6R0ZKB7.uasset" 3261
"D:/UNREAL ENGINE/UE BACKUP/BIBOP/BIBOP_2-6_UE/BIBOP_2-6_UE/Content/__ExternalActors__/_MyContent/Levels/L_Test/C/EP/T9CV8JCRZTTWL3YOTA5P81.uasset" 3262
"D:/UNREAL ENGINE/UE BACKUP/BIBOP/BIBOP_2-6_UE/BIBOP_2-6_UE/Content/__ExternalActors__/_MyContent/Levels/L_Test/B/GB/L9GI1CYS7R787HNZFSW4HL.uasset" 3263
"D:/UNREAL ENGINE/UE BACKUP/BIBOP/BIBOP_2-6_UE/BIBOP_2-6_UE/Content/__ExternalActors__/_MyContent/Levels/L_Test/C/RE/X9KOD1NH4N50BZJXX51F9Z.uasset" 3264
"D:/UNREAL ENGINE/UE BACKUP/BIBOP/BIBOP_2-6_UE/BIBOP_2-6_UE/Content/__ExternalActors__/_MyContent/Levels/L_Test/D/69/XJJPXATD0IN4ANZWXL2VE7.uasset" 3265
"D:/UNREAL ENGINE/UE BACKUP/BIBOP/BIBOP_2-6_UE/BIBOP_2-6_UE/Content/__ExternalActors__/_MyContent/Levels/L_Test/D/8U/D1NQVUS65NDMET87OJWY4D.uasset" 3266
"D:/UNREAL ENGINE/UE BACKUP/BIBOP/BIBOP_2-6_UE/BIBOP_2-6_UE/Content/__ExternalActors__/_MyContent/Levels/L_Test/D/MX/IW928Y2I4EPWHQN2I6YM4V.uasset" 3267
"D:/UNREAL ENGINE/UE BACKUP/BIBOP/BIBOP_2-6_UE/BIBOP_2-6_UE/Content/__ExternalActors__/_MyContent/Levels/L_Test/D/YJ/CPG3F8TJ6TDNTPJFIIYUUL.uasset" 3268
"D:/UNREAL ENGINE/UE BACKUP/BIBOP/BIBOP_2-6_UE/BIBOP_2-6_UE/Content/__ExternalActors__/_MyContent/Levels/L_Test/E/AF/QMI6CMQ6RRYCCKZBOE825K.uasset" 3269
"D:/UNREAL ENGINE/UE BACKUP/BIBOP/BIBOP_2-6_UE/BIBOP_2-6_UE/Content/__ExternalActors__/_MyContent/Levels/L_Test/E/JI/M1OBQ6WWEODP88ZYFHDE1C.uasset" 3270
"D:/UNREAL ENGINE/UE BACKUP/BIBOP/BIBOP_2-6_UE/BIBOP_2-6_UE/Content/__ExternalActors__/_MyContent/Levels/L_Test/F/1V/KUL3TTPXFTQXHZOK8RGXNJ.uasset" 3271
"D:/UNREAL ENGINE/UE BACKUP/BIBOP/BIBOP_2-6_UE/BIBOP_2-6_UE/Content/__ExternalActors__/_MyContent/Levels/L_Test/E/V0/X6OU0IP4IGYDEZA2LHUDO5.uasset" 3272
"D:/UNREAL ENGINE/UE BACKUP/BIBOP/BIBOP_2-6_UE/BIBOP_2-6_UE/Content/__ExternalActors__/_MyContent/Levels/L_Test/E/5F/DDGMWQX04RO1QK2HBJ2CAG.uasset" 3273
"/Engine/EngineResources/WhiteSquareTexture" 3274
"../../../Engine/Content/EngineResources/WhiteSquareTexture.uasset" 3275
"/Engine/EngineResources/GradientTexture0" 3276
"../../../Engine/Content/EngineResources/GradientTexture0.uasset" 3277
"/Engine/EngineResources/Black" 3278
"../../../Engine/Content/EngineResources/Black.uasset" 3279
"/Engine/EditorResources/S_Actor" 3280
"../../../Engine/Content/EditorResources/S_Actor.uasset" 3281
"/Engine/EngineFonts/RobotoDistanceField" 3282
"../../../Engine/Content/EngineFonts/RobotoDistanceField.uasset" 3283
"/Engine/EngineMaterials/DefaultTextMaterialOpaque" 3284
"../../../Engine/Content/EngineMaterials/DefaultTextMaterialOpaque.uasset" 3285
"/Engine/Functions/Engine_MaterialFunctions01/Shading/PowerToRoughness" 3286
"../../../Engine/Content/Functions/Engine_MaterialFunctions01/Shading/PowerToRoughness.uasset" 3287
"/Engine/Functions/Engine_MaterialFunctions01/Shading/ConvertFromDiffSpec" 3288
"../../../Engine/Content/Functions/Engine_MaterialFunctions01/Shading/ConvertFromDiffSpec.uasset" 3289
"/Engine/EngineMaterials/WorldGridMaterial" 3290
"../../../Engine/Content/EngineMaterials/WorldGridMaterial.uasset" 3291
"../../../Engine/Content/Functions/Engine_MaterialFunctions01/Opacity/CameraDepthFade.uasset" 3292
"../../../Engine/Content/EngineMaterials/T_Default_Material_Grid_M.uasset" 3293
"../../../Engine/Content/EngineMaterials/T_Default_Material_Grid_N.uasset" 3294
"/Engine/EngineMaterials/DefaultDeferredDecalMaterial" 3295
"../../../Engine/Content/EngineMaterials/DefaultDeferredDecalMaterial.uasset" 3296
"../../../Engine/Content/EngineMaterials/DefaultDiffuse.uasset" 3297
"/Engine/EngineMaterials/DefaultLightFunctionMaterial" 3298
"../../../Engine/Content/EngineMaterials/DefaultLightFunctionMaterial.uasset" 3299
"/Engine/EngineMaterials/DefaultPostProcessMaterial" 3300
"../../../Engine/Content/EngineMaterials/DefaultPostProcessMaterial.uasset" 3301
"../../../Engine/Content/Functions/Engine_MaterialFunctions02/Utility/BreakOutFloat2Components.uasset" 3302
"/Engine/EditorResources/S_Trigger" 3303
"../../../Engine/Content/EditorResources/S_Trigger.uasset" 3304
"/Engine/EditorResources/S_BoxReflectionCapture" 3305
"../../../Engine/Content/EditorResources/S_BoxReflectionCapture.uasset" 3306
"/Engine/EngineResources/DefaultTexture" 3307
"../../../Engine/Content/EngineResources/DefaultTexture.uasset" 3308
"/Engine/EditorResources/S_TriggerBox" 3309
"../../../Engine/Content/EditorResources/S_TriggerBox.uasset" 3310
"/Engine/EditorResources/S_TriggerCapsule" 3311
"../../../Engine/Content/EditorResources/S_TriggerCapsule.uasset" 3312
"/Engine/EditorResources/S_TriggerSphere" 3313
"../../../Engine/Content/EditorResources/S_TriggerSphere.uasset" 3314
"/Engine/EngineMeshes/Sphere" 3315
"../../../Engine/Content/EngineMeshes/Sphere.uasset" 3316
"/Engine/EngineDamageTypes/DmgTypeBP_Environmental" 3317
"../../../Engine/Content/EngineDamageTypes/DmgTypeBP_Environmental.uasset" 3318
"/Engine/EngineResources/DefaultTextureCube" 3319
"../../../Engine/Content/EngineResources/DefaultTextureCube.uasset" 3320
"/Engine/EngineResources/DefaultVolumeTexture" 3321
"../../../Engine/Content/EngineResources/DefaultVolumeTexture.uasset" 3322
"../../../Engine/Content/EngineResources/DefaultVolumeTexture2D.uasset" 3323
"/Engine/EditorResources/S_Solver" 3324
"../../../Engine/Content/EditorResources/S_Solver.uasset" 3325
"/Engine/EngineDebugMaterials/VolumeToRender" 3326
"../../../Engine/Content/EngineDebugMaterials/VolumeToRender.uasset" 3327
"/Engine/EngineDebugMaterials/M_VolumeRenderSphereTracePP" 3328
"../../../Engine/Content/EngineDebugMaterials/M_VolumeRenderSphereTracePP.uasset" 3329
"../../../Engine/Content/Functions/Engine_MaterialFunctions02/Utility/CameraDirectionVector.uasset" 3330
"/Engine/EditorMeshes/Camera/SM_CraneRig_Base" 3331
"../../../Engine/Content/EditorMeshes/Camera/SM_CraneRig_Base.uasset" 3332
"../../../Engine/Content/EditorMaterials/Camera/MI_CineMat_Rig.uasset" 3333
"../../../Engine/Content/EditorMaterials/Camera/CineMat.uasset" 3334
"/Engine/EditorMeshes/Camera/SM_CraneRig_Arm" 3335
"../../../Engine/Content/EditorMeshes/Camera/SM_CraneRig_Arm.uasset" 3336
"/Engine/EditorMeshes/Camera/SM_CraneRig_Mount" 3337
"../../../Engine/Content/EditorMeshes/Camera/SM_CraneRig_Mount.uasset" 3338
"/Engine/EditorMeshes/Camera/SM_CraneRig_Body" 3339
"../../../Engine/Content/EditorMeshes/Camera/SM_CraneRig_Body.uasset" 3340
"/Engine/EditorMeshes/Camera/SM_RailRig_Track" 3341
"../../../Engine/Content/EditorMeshes/Camera/SM_RailRig_Track.uasset" 3342
"/Engine/EditorMeshes/Camera/SM_RailRig_Mount" 3343
"../../../Engine/Content/EditorMeshes/Camera/SM_RailRig_Mount.uasset" 3344
"/Engine/EditorLandscapeResources/SplineEditorMesh" 3345
"../../../Engine/Content/EditorLandscapeResources/SplineEditorMesh.uasset" 3346
"../../../Engine/Content/EditorLandscapeResources/SplineEditorMeshMat.uasset" 3347
"/HairStrands/Materials/HairDebugMaterial" 3348
"../../Plugins/Runtime/HairStrands/Content/Materials/HairDebugMaterial.uasset" 3349
"../../../Engine/Content/Functions/Engine_MaterialFunctions02/Utility/MakeFloat2.uasset" 3350
"../../../Engine/Content/Functions/Engine_MaterialFunctions02/Utility/MakeFloat3.uasset" 3351
"../../../Engine/Content/EngineMaterials/HairColorMap.uasset" 3352
"../../../Engine/Content/EngineMaterials/HairDebugColor.uasset" 3353
"../../Plugins/Runtime/HairStrands/Content/Materials/HairGroupColors.uasset" 3354
"/HairStrands/Materials/HairDefaultMaterial" 3355
"../../Plugins/Runtime/HairStrands/Content/Materials/HairDefaultMaterial.uasset" 3356
"/HairStrands/Materials/HairCardsDefaultMaterial" 3357
"../../Plugins/Runtime/HairStrands/Content/Materials/HairCardsDefaultMaterial.uasset" 3358
"/HairStrands/Materials/HairMeshesDefaultMaterial" 3359
"../../Plugins/Runtime/HairStrands/Content/Materials/HairMeshesDefaultMaterial.uasset" 3360
"/Engine/EngineMaterials/Widget3DPassThrough_Translucent" 3361
"../../../Engine/Content/EngineMaterials/Widget3DPassThrough_Translucent.uasset" 3362
"../../../Engine/Content/EngineMaterials/Widget3DPassThrough.uasset" 3363
"/Engine/EngineMaterials/Widget3DPassThrough_Translucent_OneSided" 3364
"../../../Engine/Content/EngineMaterials/Widget3DPassThrough_Translucent_OneSided.uasset" 3365
"/Engine/EngineMaterials/Widget3DPassThrough_Opaque" 3366
"../../../Engine/Content/EngineMaterials/Widget3DPassThrough_Opaque.uasset" 3367
"/Engine/EngineMaterials/Widget3DPassThrough_Opaque_OneSided" 3368
"../../../Engine/Content/EngineMaterials/Widget3DPassThrough_Opaque_OneSided.uasset" 3369
"/Engine/EngineMaterials/Widget3DPassThrough_Masked" 3370
"../../../Engine/Content/EngineMaterials/Widget3DPassThrough_Masked.uasset" 3371
"/Engine/EngineMaterials/Widget3DPassThrough_Masked_OneSided" 3372
"../../../Engine/Content/EngineMaterials/Widget3DPassThrough_Masked_OneSided.uasset" 3373
"/Engine/VREditor/ViewportInteractionAssetContainerData" 3374
"../../../Engine/Content/VREditor/ViewportInteractionAssetContainerData.uasset" 3375
"../../../Engine/Content/VREditor/SnapGrid/SnapGridMaterial.uasset" 3376
"../../../Engine/Content/VREditor/TransformGizmo/TransformGizmoMaterial_Inst.uasset" 3377
"../../../Engine/Content/VREditor/TransformGizmo/TranslucentTransformGizmoMaterial_Inst.uasset" 3378
"../../../Engine/Content/VREditor/SnapGrid/SnapGridPlaneMesh.uasset" 3379
"../../../Engine/Content/VREditor/Sounds/UI/Drop_Item_From_ContentBrowser.uasset" 3380
"../../../Engine/Content/VREditor/Sounds/UI/Gizmo_Handle_Clicked.uasset" 3381
"../../../Engine/Content/VREditor/Sounds/UI/Object_PickUp.uasset" 3382
"../../../Engine/Content/VREditor/Sounds/UI/Object_Snaps_To_Another_Actor.uasset" 3383
"../../../Engine/Content/VREditor/Sounds/UI/Object_Snaps_To_Grid.uasset" 3384
"../../../Engine/Content/VREditor/Sounds/UI/Scaling_Down.uasset" 3385
"../../../Engine/Content/VREditor/Sounds/UI/Scaling_Up.uasset" 3386
"../../../Engine/Content/VREditor/Sounds/UI/Selection_Changes.uasset" 3387
"../../../Engine/Content/VREditor/TransformGizmo/PlaneTranslationHandle.uasset" 3388
"../../../Engine/Content/VREditor/TransformGizmo/RotationHandleFull.uasset" 3389
"../../../Engine/Content/VREditor/TransformGizmo/RotationHandleIndicator.uasset" 3390
"../../../Engine/Content/VREditor/TransformGizmo/RotationHandleQuarter.uasset" 3391
"../../../Engine/Content/VREditor/TransformGizmo/StartRotationHandleIndicator.uasset" 3392
"../../../Engine/Content/VREditor/TransformGizmo/TransformGizmoFreeRotation.uasset" 3393
"../../../Engine/Content/VREditor/TransformGizmo/TranslateArrowHandle.uasset" 3394
"../../../Engine/Content/VREditor/TransformGizmo/UniformScaleHandle.uasset" 3395
"../../../Engine/Content/Functions/Engine_MaterialFunctions02/Math/Transform3x3Matrix.uasset" 3396
"../../../Engine/Content/Functions/Engine_MaterialFunctions02/SplitComponents.uasset" 3397
"../../../Engine/Content/VREditor/TransformGizmo/TransformGizmoMaterial.uasset" 3398
"../../../Engine/Content/VREditor/TransformGizmo/TranslucentTransformGizmoMaterial.uasset" 3399
"../../../Engine/Content/Functions/Engine_MaterialFunctions02/Utility/BreakOutFloat3Components.uasset" 3400
"../../../Engine/Content/VREditor/LaserPointer/VR_LaserPower_01.uasset" 3401
"/Engine/VREditor/TransformGizmo/BoundingBoxCorner" 3402
"../../../Engine/Content/VREditor/TransformGizmo/BoundingBoxCorner.uasset" 3403
"/Engine/VREditor/TransformGizmo/BoundingBoxEdge" 3404
"../../../Engine/Content/VREditor/TransformGizmo/BoundingBoxEdge.uasset" 3405
"/Engine/ArtTools/RenderToTexture/Meshes/S_1_Unit_Plane" 3406
"../../../Engine/Content/ArtTools/RenderToTexture/Meshes/S_1_Unit_Plane.uasset" 3407
"/Engine/EngineDebugMaterials/M_SimpleUnlitTranslucent" 3408
"../../../Engine/Content/EngineDebugMaterials/M_SimpleUnlitTranslucent.uasset" 3409
"/Engine/EngineFonts/Roboto" 3410
"../../../Engine/Content/EngineFonts/Roboto.uasset" 3411
"../../../Engine/Content/EngineFonts/Faces/DroidSansFallback.uasset" 3412
"../../../Engine/Content/EngineFonts/Faces/RobotoBold.uasset" 3413
"../../../Engine/Content/EngineFonts/Faces/RobotoBoldItalic.uasset" 3414
"../../../Engine/Content/EngineFonts/Faces/RobotoItalic.uasset" 3415
"../../../Engine/Content/EngineFonts/Faces/RobotoLight.uasset" 3416
"../../../Engine/Content/EngineFonts/Faces/RobotoRegular.uasset" 3417
"/Engine/EditorMaterials/ParticleSystems/PSysThumbnail_NoImage" 3418
"../../../Engine/Content/EditorMaterials/ParticleSystems/PSysThumbnail_NoImage.uasset" 3419
"/Engine/EditorMaterials/ParticleSystems/PSysThumbnail_OOD" 3420
"../../../Engine/Content/EditorMaterials/ParticleSystems/PSysThumbnail_OOD.uasset" 3421
"/Engine/EngineResources/LandscapeVisibilityLayerInfo" 3422
"../../../Engine/Content/EngineResources/LandscapeVisibilityLayerInfo.uasset" 3423
"../../../../../UE BACKUP/BIBOP/BIBOP_2-6_UE/BIBOP_2-6_UE/Intermediate/ShaderAutogen/PCD3D_SM5/AutogenShaderHeaders.ush" 3424
"../../../Engine/Content/Internationalization/icudt64l/coll/en.res" 3425
"/ACLPlugin/ACLAnimBoneCompressionSettings" 3426
"../../Plugins/Animation/ACLPlugin/Content/ACLAnimBoneCompressionSettings.uasset" 3427
"/Engine/Animation/DefaultRecorderBoneCompression" 3428
"../../../Engine/Content/Animation/DefaultRecorderBoneCompression.uasset" 3429
"/ACLPlugin/ACLAnimCurveCompressionSettings" 3430
"../../Plugins/Animation/ACLPlugin/Content/ACLAnimCurveCompressionSettings.uasset" 3431
"/Engine/Animation/DefaultVariableFrameStrippingSettings" 3432
"../../../Engine/Content/Animation/DefaultVariableFrameStrippingSettings.uasset" 3433
"/ControlRig/Controls/ControlRigXRayMaterial" 3434
"../../Plugins/Animation/ControlRig/Content/Controls/ControlRigXRayMaterial.uasset" 3435
"/ControlRig/Controls/DefaultGizmoLibraryNormalized" 3436
"../../Plugins/Animation/ControlRig/Content/Controls/DefaultGizmoLibraryNormalized.uasset" 3437
"/ControlRig/M_Manip" 3438
"../../Plugins/Animation/ControlRig/Content/M_Manip.uasset" 3439
"../../../Engine/Content/Functions/Engine_MaterialFunctions02/WorldPositionOffset/CameraOffset.uasset" 3440
"/Engine/EngineMeshes/Cylinder" 3441
"../../../Engine/Content/EngineMeshes/Cylinder.uasset" 3442
"../../../Engine/Content/EngineMaterials/DefaultMaterial.uasset" 3443
"/Paper2D/MaskedUnlitSpriteMaterial" 3444
"../../Plugins/2D/Paper2D/Content/MaskedUnlitSpriteMaterial.uasset" 3445
"../../Plugins/2D/Paper2D/Content/DefaultSpriteMaterial.uasset" 3446
"../../Plugins/2D/Paper2D/Content/PlaceholderTextures/DummySpriteTexture.uasset" 3447
"/Paper2D/OpaqueUnlitSpriteMaterial" 3448
"../../Plugins/2D/Paper2D/Content/OpaqueUnlitSpriteMaterial.uasset" 3449
"/Paper2D/DefaultPaperTerrainMaterial" 3450
"../../Plugins/2D/Paper2D/Content/DefaultPaperTerrainMaterial.uasset" 3451
"../../Plugins/2D/Paper2D/Content/DummySprite.uasset" 3452
"/AudioWidgets/Resources/ScrubHandleDown_Clamped" 3453
"../../Plugins/Runtime/AudioWidgets/Content/Resources/ScrubHandleDown_Clamped.uasset" 3454
"../../../Engine/Config/BaseUnrealInsightsSettings.ini" 3455
"/PCG/ComputeSources/PCGCS_ShaderUtils" 3456
"../../Plugins/PCG/Content/ComputeSources/PCGCS_ShaderUtils.uasset" 3457
"/PCG/ComputeSources/PCGCS_ShaderUtilsInternal" 3458
"../../Plugins/PCG/Content/ComputeSources/PCGCS_ShaderUtilsInternal.uasset" 3459
"/PCG/ComputeSources/PCGCS_Quaternion" 3460
"../../Plugins/PCG/Content/ComputeSources/PCGCS_Quaternion.uasset" 3461
"/MediaPlate/SM_MediaPlateScreen" 3462
"../../Plugins/Media/MediaPlate/Content/SM_MediaPlateScreen.uasset" 3463
"/SpeedTreeImporter/SpeedTree9/SpeedTreeMaster" 3464
"../../Plugins/Editor/SpeedTreeImporter/Content/SpeedTree9/SpeedTreeMaster.uasset" 3465
"../../../Engine/Content/Functions/Engine_MaterialFunctions02/ObjectLocalBounds.uasset" 3466
"../../../Engine/Content/Functions/Engine_MaterialFunctions02/SafeNormalize.uasset" 3467
"../../../Engine/Content/Functions/Engine_MaterialFunctions02/Utility/VectorLength.uasset" 3468
"../../../Engine/Content/Functions/Engine_MaterialFunctions02/UVs/BoundingBoxBased_0-1_UVW.uasset" 3469
"../../../Engine/Content/Functions/Engine_MaterialFunctions02/WorldPositionOffset/ObjectScale.uasset" 3470
"../../Plugins/Editor/SpeedTreeImporter/Content/SpeedTree9/SpeedTreeBranchMotion.uasset" 3471
"../../Plugins/Editor/SpeedTreeImporter/Content/SpeedTree9/SpeedTreeCameraFacing.uasset" 3472
"../../Plugins/Editor/SpeedTreeImporter/Content/SpeedTree9/SpeedTreeWind.uasset" 3473
"../../Plugins/Editor/SpeedTreeImporter/Content/SpeedTree9/SpeedTreeWindMotion.uasset" 3474
"../../Plugins/Editor/SpeedTreeImporter/Content/SpeedTree9/UnpackDirection.uasset" 3475
"../../Plugins/Editor/SpeedTreeImporter/Content/SpeedTree9/UnpackInteger3.uasset" 3476
"../../Plugins/Editor/SpeedTreeImporter/Content/SpeedTree9/Empty.uasset" 3477
"../../Plugins/Editor/SpeedTreeImporter/Content/SpeedTree9/EmptyNormal.uasset" 3478
"../../Plugins/Editor/SpeedTreeImporter/Content/SpeedTree9/game_wind_noise.uasset" 3479
"/SpeedTreeImporter/SpeedTree9/SpeedTreeBillboardMaster" 3480
"../../Plugins/Editor/SpeedTreeImporter/Content/SpeedTree9/SpeedTreeBillboardMaster.uasset" 3481
"../../Plugins/Editor/SpeedTreeImporter/Content/SpeedTree9/SpeedTreeBillboard.uasset" 3482
"/Engine/BasicShapes/BasicShapeMaterial" 3483
"../../../Engine/Content/BasicShapes/BasicShapeMaterial.uasset" 3484
"/Engine/EditorMaterials/Dataflow/DataflowVertexMaterial" 3485
"../../../Engine/Content/EditorMaterials/Dataflow/DataflowVertexMaterial.uasset" 3486
"/Engine/EditorMaterials/Dataflow/DataflowTwoSidedVertexMaterial" 3487
"../../../Engine/Content/EditorMaterials/Dataflow/DataflowTwoSidedVertexMaterial.uasset" 3488
"/MeshModelingToolsetExp/Materials/PointSetOverlaidComponentMaterial" 3489
"../../Plugins/Experimental/MeshModelingToolsetExp/Content/Materials/PointSetOverlaidComponentMaterial.uasset" 3490
"../../../Engine/Content/Functions/Engine_MaterialFunctions02/Utility/FOV.uasset" 3491
"../../../Engine/Content/Functions/Engine_MaterialFunctions02/WorldPositionOffset/V2/ObjectScale.uasset" 3492
"../../../Engine/Content/Functions/Engine_MaterialFunctions03/Viewport/MF_OrthoWidth.uasset" 3493
"../../Plugins/Experimental/MeshModelingToolsetExp/Content/Materials/GetDisplacementVectorForDepthBias.uasset" 3494
"/Engine/EditorLandscapeResources/LayerVisMaterial" 3495
"../../../Engine/Content/EditorLandscapeResources/LayerVisMaterial.uasset" 3496
"../../../Engine/Content/EditorLandscapeResources/WhiteSquareTexture.uasset" 3497
"/Engine/EditorLandscapeResources/SelectBrushMaterial_Selected" 3498
"../../../Engine/Content/EditorLandscapeResources/SelectBrushMaterial_Selected.uasset" 3499
"../../../Engine/Content/EditorLandscapeResources/SelectBrushMaterial.uasset" 3500
"../../../Engine/Content/Functions/Engine_MaterialFunctions03/Math/WithinRangeFloat2.uasset" 3501
"../../../Engine/Content/EditorLandscapeResources/DefaultAlphaTexture.uasset" 3502
"/Engine/EditorLandscapeResources/SelectBrushMaterial_SelectedRegion" 3503
"../../../Engine/Content/EditorLandscapeResources/SelectBrushMaterial_SelectedRegion.uasset" 3504
"/Engine/EditorLandscapeResources/MaskBrushMaterial_MaskedRegion" 3505
"../../../Engine/Content/EditorLandscapeResources/MaskBrushMaterial_MaskedRegion.uasset" 3506
"../../../Engine/Content/EditorLandscapeResources/MaskBrushMaterial.uasset" 3507
"/Engine/EditorLandscapeResources/ColorMaskBrushMaterial_MaskedRegion" 3508
"../../../Engine/Content/EditorLandscapeResources/ColorMaskBrushMaterial_MaskedRegion.uasset" 3509
"../../../Engine/Content/EditorLandscapeResources/ColorMaskBrushMaterial.uasset" 3510
"/Engine/EditorLandscapeResources/LandscapeDirtyMaterial" 3511
"../../../Engine/Content/EditorLandscapeResources/LandscapeDirtyMaterial.uasset" 3512
"/Engine/EditorLandscapeResources/LandscapeLayerUsageMaterial" 3513
"../../../Engine/Content/EditorLandscapeResources/LandscapeLayerUsageMaterial.uasset" 3514
"../../../Engine/Content/Functions/Engine_MaterialFunctions01/Debug/DebugIntValues.uasset" 3515
"../../../Engine/Content/Functions/Engine_MaterialFunctions01/Texturing/ScaleUVsByCenter.uasset" 3516
"../../../Engine/Content/Functions/Engine_MaterialFunctions02/WorldPositionOffset/LocalPosition.uasset" 3517
"../../../Engine/Content/Functions/Engine_MaterialFunctions01/Texturing/TextureCropping.uasset" 3518
"../../../Engine/Content/Functions/Engine_MaterialFunctions02/ExampleContent/DebugNumberStrip.uasset" 3519
"C:/Users/User/AppData/Local/UnrealEngine/Editor/UInteractiveToolsPresetCollectionAsset_DefaultCollection.json" 3520
"/Engine/EngineMaterials/NaniteHiddenSectionMaterial" 3521
"../../../Engine/Content/EngineMaterials/NaniteHiddenSectionMaterial.uasset" 3522
"/Engine/EngineMaterials/RemoveSurfaceMaterial" 3523
"../../../Engine/Content/EngineMaterials/RemoveSurfaceMaterial.uasset" 3524
"/Engine/EngineDebugMaterials/DebugMeshMaterial" 3525
"../../../Engine/Content/EngineDebugMaterials/DebugMeshMaterial.uasset" 3526
"/Engine/EngineMaterials/EmissiveMeshMaterial" 3527
"../../../Engine/Content/EngineMaterials/EmissiveMeshMaterial.uasset" 3528
"../../../Engine/Content/EngineMaterials/DefaultWhiteGrid_Low.uasset" 3529
"/Engine/EngineMaterials/M_InvalidLightmapSettings" 3530
"../../../Engine/Content/EngineMaterials/M_InvalidLightmapSettings.uasset" 3531
"../../../Engine/Content/EngineMaterials/InvalidLightmapSettings.uasset" 3532
"/Engine/EngineMaterials/GizmoMaterial" 3533
"../../../Engine/Content/EngineMaterials/GizmoMaterial.uasset" 3534
"/Engine/EngineMaterials/PhAT_JointLimitMaterial" 3535
"../../../Engine/Content/EngineMaterials/PhAT_JointLimitMaterial.uasset" 3536
"/Engine/EngineMaterials/FlattenMaterial" 3537
"../../../Engine/Content/EngineMaterials/FlattenMaterial.uasset" 3538
"../../../Engine/Content/EngineMaterials/BaseFlattenDiffuseMap.uasset" 3539
"../../../Engine/Content/EngineMaterials/BaseFlattenEmissiveMap.uasset" 3540
"../../../Engine/Content/EngineMaterials/BaseFlattenGrayscaleMap.uasset" 3541
"../../../Engine/Content/EngineMaterials/BaseFlattenLinearColor.uasset" 3542
"../../../Engine/Content/EngineMaterials/BaseFlattenNormalMap.uasset" 3543
"../../../Engine/Content/Functions/Engine_MaterialFunctions02/PivotPainter2/Black_1x1_EXR_Texture.uasset" 3544
"/Engine/EngineMaterials/FlattenMaterial_VT" 3545
"../../../Engine/Content/EngineMaterials/FlattenMaterial_VT.uasset" 3546
"../../../Engine/Content/EngineMaterials/BaseFlattenDiffuseMap_VT.uasset" 3547
"../../../Engine/Content/EngineMaterials/BaseFlattenEmissiveMap_VT.uasset" 3548
"../../../Engine/Content/EngineMaterials/BaseFlattenGrayscaleMap_VT.uasset" 3549
"../../../Engine/Content/EngineMaterials/BaseFlattenLinearColor_VT.uasset" 3550
"../../../Engine/Content/EngineMaterials/BaseFlattenNormalMap_VT.uasset" 3551
"../../../Engine/Content/EngineMaterials/Black_1x1_EXR_Texture_VT.uasset" 3552
"/Engine/EngineMaterials/FlattenMaterial_WS_Normal_VT" 3553
"../../../Engine/Content/EngineMaterials/FlattenMaterial_WS_Normal_VT.uasset" 3554
"/Engine/EngineMaterials/Good64x64TilingNoiseHighFreq" 3555
"../../../Engine/Content/EngineMaterials/Good64x64TilingNoiseHighFreq.uasset" 3556
"/Engine/EngineMaterials/DefaultBokeh" 3557
"../../../Engine/Content/EngineMaterials/DefaultBokeh.uasset" 3558
"/Engine/EngineMaterials/MiniFont" 3559
"../../../Engine/Content/EngineMaterials/MiniFont.uasset" 3560
"/Engine/EngineMaterials/WeightMapPlaceholderTexture" 3561
"../../../Engine/Content/EngineMaterials/WeightMapPlaceholderTexture.uasset" 3562
"/Engine/EngineMaterials/WeightMapArrayPlaceholderTexture" 3563
"../../../Engine/Content/EngineMaterials/WeightMapArrayPlaceholderTexture.uasset" 3564
"/Engine/EngineMaterials/DefaultWhiteGrid" 3565
"../../../Engine/Content/EngineMaterials/DefaultWhiteGrid.uasset" 3566
"/Engine/EngineMaterials/PreintegratedSkinBRDF" 3567
"../../../Engine/Content/EngineMaterials/PreintegratedSkinBRDF.uasset" 3568
"/Engine/EngineMaterials/LTC/GGX_LTCAmp" 3569
"../../../Engine/Content/EngineMaterials/LTC/GGX_LTCAmp.uasset" 3570
"/Engine/EngineMaterials/LTC/GGX_LTCMat" 3571
"../../../Engine/Content/EngineMaterials/LTC/GGX_LTCMat.uasset" 3572
"/Engine/EngineMaterials/LTC/Sheen_LTC" 3573
"../../../Engine/Content/EngineMaterials/LTC/Sheen_LTC.uasset" 3574
"/Engine/EngineMaterials/EnergyConservation/GGX_ReflectionEnergy" 3575
"../../../Engine/Content/EngineMaterials/EnergyConservation/GGX_ReflectionEnergy.uasset" 3576
"/Engine/EngineMaterials/EnergyConservation/GGX_TransmissionEnergyArray" 3577
"../../../Engine/Content/EngineMaterials/EnergyConservation/GGX_TransmissionEnergyArray.uasset" 3578
"/Engine/EngineMaterials/EnergyConservation/Sheen_Energy" 3579
"../../../Engine/Content/EngineMaterials/EnergyConservation/Sheen_Energy.uasset" 3580
"/Engine/EngineMaterials/EnergyConservation/Diffuse_Energy" 3581
"../../../Engine/Content/EngineMaterials/EnergyConservation/Diffuse_Energy.uasset" 3582
"/Engine/EngineMaterials/DefaultPhysicalMaterial" 3583
"../../../Engine/Content/EngineMaterials/DefaultPhysicalMaterial.uasset" 3584
"/Engine/EngineMaterials/DefaultDestructiblePhysicalMaterial" 3585
"../../../Engine/Content/EngineMaterials/DefaultDestructiblePhysicalMaterial.uasset" 3586
"/Niagara/ParameterDefinitions/CoreParameters" 3587
"../../Plugins/FX/Niagara/Content/ParameterDefinitions/CoreParameters.uasset" 3588
"/Niagara/ParameterDefinitions/DecalRenderer" 3589
"../../Plugins/FX/Niagara/Content/ParameterDefinitions/DecalRenderer.uasset" 3590
"/Niagara/ParameterDefinitions/LightRenderer" 3591
"../../Plugins/FX/Niagara/Content/ParameterDefinitions/LightRenderer.uasset" 3592
"/Niagara/ParameterDefinitions/MeshRenderer" 3593
"../../Plugins/FX/Niagara/Content/ParameterDefinitions/MeshRenderer.uasset" 3594
"/Niagara/ParameterDefinitions/RibbonRenderer" 3595
"../../Plugins/FX/Niagara/Content/ParameterDefinitions/RibbonRenderer.uasset" 3596
"/Niagara/ParameterDefinitions/SpriteRenderer" 3597
"../../Plugins/FX/Niagara/Content/ParameterDefinitions/SpriteRenderer.uasset" 3598
"/DeformerGraph/Deformers/DG_LinearBlendSkin_Morph_Cloth" 3599
"../../Plugins/Animation/DeformerGraph/Content/Deformers/DG_LinearBlendSkin_Morph_Cloth.uasset" 3600
"../../Plugins/Animation/DeformerGraph/Content/DeformerFunctions/DG_Function_LinearBlendSkin_Morph_Cloth.uasset" 3601
"/DeformerGraph/Deformers/DG_LinearBlendSkin_Morph_Cloth_RecomputeNormals" 3602
"../../Plugins/Animation/DeformerGraph/Content/Deformers/DG_LinearBlendSkin_Morph_Cloth_RecomputeNormals.uasset" 3603
"../../Plugins/Animation/DeformerGraph/Content/DeformerFunctions/DG_Function_ComputeNormalsTangents.uasset" 3604
"../../Plugins/Animation/DeformerGraph/Content/DeformerFunctions/DG_Function_LinearBlendSkin_Morph_Cloth_PositionOnly.uasset" 3605
"/Engine/EditorResources/SequenceRecorder/Countdown" 3606
"../../../Engine/Content/EditorResources/SequenceRecorder/Countdown.uasset" 3607
"/Engine/EditorResources/SequenceRecorder/RecordingIndicator" 3608
"../../../Engine/Content/EditorResources/SequenceRecorder/RecordingIndicator.uasset" 3609
"/Engine/EditorMaterials/PhAT_UnselectedMaterial" 3610
"../../../Engine/Content/EditorMaterials/PhAT_UnselectedMaterial.uasset" 3611
"/Engine/EditorMaterials/PhAT_NoCollisionMaterial" 3612
"../../../Engine/Content/EditorMaterials/PhAT_NoCollisionMaterial.uasset" 3613
"/Engine/BasicShapes/Cube" 3614
"../../../Engine/Content/BasicShapes/Cube.uasset" 3615
"/Engine/BasicShapes/Sphere" 3616
"../../../Engine/Content/BasicShapes/Sphere.uasset" 3617
"/Engine/BasicShapes/Cylinder" 3618
"../../../Engine/Content/BasicShapes/Cylinder.uasset" 3619
"/Engine/BasicShapes/Cone" 3620
"../../../Engine/Content/BasicShapes/Cone.uasset" 3621
"/Engine/BasicShapes/Plane" 3622
"../../../Engine/Content/BasicShapes/Plane.uasset" 3623
"../../../Engine/Documentation/Source/Shared/Types/ABrush/ABrush.INT.udn" 3624
"../../../Engine/Content/Internationalization/icudt64l/brkitr/ru.res" 3625
"../../../Engine/Content/Internationalization/icudt64l/brkitr/root.res" 3626
"../../../Engine/Content/Internationalization/icudt64l/brkitr/char.brk" 3627
"../../../Engine/Content/Internationalization/icudt64l/brkitr/word.brk" 3628
"/Engine/EditorResources/S_Terrain" 3629
"../../../Engine/Content/EditorResources/S_Terrain.uasset" 3630
"../../../Engine/Plugins/FX/Niagara/Shaders/Private/NiagaraDataInterfaceTexture2DArrayTemplate.ush" 3631
"../../../Engine/Plugins/FX/Niagara/Shaders/Private/NiagaraDataInterfaceActorComponentTemplate.ush" 3632
"../../../Engine/Plugins/FX/Niagara/Shaders/Private/NiagaraDataInterfaceArrayTemplate.ush" 3633
"../../../Engine/Plugins/FX/Niagara/Shaders/Private/NiagaraDataInterfaceArrayRWTemplate.ush" 3634
"../../../Engine/Plugins/FX/Niagara/Shaders/Private/NiagaraDataInterfaceArrayDistributionIntTemplate.ush" 3635
"../../../Engine/Plugins/FX/Niagara/Shaders/Private/NiagaraDataInterfaceAsyncGpuTrace.ush" 3636
"../../../Engine/Plugins/FX/Niagara/Shaders/Private/NiagaraDataInterfaceAsyncGpuTraceTemplate.ush" 3637
"../../../Engine/Plugins/FX/Niagara/Shaders/Private/NiagaraDataInterfaceCamera.ush" 3638
"../../../Engine/Plugins/Experimental/ChaosNiagara/Shaders/NiagaraDataInterfaceChaosDestruction.ush" 3639
"../../../Engine/Plugins/FX/Niagara/Shaders/Private/NiagaraDataInterfaceCollisionQuery.ush" 3640
"D:/UNREAL ENGINE/UE BACKUP/BIBOP/BIBOP_2-6_UE/BIBOP_2-6_UE/Intermediate/ShaderAutogen/PCD3D_SM5/AutogenShaderHeaders.ush" 3641
"../../../Engine/Plugins/FX/Niagara/Shaders/Private/NiagaraDataInterfaceCollisionQueryTemplate.ush" 3642
"../../../Engine/Plugins/FX/Niagara/Shaders/Private/NiagaraDataInterfaceCurveTemplate.ush" 3643
"../../../Engine/Plugins/FX/Niagara/Shaders/Private/NiagaraDataInterfaceCubeTextureTemplate.ush" 3644
"../../../Engine/Plugins/FX/Niagara/Shaders/Private/DataChannel/NiagaraDataInterfaceDataChannelCommon.ush" 3645
"../../../Engine/Plugins/FX/Niagara/Shaders/Private/DataChannel/NiagaraDataInterfaceDataChannelTemplateCommon.ush" 3646
"../../../Engine/Plugins/FX/Niagara/Shaders/Private/DataChannel/NiagaraDataInterfaceDataChannelTemplateReadCommon.ush" 3647
"../../../Engine/Plugins/FX/Niagara/Shaders/Private/DataChannel/NiagaraDataInterfaceDataChannelTemplate_Read.ush" 3648
"../../../Engine/Plugins/FX/Niagara/Shaders/Private/DataChannel/NiagaraDataInterfaceDataChannelTemplate_Consume.ush" 3649
"../../../Engine/Plugins/FX/Niagara/Shaders/Private/DataChannel/NiagaraDataInterfaceDataChannelTemplateWriteCommon.ush" 3650
"../../../Engine/Plugins/FX/Niagara/Shaders/Private/DataChannel/NiagaraDataInterfaceDataChannelTemplate_Append.ush" 3651
"../../../Engine/Plugins/FX/Niagara/Shaders/Private/NiagaraDataInterfaceDataTableTemplate.ush" 3652
"../../../Engine/Plugins/FX/Niagara/Shaders/Private/NiagaraDataInterfaceDebugDraw.ush" 3653
"../../../Engine/Plugins/FX/Niagara/Shaders/Private/NiagaraDataInterfaceDebugDrawTemplate.ush" 3654
"../../../Engine/Plugins/FX/Niagara/Shaders/Private/NiagaraDataInterfaceDynamicMeshTemplate.ush" 3655
"../../../Engine/Plugins/FX/Niagara/Shaders/Private/NiagaraDataInterfaceEmitterPropertiesTemplate.ush" 3656
"../../../Engine/Plugins/FX/Niagara/Shaders/Private/NiagaraDataInterfaceExportTemplate.ush" 3657
"../../../Engine/Plugins/FX/Niagara/Shaders/Private/NiagaraDataInterfaceGBufferTemplate.ush" 3658
"../../../Engine/Plugins/Experimental/ChaosNiagara/Shaders/NiagaraDataInterfaceGeometryCollection.ush" 3659
"../../../Engine/Plugins/FX/Niagara/Shaders/Private/NiagaraTransformUtils.ush" 3660
"../../../Engine/Plugins/Runtime/HairStrands/Shaders/Private/NiagaraStrandsExternalForce.ush" 3661
"../../../Engine/Plugins/Runtime/HairStrands/Shaders/Private/NiagaraHookeSpringMaterial.ush" 3662
"../../../Engine/Plugins/Runtime/HairStrands/Shaders/Private/NiagaraAngularSpringMaterial.ush" 3663
"../../../Engine/Plugins/Runtime/HairStrands/Shaders/Private/NiagaraConstantVolumeMaterial.ush" 3664
"../../../Engine/Plugins/Runtime/HairStrands/Shaders/Private/NiagaraCosseratRodMaterial.ush" 3665
"../../../Engine/Plugins/Runtime/HairStrands/Shaders/Private/NiagaraStaticCollisionConstraint.ush" 3666
"../../../Engine/Plugins/Runtime/HairStrands/Shaders/Private/NiagaraDataInterfaceHairStrands.ush" 3667
"../../../Engine/Plugins/Runtime/HairStrands/Shaders/Private/NiagaraDataInterfaceHairStrandsTemplate.ush" 3668
"../../../Engine/Plugins/FX/Niagara/Shaders/Private/NiagaraDataInterfaceIntRenderTarget2D.ush" 3669
"../../../Engine/Plugins/FX/Niagara/Shaders/Private/NiagaraDataInterfaceLandscape.ush" 3670
"../../../Engine/Plugins/FX/Niagara/Shaders/Private/NiagaraDataInterfaceMemoryBufferTemplate.ush" 3671
"../../../Engine/Plugins/FX/Niagara/Shaders/Private/NiagaraDataInterfaceMeshRendererInfoTemplate.ush" 3672
"../../../Engine/Plugins/FX/Niagara/Shaders/Private/NiagaraDataInterfaceOcclusion.ush" 3673
"../../../Engine/Plugins/FX/Niagara/Shaders/Private/NiagaraDataInterfacePhysicsAsset.ush" 3674
"../../../Engine/Plugins/Experimental/ChaosNiagara/Shaders/NiagaraDataInterfacePhysicsField.ush" 3675
"../../../Engine/Plugins/FX/Niagara/Shaders/Private/NiagaraDataInterfacePlatformSetTemplate.ush" 3676
"../../../Engine/Plugins/Runtime/HairStrands/Shaders/Private/NiagaraDataInterfaceVelocityGrid.ush" 3677
"../../../Engine/Plugins/Runtime/HairStrands/Shaders/Private/NiagaraDataInterfaceVelocityGridTemplate.ush" 3678
"../../../Engine/Plugins/Runtime/HairStrands/Shaders/Private/NiagaraDataInterfacePressureGrid.ush" 3679
"../../../Engine/Plugins/Runtime/HairStrands/Shaders/Private/NiagaraDataInterfacePressureGridTemplate.ush" 3680
"../../../Engine/Plugins/FX/Niagara/Shaders/Private/NiagaraDataInterfaceRenderTarget2DTemplate.ush" 3681
"../../../Engine/Plugins/FX/Niagara/Shaders/Private/NiagaraDataInterfaceRenderTarget2DArrayTemplate.ush" 3682
"../../../Engine/Plugins/FX/Niagara/Shaders/Private/NiagaraDataInterfaceRenderTargetCubeTemplate.ush" 3683
"../../../Engine/Plugins/FX/Niagara/Shaders/Private/NiagaraDataInterfaceRenderTargetVolumeTemplate.ush" 3684
"../../../Engine/Plugins/FX/Niagara/Shaders/Private/NiagaraDataInterfaceRigidMeshCollisionQuery.ush" 3685
"../../../Engine/Plugins/FX/Niagara/Shaders/Private/NiagaraDistanceFieldQueries.ush" 3686
"../../../Engine/Plugins/FX/Niagara/Shaders/Private/NiagaraDataInterfaceSceneCapture2DTemplate.ush" 3687
"../../../Engine/Plugins/FX/Niagara/Shaders/Private/NiagaraDataInterfaceSimCacheReaderTemplate.ush" 3688
"../../../Engine/Plugins/FX/Niagara/Shaders/Private/NiagaraDataInterfaceSimpleCounterTemplate.ush" 3689
"../../../Engine/Plugins/FX/Niagara/Shaders/Private/NiagaraDataInterfaceSkeletalMesh.ush" 3690
"../../../Engine/Plugins/FX/Niagara/Shaders/Private/NiagaraBaryCentricUtils.ush" 3691
"../../../Engine/Plugins/FX/Niagara/Shaders/Private/NiagaraDataInterfaceSkeletalMeshTemplate.ush" 3692
"../../../Engine/Plugins/FX/Niagara/Shaders/Private/NiagaraDataInterfaceSocketReaderTemplate.ush" 3693
"../../../Engine/Plugins/FX/Niagara/Shaders/Private/NiagaraDataInterfaceSparseVolumeTextureTemplate.ush" 3694
"../../../Engine/Plugins/FX/Niagara/Shaders/Private/NiagaraDataInterfaceSplineTemplate.ush" 3695
"../../../Engine/Plugins/FX/Niagara/Shaders/Private/NiagaraDataInterfaceSpriteRendererInfoTemplate.ush" 3696
"../../../Engine/Plugins/FX/Niagara/Shaders/Private/NiagaraDataInterfaceStaticMeshTemplate.ush" 3697
"../../../Engine/Plugins/FX/Niagara/Shaders/Private/NiagaraDataInterfaceTextureTemplate.ush" 3698
"../../../Engine/Plugins/FX/Niagara/Shaders/Private/NiagaraDataInterfaceVirtualTexture.ush" 3699
"../../../Engine/Plugins/FX/Niagara/Shaders/Private/NiagaraDataInterfaceVirtualTextureTemplate.ush" 3700
"../../../Engine/Plugins/FX/Niagara/Shaders/Private/NiagaraDataInterfaceVirtualTextureSampleTemplate.ush" 3701
"../../../Engine/Plugins/FX/Niagara/Shaders/Private/NiagaraDataInterfaceVolumeCache.ush" 3702
"../../../Engine/Plugins/FX/Niagara/Shaders/Private/NiagaraDataInterfaceVolumeTextureTemplate.ush" 3703
"D:/UNREAL ENGINE/UE BACKUP/BIBOP/BIBOP_2-6_UE/BIBOP_2-6_UE/Content/__ExternalActors__/_MyContent/Levels/L_Test/2/8V/7PTB87QE08A91BP1Z6EEMR.uasset" 3704
"D:/UNREAL ENGINE/UE BACKUP/BIBOP/BIBOP_2-6_UE/BIBOP_2-6_UE/Content/StarSparrow/Textures/T_StarSparrow_AO_R_MT.uasset" 3705
"D:/UNREAL ENGINE/UE BACKUP/BIBOP/BIBOP_2-6_UE/BIBOP_2-6_UE/Content/StarSparrow/Textures/T_StarSparrow_E.uasset" 3706
"D:/UNREAL ENGINE/UE BACKUP/BIBOP/BIBOP_2-6_UE/BIBOP_2-6_UE/Content/StarSparrow/Materials/M_StarSparrow_Red.uasset" 3707
"D:/UNREAL ENGINE/UE BACKUP/BIBOP/BIBOP_2-6_UE/BIBOP_2-6_UE/Content/__ExternalActors__/_MyContent/Levels/L_Test/E/KE/DUWQDH73K7YNZNMJCZYBRR.uasset" 3708
"D:/UNREAL ENGINE/UE BACKUP/BIBOP/BIBOP_2-6_UE/BIBOP_2-6_UE/Content/StarSparrow/Meshes/Examples/SM_StarSparrow01.uasset" 3709
"D:/UNREAL ENGINE/UE BACKUP/BIBOP/BIBOP_2-6_UE/BIBOP_2-6_UE/Content/StarSparrow/Textures/T_StarSparrow_Red_BC.uasset" 3710
"D:/UNREAL ENGINE/UE BACKUP/BIBOP/BIBOP_2-6_UE/BIBOP_2-6_UE/Content/_MyContent/Blueprints/UI/General/WBP_UIText.uasset" 3711
"D:/UNREAL ENGINE/UE BACKUP/BIBOP/BIBOP_2-6_UE/BIBOP_2-6_UE/Content/LevelPrototyping/Textures/T_GridChecker_A.uasset" 3712
"D:/UNREAL ENGINE/UE BACKUP/BIBOP/BIBOP_2-6_UE/BIBOP_2-6_UE/Content/Characters/Mannequins/Anims/Unarmed/Jump/MM_Jump.uasset" 3713
"D:/UNREAL ENGINE/UE BACKUP/BIBOP/BIBOP_2-6_UE/BIBOP_2-6_UE/Content/Characters/Mannequins/Anims/Unarmed/Walk/MF_Unarmed_Walk_Right.uasset" 3714
"D:/UNREAL ENGINE/UE BACKUP/BIBOP/BIBOP_2-6_UE/BIBOP_2-6_UE/Content/Characters/Mannequins/Anims/Unarmed/Walk/MF_Unarmed_Walk_Fwd_Right.uasset" 3715
"D:/UNREAL ENGINE/UE BACKUP/BIBOP/BIBOP_2-6_UE/BIBOP_2-6_UE/Content/Characters/Mannequins/Anims/Unarmed/Walk/MF_Unarmed_Walk_Fwd_Left.uasset" 3716
"D:/UNREAL ENGINE/UE BACKUP/BIBOP/BIBOP_2-6_UE/BIBOP_2-6_UE/Content/FirstPerson/Blueprints/BP_FirstPersonPlayerController.uasset" 3717
"D:/UNREAL ENGINE/UE BACKUP/BIBOP/BIBOP_2-6_UE/BIBOP_2-6_UE/Content/FirstPerson/Blueprints/BP_FirstPersonCameraManager.uasset" 3718
"D:/UNREAL ENGINE/UE BACKUP/BIBOP/BIBOP_2-6_UE/BIBOP_2-6_UE/Content/Characters/Mannequins/Anims/Unarmed/Jump/MM_Fall_Loop.uasset" 3719
"D:/UNREAL ENGINE/UE BACKUP/BIBOP/BIBOP_2-6_UE/BIBOP_2-6_UE/Content/Characters/Mannequins/Anims/Unarmed/Walk/MF_Unarmed_Walk_Bwd_Right.uasset" 3720
"D:/UNREAL ENGINE/UE BACKUP/BIBOP/BIBOP_2-6_UE/BIBOP_2-6_UE/Content/Characters/Mannequins/Anims/Unarmed/Walk/MF_Unarmed_Walk_Bwd_Left.uasset" 3721
"D:/UNREAL ENGINE/UE BACKUP/BIBOP/BIBOP_2-6_UE/BIBOP_2-6_UE/Content/Characters/Mannequins/Anims/Unarmed/Jog/MF_Unarmed_Jog_Right.uasset" 3722
"D:/UNREAL ENGINE/UE BACKUP/BIBOP/BIBOP_2-6_UE/BIBOP_2-6_UE/Content/Characters/Mannequins/Anims/Unarmed/Jog/MF_Unarmed_Jog_Left.uasset" 3723
"D:/UNREAL ENGINE/UE BACKUP/BIBOP/BIBOP_2-6_UE/BIBOP_2-6_UE/Content/Characters/Mannequins/Anims/Unarmed/Jog/MF_Unarmed_Jog_Fwd_Right.uasset" 3724
"D:/UNREAL ENGINE/UE BACKUP/BIBOP/BIBOP_2-6_UE/BIBOP_2-6_UE/Content/Characters/Mannequins/Anims/Unarmed/Walk/MF_Unarmed_Walk_Bwd.uasset" 3725
"D:/UNREAL ENGINE/UE BACKUP/BIBOP/BIBOP_2-6_UE/BIBOP_2-6_UE/Content/Characters/Mannequins/Anims/Unarmed/Jump/MM_Land.uasset" 3726
"D:/UNREAL ENGINE/UE BACKUP/BIBOP/BIBOP_2-6_UE/BIBOP_2-6_UE/Content/Characters/Mannequins/Anims/Unarmed/Jog/MF_Unarmed_Jog_Fwd.uasset" 3727
"D:/UNREAL ENGINE/UE BACKUP/BIBOP/BIBOP_2-6_UE/BIBOP_2-6_UE/Content/Characters/Mannequins/Anims/Unarmed/Walk/MF_Unarmed_Walk_Left.uasset" 3728
"D:/UNREAL ENGINE/UE BACKUP/BIBOP/BIBOP_2-6_UE/BIBOP_2-6_UE/Content/Characters/Mannequins/Anims/Unarmed/Walk/MF_Unarmed_Walk_Fwd.uasset" 3729
"D:/UNREAL ENGINE/UE BACKUP/BIBOP/BIBOP_2-6_UE/BIBOP_2-6_UE/Content/Characters/Mannequins/Anims/Unarmed/Jog/MF_Unarmed_Jog_Bwd_Right.uasset" 3730
"D:/UNREAL ENGINE/UE BACKUP/BIBOP/BIBOP_2-6_UE/BIBOP_2-6_UE/Content/FirstPerson/Blueprints/BP_FirstPersonGameMode.uasset" 3731
"D:/UNREAL ENGINE/UE BACKUP/BIBOP/BIBOP_2-6_UE/BIBOP_2-6_UE/Content/_MyContent/Audio/GONE_Fludd_-_?????_???????.uasset" 3732
"D:/UNREAL ENGINE/UE BACKUP/BIBOP/BIBOP_2-6_UE/BIBOP_2-6_UE/Content/_MyContent/InputActionContexts/IMC_MouseLook.uasset" 3733
"/Game/__ExternalActors__/_MyContent/Levels/L_Test/2/8V/7PTB87QE08A91BP1Z6EEMR" 3734
"D:/UNREAL ENGINE/UE BACKUP/BIBOP/BIBOP_2-6_UE/BIBOP_2-6_UE/Content/Characters/Mannequins/Anims/Unarmed/Jog/MF_Unarmed_Jog_Fwd_Left.uasset" 3735
"../../../../../UE BACKUP/BIBOP/BIBOP_2-6_UE/BIBOP_2-6_UE/Content/_MyContent/Levels/L_Test.umap" 3736
"../../../../../UE BACKUP/BIBOP/BIBOP_2-6_UE/BIBOP_2-6_UE/Content/_MyContent/Blueprints/BP_Ship.uasset" 3737
"../../../../../UE BACKUP/BIBOP/BIBOP_2-6_UE/BIBOP_2-6_UE/Content/_MyContent/Blueprints/BP_Ship_2.uasset" 3738
"../../../../../UE BACKUP/BIBOP/BIBOP_2-6_UE/BIBOP_2-6_UE/Content/FirstPerson/Blueprints/BP_FirstPersonGameMode.uasset" 3739
"../../../../../UE BACKUP/BIBOP/BIBOP_2-6_UE/BIBOP_2-6_UE/Content/_MyContent/Audio/GONE_Fludd_-_?????_???????.uasset" 3740
"../../../../../UE BACKUP/BIBOP/BIBOP_2-6_UE/BIBOP_2-6_UE/Content/_MyContent/Blueprints/BP_Player.uasset" 3741
"../../../../../UE BACKUP/BIBOP/BIBOP_2-6_UE/BIBOP_2-6_UE/Content/_MyContent/Blueprints/Interfaces/GameEntityInterfaces/BI_Interactable.uasset" 3742
"../../../../../UE BACKUP/BIBOP/BIBOP_2-6_UE/BIBOP_2-6_UE/Content/_MyContent/InputActionContexts/DefaultInputActions/IA_Menu.uasset" 3743
"../../../../../UE BACKUP/BIBOP/BIBOP_2-6_UE/BIBOP_2-6_UE/Content/_MyContent/InputActionContexts/ShipInputActions/IA_GiveHorizontalThrust.uasset" 3744
"../../../../../UE BACKUP/BIBOP/BIBOP_2-6_UE/BIBOP_2-6_UE/Content/_MyContent/InputActionContexts/ShipInputActions/IA_GiveVerticalThrust.uasset" 3745
"../../../../../UE BACKUP/BIBOP/BIBOP_2-6_UE/BIBOP_2-6_UE/Content/_MyContent/InputActionContexts/ShipInputActions/IA_Leave.uasset" 3746
"../../../../../UE BACKUP/BIBOP/BIBOP_2-6_UE/BIBOP_2-6_UE/Content/_MyContent/InputActionContexts/ShipInputActions/IA_Pitch.uasset" 3747
"../../../../../UE BACKUP/BIBOP/BIBOP_2-6_UE/BIBOP_2-6_UE/Content/_MyContent/InputActionContexts/ShipInputActions/IA_Roll.uasset" 3748
"../../../../../UE BACKUP/BIBOP/BIBOP_2-6_UE/BIBOP_2-6_UE/Content/_MyContent/InputActionContexts/ShipInputActions/IA_Yaw.uasset" 3749
"../../../../../UE BACKUP/BIBOP/BIBOP_2-6_UE/BIBOP_2-6_UE/Content/StarSparrow/Materials/ChangeColor/M_StarSparrow_ChangeColor.uasset" 3750
"../../../../../UE BACKUP/BIBOP/BIBOP_2-6_UE/BIBOP_2-6_UE/Content/_MyContent/Audio/SC_ShipEngine.uasset" 3751
"../../../../../UE BACKUP/BIBOP/BIBOP_2-6_UE/BIBOP_2-6_UE/Content/_MyContent/InputActionContexts/DefaultInputActions/IA_Switch.uasset" 3752
"../../../../../UE BACKUP/BIBOP/BIBOP_2-6_UE/BIBOP_2-6_UE/Content/_MyContent/Audio/7e10500d0586fe5.uasset" 3753
"../../../../../UE BACKUP/BIBOP/BIBOP_2-6_UE/BIBOP_2-6_UE/Content/VehicleVarietyPack/Meshes/SM_SportsCar.uasset" 3754
"../../../../../UE BACKUP/BIBOP/BIBOP_2-6_UE/BIBOP_2-6_UE/Content/FirstPerson/Blueprints/BP_FirstPersonPlayerController.uasset" 3755
"../../../../../UE BACKUP/BIBOP/BIBOP_2-6_UE/BIBOP_2-6_UE/Content/Characters/Mannequins/Anims/Unarmed/ABP_Unarmed.uasset" 3756
"../../../Engine/Content/EditorBlueprintResources/StandardMacros.uasset" 3757
"../../../../../UE BACKUP/BIBOP/BIBOP_2-6_UE/BIBOP_2-6_UE/Content/Blueprints/BP_Scoring_2.uasset" 3758
"../../../../../UE BACKUP/BIBOP/BIBOP_2-6_UE/BIBOP_2-6_UE/Content/Input/Touch/BPI_TouchInterface.uasset" 3759
"../../../../../UE BACKUP/BIBOP/BIBOP_2-6_UE/BIBOP_2-6_UE/Content/_MyContent/InputActionContexts/DefaultInputActions/IA_Interact.uasset" 3760
"../../../../../UE BACKUP/BIBOP/BIBOP_2-6_UE/BIBOP_2-6_UE/Content/_MyContent/InputActionContexts/DefaultInputActions/IA_Jump.uasset" 3761
"../../../../../UE BACKUP/BIBOP/BIBOP_2-6_UE/BIBOP_2-6_UE/Content/_MyContent/InputActionContexts/DefaultInputActions/IA_Look.uasset" 3762
"../../../../../UE BACKUP/BIBOP/BIBOP_2-6_UE/BIBOP_2-6_UE/Content/_MyContent/InputActionContexts/DefaultInputActions/IA_Move.uasset" 3763
"../../../../../UE BACKUP/BIBOP/BIBOP_2-6_UE/BIBOP_2-6_UE/Content/_MyContent/InputActionContexts/MouseLookInputActions/IA_MouseLook.uasset" 3764
"../../../../../UE BACKUP/BIBOP/BIBOP_2-6_UE/BIBOP_2-6_UE/Content/_MyContent/InputActionContexts/IMC_Default.uasset" 3765
"../../../../../UE BACKUP/BIBOP/BIBOP_2-6_UE/BIBOP_2-6_UE/Content/_MyContent/InputActionContexts/IMC_Ship.uasset" 3766
"../../../../../UE BACKUP/BIBOP/BIBOP_2-6_UE/BIBOP_2-6_UE/Content/_MyContent/Blueprints/UI/Specific/WBP_UIHUDAim.uasset" 3767
"../../../../../UE BACKUP/BIBOP/BIBOP_2-6_UE/BIBOP_2-6_UE/Content/Blueprints/UI/WB_HUD.uasset" 3768
"../../../../../UE BACKUP/BIBOP/BIBOP_2-6_UE/BIBOP_2-6_UE/Content/Characters/Mannequins/Meshes/SKM_Manny_Simple.uasset" 3769
"../../../../../UE BACKUP/BIBOP/BIBOP_2-6_UE/BIBOP_2-6_UE/Content/Input/Touch/UI_TouchSimple.uasset" 3770
"../../../../../UE BACKUP/BIBOP/BIBOP_2-6_UE/BIBOP_2-6_UE/Content/StarSparrow/Textures/Masks/T_StarSparrow_Clean_AO_R_MT.uasset" 3771
"../../../../../UE BACKUP/BIBOP/BIBOP_2-6_UE/BIBOP_2-6_UE/Content/StarSparrow/Textures/Masks/T_StarSparrow_Masks_BC.uasset" 3772
"../../../../../UE BACKUP/BIBOP/BIBOP_2-6_UE/BIBOP_2-6_UE/Content/StarSparrow/Textures/Masks/T_StarSparrow_Masks_E.uasset" 3773
"../../../../../UE BACKUP/BIBOP/BIBOP_2-6_UE/BIBOP_2-6_UE/Content/StarSparrow/Textures/Masks/T_StarSparrow_Masks_Logos.uasset" 3774
"../../../../../UE BACKUP/BIBOP/BIBOP_2-6_UE/BIBOP_2-6_UE/Content/StarSparrow/Textures/Masks/T_StarSparrow_Masks_Wearout.uasset" 3775
"../../../../../UE BACKUP/BIBOP/BIBOP_2-6_UE/BIBOP_2-6_UE/Content/StarSparrow/Textures/Masks/T_StarSparrow_Neutral_BC.uasset" 3776
"../../../../../UE BACKUP/BIBOP/BIBOP_2-6_UE/BIBOP_2-6_UE/Content/StarSparrow/Textures/T_StarSparrow_N.uasset" 3777
"../../../../../UE BACKUP/BIBOP/BIBOP_2-6_UE/BIBOP_2-6_UE/Content/_MyContent/Audio/mysterious-deep-space-or-spaceship-sound-effect-111660641_nw_prev.uasset" 3778
"../../../../../UE BACKUP/BIBOP/BIBOP_2-6_UE/BIBOP_2-6_UE/Content/_MyContent/Audio/space-ship-thrust-and-engine-sound-effect-073034533_nw_prev.uasset" 3779
"../../../../../UE BACKUP/BIBOP/BIBOP_2-6_UE/BIBOP_2-6_UE/Content/VehicleVarietyPack/Materials/SportsCar/M_SportsCar_Body.uasset" 3780
"../../../../../UE BACKUP/BIBOP/BIBOP_2-6_UE/BIBOP_2-6_UE/Content/VehicleVarietyPack/Materials/SportsCar/M_SportsCar_Interior.uasset" 3781
"../../../../../UE BACKUP/BIBOP/BIBOP_2-6_UE/BIBOP_2-6_UE/Content/VehicleVarietyPack/Materials/SportsCar/M_SportsCar_Under.uasset" 3782
"../../../../../UE BACKUP/BIBOP/BIBOP_2-6_UE/BIBOP_2-6_UE/Content/VehicleVarietyPack/Materials/SportsCar/Mi_Glass_SportsCar.uasset" 3783
"../../../../../UE BACKUP/BIBOP/BIBOP_2-6_UE/BIBOP_2-6_UE/Content/FirstPerson/Blueprints/BP_FirstPersonCameraManager.uasset" 3784
"../../../../../UE BACKUP/BIBOP/BIBOP_2-6_UE/BIBOP_2-6_UE/Content/_MyContent/InputActionContexts/IMC_MouseLook.uasset" 3785
"../../../../../UE BACKUP/BIBOP/BIBOP_2-6_UE/BIBOP_2-6_UE/Content/Characters/Mannequins/Anims/Unarmed/Jump/MM_Fall_Loop.uasset" 3786
"../../../../../UE BACKUP/BIBOP/BIBOP_2-6_UE/BIBOP_2-6_UE/Content/Characters/Mannequins/Anims/Unarmed/Jump/MM_Jump.uasset" 3787
"../../../../../UE BACKUP/BIBOP/BIBOP_2-6_UE/BIBOP_2-6_UE/Content/Characters/Mannequins/Anims/Unarmed/Jump/MM_Land.uasset" 3788
"../../../../../UE BACKUP/BIBOP/BIBOP_2-6_UE/BIBOP_2-6_UE/Content/Characters/Mannequins/Anims/Unarmed/MM_Idle.uasset" 3789
"../../../../../UE BACKUP/BIBOP/BIBOP_2-6_UE/BIBOP_2-6_UE/Content/Characters/Mannequins/Anims/Unarmed/BS_Idle_Walk_Run.uasset" 3790
"../../../../../UE BACKUP/BIBOP/BIBOP_2-6_UE/BIBOP_2-6_UE/Content/Characters/Mannequins/Rigs/CR_Mannequin_FootIK.uasset" 3791
"../../../../../UE BACKUP/BIBOP/BIBOP_2-6_UE/BIBOP_2-6_UE/Content/Characters/Mannequins/Meshes/SK_Mannequin.uasset" 3792
"../../../../../UE BACKUP/BIBOP/BIBOP_2-6_UE/BIBOP_2-6_UE/Content/_MyContent/Blueprints/UI/General/WBP_UIText.uasset" 3793
"../../../../../UE BACKUP/BIBOP/BIBOP_2-6_UE/BIBOP_2-6_UE/Content/LevelPrototyping/Textures/T_GridChecker_A.uasset" 3794
"../../../../../UE BACKUP/BIBOP/BIBOP_2-6_UE/BIBOP_2-6_UE/Content/Characters/Mannequins/Materials/Manny/MI_Manny_01_New.uasset" 3795
"../../../../../UE BACKUP/BIBOP/BIBOP_2-6_UE/BIBOP_2-6_UE/Content/Characters/Mannequins/Materials/Manny/MI_Manny_02_New.uasset" 3796
"../../../../../UE BACKUP/BIBOP/BIBOP_2-6_UE/BIBOP_2-6_UE/Content/Characters/Mannequins/Rigs/PA_Mannequin.uasset" 3797
"../../../Engine/Content/MobileResources/HUD/VirtualJoystick_Thumb.uasset" 3798
"../../../../../UE BACKUP/BIBOP/BIBOP_2-6_UE/BIBOP_2-6_UE/Content/Input/Touch/UI_Thumbstick.uasset" 3799
"../../../../../UE BACKUP/BIBOP/BIBOP_2-6_UE/BIBOP_2-6_UE/Content/VehicleVarietyPack/Textures/SportsCar/TX_SportsCar_Exterior_Diffuse.uasset" 3800
"../../../../../UE BACKUP/BIBOP/BIBOP_2-6_UE/BIBOP_2-6_UE/Content/VehicleVarietyPack/Textures/SportsCar/TX_Sportscar_Exterior_Emissive.uasset" 3801
"../../../../../UE BACKUP/BIBOP/BIBOP_2-6_UE/BIBOP_2-6_UE/Content/VehicleVarietyPack/Textures/SportsCar/TX_SportsCar_Exterior_Normal.uasset" 3802
"../../../../../UE BACKUP/BIBOP/BIBOP_2-6_UE/BIBOP_2-6_UE/Content/VehicleVarietyPack/Textures/SportsCar/TX_SportsCar_Exterior_ORM.uasset" 3803
"../../../../../UE BACKUP/BIBOP/BIBOP_2-6_UE/BIBOP_2-6_UE/Content/VehicleVarietyPack/Textures/SportsCar/TX_SportsCar_Interior_Diffuse.uasset" 3804
"../../../../../UE BACKUP/BIBOP/BIBOP_2-6_UE/BIBOP_2-6_UE/Content/VehicleVarietyPack/Textures/SportsCar/TX_SportsCar_Interior_Normal.uasset" 3805
"../../../../../UE BACKUP/BIBOP/BIBOP_2-6_UE/BIBOP_2-6_UE/Content/VehicleVarietyPack/Textures/SportsCar/TX_SportsCar_Interior_ORM.uasset" 3806
"../../../../../UE BACKUP/BIBOP/BIBOP_2-6_UE/BIBOP_2-6_UE/Content/VehicleVarietyPack/Textures/SportsCar/TX_SportsCar_Underside_Diffuse.uasset" 3807
"../../../../../UE BACKUP/BIBOP/BIBOP_2-6_UE/BIBOP_2-6_UE/Content/VehicleVarietyPack/Textures/SportsCar/TX_SportsCar_Underside_Normal.uasset" 3808
"../../../../../UE BACKUP/BIBOP/BIBOP_2-6_UE/BIBOP_2-6_UE/Content/VehicleVarietyPack/Textures/SportsCar/TX_SportsCar_Underside_ORM.uasset" 3809
"../../../../../UE BACKUP/BIBOP/BIBOP_2-6_UE/BIBOP_2-6_UE/Content/VehicleVarietyPack/Materials/Masters/M_Glass.uasset" 3810
"../../../../../UE BACKUP/BIBOP/BIBOP_2-6_UE/BIBOP_2-6_UE/Content/VehicleVarietyPack/Textures/SportsCar/TX_SportsCar_Glass_Diffuse.uasset" 3811
"../../../../../UE BACKUP/BIBOP/BIBOP_2-6_UE/BIBOP_2-6_UE/Content/VehicleVarietyPack/Textures/SportsCar/TX_SportsCar_Glass_Normal.uasset" 3812
"../../../../../UE BACKUP/BIBOP/BIBOP_2-6_UE/BIBOP_2-6_UE/Content/VehicleVarietyPack/Textures/SportsCar/TX_SportsCar_Glass_ORM.uasset" 3813
"../../../Engine/Content/Animation/DefaultAnimBoneCompressionSettings.uasset" 3814
"../../../Engine/Content/Animation/DefaultAnimCurveCompressionSettings.uasset" 3815
"../../../../../UE BACKUP/BIBOP/BIBOP_2-6_UE/BIBOP_2-6_UE/Content/Characters/Mannequins/Anims/Unarmed/Jog/MF_Unarmed_Jog_Bwd.uasset" 3816
"../../../../../UE BACKUP/BIBOP/BIBOP_2-6_UE/BIBOP_2-6_UE/Content/Characters/Mannequins/Anims/Unarmed/Jog/MF_Unarmed_Jog_Bwd_Left.uasset" 3817
"../../../../../UE BACKUP/BIBOP/BIBOP_2-6_UE/BIBOP_2-6_UE/Content/Characters/Mannequins/Anims/Unarmed/Jog/MF_Unarmed_Jog_Bwd_Right.uasset" 3818
"../../../../../UE BACKUP/BIBOP/BIBOP_2-6_UE/BIBOP_2-6_UE/Content/Characters/Mannequins/Anims/Unarmed/Jog/MF_Unarmed_Jog_Fwd.uasset" 3819
"../../../../../UE BACKUP/BIBOP/BIBOP_2-6_UE/BIBOP_2-6_UE/Content/Characters/Mannequins/Anims/Unarmed/Jog/MF_Unarmed_Jog_Fwd_Left.uasset" 3820
"../../../../../UE BACKUP/BIBOP/BIBOP_2-6_UE/BIBOP_2-6_UE/Content/Characters/Mannequins/Anims/Unarmed/Jog/MF_Unarmed_Jog_Fwd_Right.uasset" 3821
"../../../../../UE BACKUP/BIBOP/BIBOP_2-6_UE/BIBOP_2-6_UE/Content/Characters/Mannequins/Anims/Unarmed/Jog/MF_Unarmed_Jog_Left.uasset" 3822
"../../../../../UE BACKUP/BIBOP/BIBOP_2-6_UE/BIBOP_2-6_UE/Content/Characters/Mannequins/Anims/Unarmed/Jog/MF_Unarmed_Jog_Right.uasset" 3823
"../../../../../UE BACKUP/BIBOP/BIBOP_2-6_UE/BIBOP_2-6_UE/Content/Characters/Mannequins/Anims/Unarmed/Walk/MF_Unarmed_Walk_Bwd.uasset" 3824
"../../../../../UE BACKUP/BIBOP/BIBOP_2-6_UE/BIBOP_2-6_UE/Content/Characters/Mannequins/Anims/Unarmed/Walk/MF_Unarmed_Walk_Bwd_Left.uasset" 3825
"../../../../../UE BACKUP/BIBOP/BIBOP_2-6_UE/BIBOP_2-6_UE/Content/Characters/Mannequins/Anims/Unarmed/Walk/MF_Unarmed_Walk_Bwd_Right.uasset" 3826
"../../../../../UE BACKUP/BIBOP/BIBOP_2-6_UE/BIBOP_2-6_UE/Content/Characters/Mannequins/Anims/Unarmed/Walk/MF_Unarmed_Walk_Fwd.uasset" 3827
"../../../../../UE BACKUP/BIBOP/BIBOP_2-6_UE/BIBOP_2-6_UE/Content/Characters/Mannequins/Anims/Unarmed/Walk/MF_Unarmed_Walk_Fwd_Left.uasset" 3828
"../../../../../UE BACKUP/BIBOP/BIBOP_2-6_UE/BIBOP_2-6_UE/Content/Characters/Mannequins/Anims/Unarmed/Walk/MF_Unarmed_Walk_Fwd_Right.uasset" 3829
"../../../../../UE BACKUP/BIBOP/BIBOP_2-6_UE/BIBOP_2-6_UE/Content/Characters/Mannequins/Anims/Unarmed/Walk/MF_Unarmed_Walk_Left.uasset" 3830
"../../../../../UE BACKUP/BIBOP/BIBOP_2-6_UE/BIBOP_2-6_UE/Content/Characters/Mannequins/Anims/Unarmed/Walk/MF_Unarmed_Walk_Right.uasset" 3831
"../../../../../UE BACKUP/BIBOP/BIBOP_2-6_UE/BIBOP_2-6_UE/Content/Characters/Mannequins/Materials/M_Mannequin.uasset" 3832
"../../../../../UE BACKUP/BIBOP/BIBOP_2-6_UE/BIBOP_2-6_UE/Content/Characters/Mannequins/Textures/Manny/T_Manny_01_BN.uasset" 3833
"../../../../../UE BACKUP/BIBOP/BIBOP_2-6_UE/BIBOP_2-6_UE/Content/Characters/Mannequins/Textures/Manny/T_Manny_01_D.uasset" 3834
"../../../../../UE BACKUP/BIBOP/BIBOP_2-6_UE/BIBOP_2-6_UE/Content/Characters/Mannequins/Textures/Manny/T_Manny_01_MRA.uasset" 3835
"../../../../../UE BACKUP/BIBOP/BIBOP_2-6_UE/BIBOP_2-6_UE/Content/Characters/Mannequins/Textures/Manny/T_Manny_02_BN.uasset" 3836
"../../../../../UE BACKUP/BIBOP/BIBOP_2-6_UE/BIBOP_2-6_UE/Content/Characters/Mannequins/Textures/Manny/T_Manny_02_D.uasset" 3837
"../../../../../UE BACKUP/BIBOP/BIBOP_2-6_UE/BIBOP_2-6_UE/Content/Characters/Mannequins/Textures/Manny/T_Manny_02_MRA.uasset" 3838
"../../../Engine/Content/MobileResources/HUD/VirtualJoystick_Background.uasset" 3839
"../../../../../UE BACKUP/BIBOP/BIBOP_2-6_UE/BIBOP_2-6_UE/Content/VehicleVarietyPack/Textures/Pickup/TX_Pickup_Diffuse_2.uasset" 3840
"../../../../../UE BACKUP/BIBOP/BIBOP_2-6_UE/BIBOP_2-6_UE/Content/VehicleVarietyPack/Textures/Pickup/TX_Pickup_Normal_2.uasset" 3841
"../../../../../UE BACKUP/BIBOP/BIBOP_2-6_UE/BIBOP_2-6_UE/Content/VehicleVarietyPack/Textures/Pickup/TX_Pickup_OPC_2.uasset" 3842
"../../../../../UE BACKUP/BIBOP/BIBOP_2-6_UE/BIBOP_2-6_UE/Content/VehicleVarietyPack/Textures/Pickup/TX_Pickup_ORM.uasset" 3843
"../../../../../UE BACKUP/BIBOP/BIBOP_2-6_UE/BIBOP_2-6_UE/Content/Characters/Mannequins/Textures/Shared/T_UE_Logo_M.uasset" 3844
"../../../Engine/Content/EngineSounds/Submixes/MasterReverbEffectPreset.uasset" 3845
"../../../Engine/Content/EngineSounds/Submixes/MasterSubmixDefault.uasset" 3846
"../../../Engine/Content/EngineSounds/Submixes/MasterReverbSubmixDefault.uasset" 3847
"../../../Engine/Content/EngineSounds/Submixes/MasterEQSubmixDefault.uasset" 3848
"../../../Engine/Plugins/Interchange/Assets/Content/gltf/MaterialFunctions/MF_RotateV2.uasset" 3849
"../../../Engine/Plugins/Interchange/Assets/Content/gltf/MaterialFunctions/MF_TransformUVs.uasset" 3850
"../../../Engine/Content/EngineSounds/Submixes/MasterEQEffectPreset.uasset" 3851
"../../../Engine/Plugins/Interchange/Assets/Content/gltf/Textures/T_Anisotropy_Direction_Linear.uasset" 3852
"../../../Engine/Plugins/Interchange/Assets/Content/gltf/MaterialFunctions/MF_IOR.uasset" 3853
"../../../Engine/Plugins/Interchange/Assets/Content/gltf/MaterialFunctions/MF_Normals.uasset" 3854
"../../../Engine/Plugins/Interchange/Assets/Content/gltf/MaterialFunctions/MF_ScaleNormal.uasset" 3855
"../../../Engine/Plugins/Interchange/Assets/Content/Functions/MF_IridescenceNoLUT.uasset" 3856
"../../../Engine/Plugins/Interchange/Assets/Content/gltf/MaterialFunctions/MF_SpecularAnisotropy.uasset" 3857
"../../../Engine/Plugins/Interchange/Assets/Content/gltf/MaterialFunctions/MF_Emissive.uasset" 3858
"../../../Engine/Plugins/Interchange/Assets/Content/gltf/MaterialFunctions/MF_MetallicRoughness.uasset" 3859
"../../../Engine/Plugins/Interchange/Assets/Content/gltf/MaterialFunctions/MF_Iridescence.uasset" 3860
"../../../Engine/Plugins/Interchange/Assets/Content/gltf/Textures/T_Generic_N.uasset" 3861
"../../../Engine/Plugins/Interchange/Assets/Content/gltf/Textures/T_White_Linear.uasset" 3862
"../../../Engine/Plugins/Interchange/Assets/Content/gltf/MaterialFunctions/MF_Specular.uasset" 3863
"../../../Engine/Plugins/Interchange/Assets/Content/gltf/MaterialFunctions/MF_BaseColor.uasset" 3864
"../../../Engine/Plugins/Interchange/Assets/Content/gltf/MaterialFunctions/MF_Occlusion.uasset" 3865
"../../../Engine/Plugins/Interchange/Assets/Content/gltf/Textures/T_White_srgb.uasset" 3866
"../../../Engine/Plugins/Interchange/Assets/Content/gltf/M_ClearCoat.uasset" 3867
"../../../Engine/Plugins/Interchange/Assets/Content/gltf/MaterialFunctions/MF_Clearcoat.uasset" 3868
"../../../Engine/Content/Functions/Engine_MaterialFunctions03/Math/RemapValueRange.uasset" 3869
"/Engine/EngineSounds/Submixes/MasterReverbEffectPreset" 3870
"../../../Engine/Plugins/Interchange/Assets/Content/gltf/MaterialBodies/MF_ClearCoat_Body.uasset" 3871
"../../../Engine/Plugins/Interchange/Assets/Content/gltf/MaterialInstances/MI_ClearCoat_Mask.uasset" 3872
"../../../Engine/Plugins/Interchange/Assets/Content/gltf/MaterialInstances/MI_ClearCoat_Opaque.uasset" 3873
"../../../Engine/Plugins/Interchange/Assets/Content/Functions/MF_Iridescence.uasset" 3874
"../../../Engine/Content/Functions/Engine_MaterialFunctions01/Texturing/FlattenNormal.uasset" 3875
"../../../Engine/Plugins/Interchange/Assets/Content/Utilities/New_LUT.uasset" 3876
"../../../Engine/Plugins/Interchange/Assets/Content/gltf/MaterialFunctions/MF_RotateNormals_TS.uasset" 3877
"/Engine/EngineSounds/Submixes/MasterEQEffectPreset" 3878
"/Engine/EngineSounds/Submixes/MasterEQSubmixDefault" 3879
"/InterchangeAssets/gltf/MaterialFunctions/MF_RotateV2" 3880
"/InterchangeAssets/gltf/MaterialFunctions/MF_TransformUVs" 3881
"../../../Engine/Plugins/Interchange/Assets/Content/gltf/MaterialInstances/MI_ClearCoat_Blend.uasset" 3882
"../../../Engine/Plugins/Interchange/Assets/Content/gltf/MaterialInstances/MI_ClearCoat_Mask_DS.uasset" 3883
"../../../Engine/Plugins/Interchange/Assets/Content/gltf/MaterialInstances/MI_ClearCoat_Opaque_DS.uasset" 3884
"../../../Engine/Plugins/Interchange/Assets/Content/gltf/M_Default.uasset" 3885
"/InterchangeAssets/gltf/MaterialInstances/MI_ClearCoat_Mask" 3886
"../../../Engine/Plugins/Interchange/Assets/Content/gltf/MaterialBodies/MF_Default_Body.uasset" 3887
"../../../Engine/Plugins/Interchange/Assets/Content/gltf/MaterialInstances/MI_ClearCoat_Blend_DS.uasset" 3888
"../../../Engine/Plugins/Interchange/Assets/Content/gltf/MaterialInstances/MI_Default_Opaque.uasset" 3889
"/InterchangeAssets/gltf/MaterialInstances/MI_ClearCoat_Opaque" 3890
"../../../Engine/Plugins/Interchange/Assets/Content/gltf/MaterialInstances/MI_Default_Blend_DS.uasset" 3891
"../../../Engine/Plugins/Interchange/Assets/Content/gltf/MaterialInstances/MI_Default_Mask.uasset" 3892
"../../../Engine/Plugins/Interchange/Assets/Content/gltf/MaterialFunctions/MF_Sheen.uasset" 3893
"../../../Engine/Plugins/Interchange/Assets/Content/gltf/MaterialInstances/MI_Sheen_Mask.uasset" 3894
"../../../Engine/Plugins/Interchange/Assets/Content/gltf/MaterialInstances/MI_Sheen_Opaque_DS.uasset" 3895
"/InterchangeAssets/gltf/MaterialInstances/MI_Default_Opaque" 3896
"../../../Engine/Plugins/Interchange/Assets/Content/gltf/MaterialBodies/MF_Sheen_Body.uasset" 3897
"../../../Engine/Plugins/Interchange/Assets/Content/gltf/MaterialInstances/MI_Default_Opaque_DS.uasset" 3898
"../../../Engine/Plugins/Interchange/Assets/Content/gltf/MaterialInstances/MI_Default_Blend.uasset" 3899
"../../../Engine/Plugins/Interchange/Assets/Content/gltf/MaterialFunctions/MF_Transmission.uasset" 3900
"../../../Engine/Plugins/Interchange/Assets/Content/gltf/MaterialInstances/MI_Sheen_Mask_DS.uasset" 3901
"../../../Engine/Plugins/Interchange/Assets/Content/gltf/MaterialInstances/MI_Sheen_Blend_DS.uasset" 3902
"../../../Engine/Plugins/Interchange/Assets/Content/gltf/M_Sheen.uasset" 3903
"../../../Engine/Plugins/Interchange/Assets/Content/gltf/M_Transmission.uasset" 3904
"../../../Engine/Plugins/Interchange/Assets/Content/gltf/MaterialFunctions/MF_Temporal_Blur.uasset" 3905
"../../../Engine/Plugins/Interchange/Assets/Content/gltf/MaterialFunctions/MF_Fresnel_DS.uasset" 3906
"../../../Engine/Plugins/Interchange/Assets/Content/gltf/MaterialBodies/MF_Transmission_Body.uasset" 3907
"../../../Engine/Plugins/Interchange/Assets/Content/gltf/MaterialInstances/MI_Sheen_Blend.uasset" 3908
"../../../Engine/Plugins/Interchange/Assets/Content/gltf/MaterialFunctions/MF_SpecGlossToMetalRoughness.uasset" 3909
"../../../Engine/Plugins/Interchange/Assets/Content/gltf/MaterialFunctions/MF_PerceivedBrightness.uasset" 3910
"../../../Engine/Content/Functions/Engine_MaterialFunctions02/Math/AddComponents.uasset" 3911
"../../../Engine/Plugins/Interchange/Assets/Content/gltf/MaterialInstances/MI_Transmission_DS.uasset" 3912
"../../../Engine/Plugins/Interchange/Assets/Content/gltf/MaterialInstances/MI_Sheen_Opaque.uasset" 3913
"../../../Engine/Content/Functions/Engine_MaterialFunctions02/Texturing/ScreenAlignedPixelToPixelUVs.uasset" 3914
"../../../Engine/Plugins/Interchange/Assets/Content/gltf/MaterialInstances/MI_Default_Mask_DS.uasset" 3915
"../../../Engine/Plugins/Interchange/Assets/Content/gltf/MaterialInstances/MI_Transmission.uasset" 3916
"/InterchangeAssets/gltf/MaterialInstances/MI_ClearCoat_Blend_DS" 3917
"/InterchangeAssets/gltf/MaterialInstances/MI_ClearCoat_Mask_DS" 3918
"/InterchangeAssets/gltf/MaterialInstances/MI_ClearCoat_Opaque_DS" 3919
"/InterchangeAssets/gltf/MaterialInstances/MI_ClearCoat_Blend" 3920
"../../../Engine/Plugins/Interchange/Assets/Content/gltf/MaterialFunctions/MF_MaxComponentValue.uasset" 3921
"../../../Engine/Plugins/Interchange/Assets/Content/gltf/M_SpecularGlossiness.uasset" 3922
"/InterchangeAssets/gltf/MaterialFunctions/MF_SpecGlossToMetalRoughness" 3923
"../../../Engine/Plugins/Interchange/Assets/Content/gltf/MaterialFunctions/MF_DiffuseSpecGloss.uasset" 3924
"../../../Engine/Plugins/Interchange/Assets/Content/gltf/MaterialInstances/MI_SpecularGlossiness_Mask.uasset" 3925
"../../../Engine/Plugins/Interchange/Assets/Content/gltf/MaterialInstances/MI_SpecularGlossiness_Blend.uasset" 3926
"../../../Engine/Plugins/Interchange/Assets/Content/gltf/MaterialInstances/MI_SpecularGlossiness_Opaque.uasset" 3927
"../../../Engine/Plugins/Interchange/Assets/Content/gltf/MaterialBodies/MF_SpecularGlossiness_Body.uasset" 3928
"/Game/__ExternalActors__/_MyContent/Levels/L_Test/0/KR/KWC9PJPVFQMZ12H9NCRK6J" 3929
"../../../../../UE BACKUP/BIBOP/BIBOP_2-6_UE/BIBOP_2-6_UE/Content/__ExternalActors__/_MyContent/Levels/L_Test/0/KR/KWC9PJPVFQMZ12H9NCRK6J.uasset" 3930
"/Game/__ExternalActors__/_MyContent/Levels/L_Test/0/KX/I9LIIKENK8MZ6SO37CJ6U7" 3931
"../../../../../UE BACKUP/BIBOP/BIBOP_2-6_UE/BIBOP_2-6_UE/Content/__ExternalActors__/_MyContent/Levels/L_Test/0/KX/I9LIIKENK8MZ6SO37CJ6U7.uasset" 3932
"../../../../../UE BACKUP/BIBOP/BIBOP_2-6_UE/BIBOP_2-6_UE/Content/_MyContent/Blueprints/BP_PickUp.uasset" 3933
"../../../../../UE BACKUP/BIBOP/BIBOP_2-6_UE/BIBOP_2-6_UE/Content/_MyContent/Models/Asteroid/Asteroid_2a.uasset" 3934
"../../../../../UE BACKUP/BIBOP/BIBOP_2-6_UE/BIBOP_2-6_UE/Content/_MyContent/Models/Asteroid/M_Asteroid.uasset" 3935
"../../../../../UE BACKUP/BIBOP/BIBOP_2-6_UE/BIBOP_2-6_UE/Content/_MyContent/Models/Asteroid/2K/Asteroid2a_Color_2K.uasset" 3936
"../../../../../UE BACKUP/BIBOP/BIBOP_2-6_UE/BIBOP_2-6_UE/Content/_MyContent/Models/Asteroid/2K/Asteroid2a_Metalness_2K.uasset" 3937
"../../../../../UE BACKUP/BIBOP/BIBOP_2-6_UE/BIBOP_2-6_UE/Content/_MyContent/Models/Asteroid/2K/Asteroid2a_NormalDX_2K.uasset" 3938
"../../../../../UE BACKUP/BIBOP/BIBOP_2-6_UE/BIBOP_2-6_UE/Content/_MyContent/Models/Asteroid/2K/Asteroid2a_Roughness_2K.uasset" 3939
"/Game/__ExternalActors__/_MyContent/Levels/L_Test/0/OT/BGE5FGBVCBRVPAORP4O7UO" 3940
"../../../../../UE BACKUP/BIBOP/BIBOP_2-6_UE/BIBOP_2-6_UE/Content/__ExternalActors__/_MyContent/Levels/L_Test/0/OT/BGE5FGBVCBRVPAORP4O7UO.uasset" 3941
"/Game/__ExternalActors__/_MyContent/Levels/L_Test/1/0K/U27TF028TZB823G2V7VUNP" 3942
"../../../../../UE BACKUP/BIBOP/BIBOP_2-6_UE/BIBOP_2-6_UE/Content/__ExternalActors__/_MyContent/Levels/L_Test/1/0K/U27TF028TZB823G2V7VUNP.uasset" 3943
"/Game/__ExternalActors__/_MyContent/Levels/L_Test/1/0Z/TDUZIMSCB5614OPXPJVP7T" 3944
"../../../../../UE BACKUP/BIBOP/BIBOP_2-6_UE/BIBOP_2-6_UE/Content/__ExternalActors__/_MyContent/Levels/L_Test/1/0Z/TDUZIMSCB5614OPXPJVP7T.uasset" 3945
"../../../../../UE BACKUP/BIBOP/BIBOP_2-6_UE/BIBOP_2-6_UE/Content/Blueprints/BP_Coin.uasset" 3946
"../../../../../UE BACKUP/BIBOP/BIBOP_2-6_UE/BIBOP_2-6_UE/Content/_MyContent/Audio/zvuk-monet-mario__mp3cut_net_.uasset" 3947
"../../../../../UE BACKUP/BIBOP/BIBOP_2-6_UE/BIBOP_2-6_UE/Content/EXTERNAL_ASSETS/Coin/source/Coin1.uasset" 3948
"../../../../../UE BACKUP/BIBOP/BIBOP_2-6_UE/BIBOP_2-6_UE/Content/EXTERNAL_ASSETS/Coin/source/Coin.uasset" 3949
"../../Plugins/Interchange/Assets/Content/Materials/FBXLegacyPhongSurfaceMaterial.uasset" 3950
"../../../Engine/Content/Functions/Engine_MaterialFunctions03/Procedurals/NormalFromHeightmap.uasset" 3951
"../../Plugins/Interchange/Assets/Content/Functions/MF_PhongToMetalRoughness.uasset" 3952
"../../../Engine/Content/EngineMaterials/DefaultNormal.uasset" 3953
"/Game/__ExternalActors__/_MyContent/Levels/L_Test/1/79/8M71TJW6VXFF8NV0COQIO3" 3954
"../../../../../UE BACKUP/BIBOP/BIBOP_2-6_UE/BIBOP_2-6_UE/Content/__ExternalActors__/_MyContent/Levels/L_Test/1/79/8M71TJW6VXFF8NV0COQIO3.uasset" 3955
"/Game/__ExternalActors__/_MyContent/Levels/L_Test/1/9N/Z0S8XDM0FZLIX4FI73RMJK" 3956
"../../../../../UE BACKUP/BIBOP/BIBOP_2-6_UE/BIBOP_2-6_UE/Content/__ExternalActors__/_MyContent/Levels/L_Test/1/9N/Z0S8XDM0FZLIX4FI73RMJK.uasset" 3957
"/Game/__ExternalActors__/_MyContent/Levels/L_Test/1/9Z/T2M4ICBE83FQR8BW8BL5G4" 3958
"../../../../../UE BACKUP/BIBOP/BIBOP_2-6_UE/BIBOP_2-6_UE/Content/__ExternalActors__/_MyContent/Levels/L_Test/1/9Z/T2M4ICBE83FQR8BW8BL5G4.uasset" 3959
"/Game/__ExternalActors__/_MyContent/Levels/L_Test/1/DU/NOQX7PYWKBFR0JYH2ZDPCT" 3960
"../../../../../UE BACKUP/BIBOP/BIBOP_2-6_UE/BIBOP_2-6_UE/Content/__ExternalActors__/_MyContent/Levels/L_Test/1/DU/NOQX7PYWKBFR0JYH2ZDPCT.uasset" 3961
"/Game/__ExternalActors__/_MyContent/Levels/L_Test/1/LE/PCF8B0NJ68XSTTP5CEN7UV" 3962
"../../../../../UE BACKUP/BIBOP/BIBOP_2-6_UE/BIBOP_2-6_UE/Content/__ExternalActors__/_MyContent/Levels/L_Test/1/LE/PCF8B0NJ68XSTTP5CEN7UV.uasset" 3963
"/Game/__ExternalActors__/_MyContent/Levels/L_Test/1/LR/686AH7L35EYURFVCPDPEQB" 3964
"../../../../../UE BACKUP/BIBOP/BIBOP_2-6_UE/BIBOP_2-6_UE/Content/__ExternalActors__/_MyContent/Levels/L_Test/1/LR/686AH7L35EYURFVCPDPEQB.uasset" 3965
"/Game/__ExternalActors__/_MyContent/Levels/L_Test/1/ND/7EUFETTX36NPQP9NL22S3H" 3966
"../../../../../UE BACKUP/BIBOP/BIBOP_2-6_UE/BIBOP_2-6_UE/Content/__ExternalActors__/_MyContent/Levels/L_Test/1/ND/7EUFETTX36NPQP9NL22S3H.uasset" 3967
"/Game/__ExternalActors__/_MyContent/Levels/L_Test/1/OG/S77HP8UN4TLQW7NAG19JHL" 3968
"../../../../../UE BACKUP/BIBOP/BIBOP_2-6_UE/BIBOP_2-6_UE/Content/__ExternalActors__/_MyContent/Levels/L_Test/1/OG/S77HP8UN4TLQW7NAG19JHL.uasset" 3969
"/Game/__ExternalActors__/_MyContent/Levels/L_Test/1/WR/XCM1IL36BE6I6MNFYX46QZ" 3970
"../../../../../UE BACKUP/BIBOP/BIBOP_2-6_UE/BIBOP_2-6_UE/Content/__ExternalActors__/_MyContent/Levels/L_Test/1/WR/XCM1IL36BE6I6MNFYX46QZ.uasset" 3971
"/Game/__ExternalActors__/_MyContent/Levels/L_Test/1/YV/EF2DRDLMQGDR1CUVQDBSQQ" 3972
"../../../../../UE BACKUP/BIBOP/BIBOP_2-6_UE/BIBOP_2-6_UE/Content/__ExternalActors__/_MyContent/Levels/L_Test/1/YV/EF2DRDLMQGDR1CUVQDBSQQ.uasset" 3973
"/Game/__ExternalActors__/_MyContent/Levels/L_Test/2/PD/VYCIGX2X5FMHESTUQF9A2K" 3974
"../../../../../UE BACKUP/BIBOP/BIBOP_2-6_UE/BIBOP_2-6_UE/Content/__ExternalActors__/_MyContent/Levels/L_Test/2/PD/VYCIGX2X5FMHESTUQF9A2K.uasset" 3975
"../../../../../UE BACKUP/BIBOP/BIBOP_2-6_UE/BIBOP_2-6_UE/Content/SciFi_Props/Models/SM_Box_7.uasset" 3976
"../../../../../UE BACKUP/BIBOP/BIBOP_2-6_UE/BIBOP_2-6_UE/Content/SciFi_Props/Materials/MI_Box_7.uasset" 3977
"../../../../../UE BACKUP/BIBOP/BIBOP_2-6_UE/BIBOP_2-6_UE/Content/SciFi_Props/Materials/M_Master.uasset" 3978
"../../../../../UE BACKUP/BIBOP/BIBOP_2-6_UE/BIBOP_2-6_UE/Content/SciFi_Props/Materials/Textures/T_Box_1_A_Metallic.uasset" 3979
"../../../../../UE BACKUP/BIBOP/BIBOP_2-6_UE/BIBOP_2-6_UE/Content/SciFi_Props/Materials/Textures/T_Box_1_B_BaseColor.uasset" 3980
"../../../../../UE BACKUP/BIBOP/BIBOP_2-6_UE/BIBOP_2-6_UE/Content/SciFi_Props/Materials/Textures/T_Box_7_BaseColor.uasset" 3981
"../../../../../UE BACKUP/BIBOP/BIBOP_2-6_UE/BIBOP_2-6_UE/Content/SciFi_Props/Materials/Textures/T_Box_7_Emissive.uasset" 3982
"../../../../../UE BACKUP/BIBOP/BIBOP_2-6_UE/BIBOP_2-6_UE/Content/SciFi_Props/Materials/Textures/T_Box_7_Metallic.uasset" 3983
"../../../../../UE BACKUP/BIBOP/BIBOP_2-6_UE/BIBOP_2-6_UE/Content/SciFi_Props/Materials/Textures/T_Box_7_Normal.uasset" 3984
"../../../../../UE BACKUP/BIBOP/BIBOP_2-6_UE/BIBOP_2-6_UE/Content/SciFi_Props/Materials/Textures/T_Box_7_Roughness.uasset" 3985
"../../../../../UE BACKUP/BIBOP/BIBOP_2-6_UE/BIBOP_2-6_UE/Content/SciFi_Props/Materials/Textures/T_Box_8_Metallic.uasset" 3986
"../../../../../UE BACKUP/BIBOP/BIBOP_2-6_UE/BIBOP_2-6_UE/Content/SciFi_Props/Materials/Textures/T_Box_8_Normal.uasset" 3987
"../../../../../UE BACKUP/BIBOP/BIBOP_2-6_UE/BIBOP_2-6_UE/Content/SciFi_Props/Materials/Textures/T_Box_8_Roughness.uasset" 3988
"/Game/__ExternalActors__/_MyContent/Levels/L_Test/2/T2/Z10RKKTSPFDTN45GOJEK9O" 3989
"../../../../../UE BACKUP/BIBOP/BIBOP_2-6_UE/BIBOP_2-6_UE/Content/__ExternalActors__/_MyContent/Levels/L_Test/2/T2/Z10RKKTSPFDTN45GOJEK9O.uasset" 3990
"/Game/__ExternalActors__/_MyContent/Levels/L_Test/2/WQ/TEAB3Q504A9WT97N1JPOJJ" 3991
"../../../../../UE BACKUP/BIBOP/BIBOP_2-6_UE/BIBOP_2-6_UE/Content/__ExternalActors__/_MyContent/Levels/L_Test/2/WQ/TEAB3Q504A9WT97N1JPOJJ.uasset" 3992
"/Game/__ExternalActors__/_MyContent/Levels/L_Test/2/XY/IPYFGCUMA3OS52FL03RQ4X" 3993
"../../../../../UE BACKUP/BIBOP/BIBOP_2-6_UE/BIBOP_2-6_UE/Content/__ExternalActors__/_MyContent/Levels/L_Test/2/XY/IPYFGCUMA3OS52FL03RQ4X.uasset" 3994
"/Game/__ExternalActors__/_MyContent/Levels/L_Test/3/0E/DCF58FDZJG16H7X3JCU7L8" 3995
"../../../../../UE BACKUP/BIBOP/BIBOP_2-6_UE/BIBOP_2-6_UE/Content/__ExternalActors__/_MyContent/Levels/L_Test/3/0E/DCF58FDZJG16H7X3JCU7L8.uasset" 3996
"/Game/__ExternalActors__/_MyContent/Levels/L_Test/3/BH/5AGNAV3V8C52LBCN8JWV8H" 3997
"../../../../../UE BACKUP/BIBOP/BIBOP_2-6_UE/BIBOP_2-6_UE/Content/__ExternalActors__/_MyContent/Levels/L_Test/3/BH/5AGNAV3V8C52LBCN8JWV8H.uasset" 3998
"/Game/__ExternalActors__/_MyContent/Levels/L_Test/3/DF/91HRJQHXF2EWZF80636JB5" 3999
"../../../../../UE BACKUP/BIBOP/BIBOP_2-6_UE/BIBOP_2-6_UE/Content/__ExternalActors__/_MyContent/Levels/L_Test/3/DF/91HRJQHXF2EWZF80636JB5.uasset" 4000
"/Game/__ExternalActors__/_MyContent/Levels/L_Test/3/JG/PV3J3O2ILL7K2FPEKG061Y" 4001
"../../../../../UE BACKUP/BIBOP/BIBOP_2-6_UE/BIBOP_2-6_UE/Content/__ExternalActors__/_MyContent/Levels/L_Test/3/JG/PV3J3O2ILL7K2FPEKG061Y.uasset" 4002
"/Game/__ExternalActors__/_MyContent/Levels/L_Test/3/W7/2WU20TW9V77LLACXI4QM3B" 4003
"../../../../../UE BACKUP/BIBOP/BIBOP_2-6_UE/BIBOP_2-6_UE/Content/__ExternalActors__/_MyContent/Levels/L_Test/3/W7/2WU20TW9V77LLACXI4QM3B.uasset" 4004
"/Game/__ExternalActors__/_MyContent/Levels/L_Test/3/WP/AADBDYHF5C0MZHNCLYKUJR" 4005
"../../../../../UE BACKUP/BIBOP/BIBOP_2-6_UE/BIBOP_2-6_UE/Content/__ExternalActors__/_MyContent/Levels/L_Test/3/WP/AADBDYHF5C0MZHNCLYKUJR.uasset" 4006
"/Game/__ExternalActors__/_MyContent/Levels/L_Test/4/0B/M93OTZJX3NMTKNFVYI02GL" 4007
"../../../../../UE BACKUP/BIBOP/BIBOP_2-6_UE/BIBOP_2-6_UE/Content/__ExternalActors__/_MyContent/Levels/L_Test/4/0B/M93OTZJX3NMTKNFVYI02GL.uasset" 4008
"/Game/__ExternalActors__/_MyContent/Levels/L_Test/4/0H/C4BSN71TNUR4XF4AYYU6XI" 4009
"../../../../../UE BACKUP/BIBOP/BIBOP_2-6_UE/BIBOP_2-6_UE/Content/__ExternalActors__/_MyContent/Levels/L_Test/4/0H/C4BSN71TNUR4XF4AYYU6XI.uasset" 4010
"/Game/__ExternalActors__/_MyContent/Levels/L_Test/4/1M/0SXWEFF9DYA24R22QV258M" 4011
"../../../../../UE BACKUP/BIBOP/BIBOP_2-6_UE/BIBOP_2-6_UE/Content/__ExternalActors__/_MyContent/Levels/L_Test/4/1M/0SXWEFF9DYA24R22QV258M.uasset" 4012
"/Game/__ExternalActors__/_MyContent/Levels/L_Test/4/5T/5DRSQGOZI3N77PUFHVYD5Z" 4013
"../../../../../UE BACKUP/BIBOP/BIBOP_2-6_UE/BIBOP_2-6_UE/Content/__ExternalActors__/_MyContent/Levels/L_Test/4/5T/5DRSQGOZI3N77PUFHVYD5Z.uasset" 4014
"/Game/__ExternalActors__/_MyContent/Levels/L_Test/4/9U/VACOB8QVVOUJVDWX4VNR6G" 4015
"../../../../../UE BACKUP/BIBOP/BIBOP_2-6_UE/BIBOP_2-6_UE/Content/__ExternalActors__/_MyContent/Levels/L_Test/4/9U/VACOB8QVVOUJVDWX4VNR6G.uasset" 4016
"/Game/__ExternalActors__/_MyContent/Levels/L_Test/4/CF/NVQHDSWRJBWQ5ZG1IMGLT1" 4017
"../../../../../UE BACKUP/BIBOP/BIBOP_2-6_UE/BIBOP_2-6_UE/Content/__ExternalActors__/_MyContent/Levels/L_Test/4/CF/NVQHDSWRJBWQ5ZG1IMGLT1.uasset" 4018
"/Game/__ExternalActors__/_MyContent/Levels/L_Test/4/CN/T0OW8DTWJFY00D01ROTL4H" 4019
"../../../../../UE BACKUP/BIBOP/BIBOP_2-6_UE/BIBOP_2-6_UE/Content/__ExternalActors__/_MyContent/Levels/L_Test/4/CN/T0OW8DTWJFY00D01ROTL4H.uasset" 4020
"/Game/__ExternalActors__/_MyContent/Levels/L_Test/4/FC/AV7P3O3185E9R2EE6QO9PS" 4021
"../../../../../UE BACKUP/BIBOP/BIBOP_2-6_UE/BIBOP_2-6_UE/Content/__ExternalActors__/_MyContent/Levels/L_Test/4/FC/AV7P3O3185E9R2EE6QO9PS.uasset" 4022
"/Game/__ExternalActors__/_MyContent/Levels/L_Test/4/MU/T189FG1H9VYJYNB6Y6K1J7" 4023
"../../../../../UE BACKUP/BIBOP/BIBOP_2-6_UE/BIBOP_2-6_UE/Content/__ExternalActors__/_MyContent/Levels/L_Test/4/MU/T189FG1H9VYJYNB6Y6K1J7.uasset" 4024
"/Game/__ExternalActors__/_MyContent/Levels/L_Test/4/RX/23WCSJTWQ7WJV2QAV5FT6M" 4025
"../../../../../UE BACKUP/BIBOP/BIBOP_2-6_UE/BIBOP_2-6_UE/Content/__ExternalActors__/_MyContent/Levels/L_Test/4/RX/23WCSJTWQ7WJV2QAV5FT6M.uasset" 4026
"/Game/__ExternalActors__/_MyContent/Levels/L_Test/4/WL/VESYBXDN1AQ0XDPUCG73DB" 4027
"../../../../../UE BACKUP/BIBOP/BIBOP_2-6_UE/BIBOP_2-6_UE/Content/__ExternalActors__/_MyContent/Levels/L_Test/4/WL/VESYBXDN1AQ0XDPUCG73DB.uasset" 4028
"/Game/__ExternalActors__/_MyContent/Levels/L_Test/5/EA/KRNAUY00DOX0ESMKW0SEMS" 4029
"../../../../../UE BACKUP/BIBOP/BIBOP_2-6_UE/BIBOP_2-6_UE/Content/__ExternalActors__/_MyContent/Levels/L_Test/5/EA/KRNAUY00DOX0ESMKW0SEMS.uasset" 4030
"/Game/__ExternalActors__/_MyContent/Levels/L_Test/5/FC/OA766M4ZSA9BHQTH14WXYD" 4031
"../../../../../UE BACKUP/BIBOP/BIBOP_2-6_UE/BIBOP_2-6_UE/Content/__ExternalActors__/_MyContent/Levels/L_Test/5/FC/OA766M4ZSA9BHQTH14WXYD.uasset" 4032
"/Game/__ExternalActors__/_MyContent/Levels/L_Test/5/IC/0HP0D8JZSLTJJ9RVCWUSZB" 4033
"../../../../../UE BACKUP/BIBOP/BIBOP_2-6_UE/BIBOP_2-6_UE/Content/__ExternalActors__/_MyContent/Levels/L_Test/5/IC/0HP0D8JZSLTJJ9RVCWUSZB.uasset" 4034
"/Game/__ExternalActors__/_MyContent/Levels/L_Test/5/KW/1OP1KZJ80G1ZOKDJT7G525" 4035
"../../../../../UE BACKUP/BIBOP/BIBOP_2-6_UE/BIBOP_2-6_UE/Content/__ExternalActors__/_MyContent/Levels/L_Test/5/KW/1OP1KZJ80G1ZOKDJT7G525.uasset" 4036
"/Game/__ExternalActors__/_MyContent/Levels/L_Test/5/LL/SNHLQRJIM3IAJQM4UYQ8X4" 4037
"../../../../../UE BACKUP/BIBOP/BIBOP_2-6_UE/BIBOP_2-6_UE/Content/__ExternalActors__/_MyContent/Levels/L_Test/5/LL/SNHLQRJIM3IAJQM4UYQ8X4.uasset" 4038
"/Game/__ExternalActors__/_MyContent/Levels/L_Test/5/RF/3OTM3OJCF8YXGSUUGTTQEP" 4039
"../../../../../UE BACKUP/BIBOP/BIBOP_2-6_UE/BIBOP_2-6_UE/Content/__ExternalActors__/_MyContent/Levels/L_Test/5/RF/3OTM3OJCF8YXGSUUGTTQEP.uasset" 4040
"/Game/__ExternalActors__/_MyContent/Levels/L_Test/6/28/23FM1662MK46U2YLK1DW6P" 4041
"../../../../../UE BACKUP/BIBOP/BIBOP_2-6_UE/BIBOP_2-6_UE/Content/__ExternalActors__/_MyContent/Levels/L_Test/6/28/23FM1662MK46U2YLK1DW6P.uasset" 4042
"/Game/__ExternalActors__/_MyContent/Levels/L_Test/6/3F/1HTGNPFXJW6T81PHMHZ447" 4043
"../../../../../UE BACKUP/BIBOP/BIBOP_2-6_UE/BIBOP_2-6_UE/Content/__ExternalActors__/_MyContent/Levels/L_Test/6/3F/1HTGNPFXJW6T81PHMHZ447.uasset" 4044
"/Game/__ExternalActors__/_MyContent/Levels/L_Test/6/3T/812BX8FA9ULRMBQLDJRQDJ" 4045
"../../../../../UE BACKUP/BIBOP/BIBOP_2-6_UE/BIBOP_2-6_UE/Content/__ExternalActors__/_MyContent/Levels/L_Test/6/3T/812BX8FA9ULRMBQLDJRQDJ.uasset" 4046
"/Game/__ExternalActors__/_MyContent/Levels/L_Test/6/B8/PN94HZSCNZEVK5O9NTP0LH" 4047
"../../../../../UE BACKUP/BIBOP/BIBOP_2-6_UE/BIBOP_2-6_UE/Content/__ExternalActors__/_MyContent/Levels/L_Test/6/B8/PN94HZSCNZEVK5O9NTP0LH.uasset" 4048
"/Game/__ExternalActors__/_MyContent/Levels/L_Test/6/EO/VB2EOK6C5B8C2I7WMMH5B8" 4049
"../../../../../UE BACKUP/BIBOP/BIBOP_2-6_UE/BIBOP_2-6_UE/Content/__ExternalActors__/_MyContent/Levels/L_Test/6/EO/VB2EOK6C5B8C2I7WMMH5B8.uasset" 4050
"/Game/__ExternalActors__/_MyContent/Levels/L_Test/6/LB/2OYJXLA9M7IJXJJ9VBZFKL" 4051
"../../../../../UE BACKUP/BIBOP/BIBOP_2-6_UE/BIBOP_2-6_UE/Content/__ExternalActors__/_MyContent/Levels/L_Test/6/LB/2OYJXLA9M7IJXJJ9VBZFKL.uasset" 4052
"/Game/__ExternalActors__/_MyContent/Levels/L_Test/6/N6/ILOWHS94YV9ZM1GASW02VJ" 4053
"../../../../../UE BACKUP/BIBOP/BIBOP_2-6_UE/BIBOP_2-6_UE/Content/__ExternalActors__/_MyContent/Levels/L_Test/6/N6/ILOWHS94YV9ZM1GASW02VJ.uasset" 4054
"/Game/__ExternalActors__/_MyContent/Levels/L_Test/6/RM/NPRD15X3CV4OJ7CZ7A9UK9" 4055
"../../../../../UE BACKUP/BIBOP/BIBOP_2-6_UE/BIBOP_2-6_UE/Content/__ExternalActors__/_MyContent/Levels/L_Test/6/RM/NPRD15X3CV4OJ7CZ7A9UK9.uasset" 4056
"../../../../../UE BACKUP/BIBOP/BIBOP_2-6_UE/BIBOP_2-6_UE/Content/_MyContent/Textures/M_StarsAndMilkyWay.uasset" 4057
"../../../../../UE BACKUP/BIBOP/BIBOP_2-6_UE/BIBOP_2-6_UE/Content/_MyContent/Textures/T_StarsAndMilkyWay.uasset" 4058
"/Game/__ExternalActors__/_MyContent/Levels/L_Test/6/WJ/XR1G1I7799BKHNNDI7PVRF" 4059
"../../../../../UE BACKUP/BIBOP/BIBOP_2-6_UE/BIBOP_2-6_UE/Content/__ExternalActors__/_MyContent/Levels/L_Test/6/WJ/XR1G1I7799BKHNNDI7PVRF.uasset" 4060
"/Game/__ExternalActors__/_MyContent/Levels/L_Test/6/XZ/DSKPFBX7LC7QVA6D4PSEKB" 4061
"../../../../../UE BACKUP/BIBOP/BIBOP_2-6_UE/BIBOP_2-6_UE/Content/__ExternalActors__/_MyContent/Levels/L_Test/6/XZ/DSKPFBX7LC7QVA6D4PSEKB.uasset" 4062
"../../../../../UE BACKUP/BIBOP/BIBOP_2-6_UE/BIBOP_2-6_UE/Content/_MyContent/ProceduralContentGenerationGraphs/AtreroidsSpawner.uasset" 4063
"/Game/__ExternalActors__/_MyContent/Levels/L_Test/6/YL/94T6GWG5WKNSUH8HQBTP4E" 4064
"../../../../../UE BACKUP/BIBOP/BIBOP_2-6_UE/BIBOP_2-6_UE/Content/__ExternalActors__/_MyContent/Levels/L_Test/6/YL/94T6GWG5WKNSUH8HQBTP4E.uasset" 4065
"/Game/__ExternalActors__/_MyContent/Levels/L_Test/6/YQ/H1FVIUBPTA4MTKT8CYAP6X" 4066
"../../../../../UE BACKUP/BIBOP/BIBOP_2-6_UE/BIBOP_2-6_UE/Content/__ExternalActors__/_MyContent/Levels/L_Test/6/YQ/H1FVIUBPTA4MTKT8CYAP6X.uasset" 4067
"/Game/__ExternalActors__/_MyContent/Levels/L_Test/6/YW/C73JDZYCKJ1BPAP01LH90W" 4068
"../../../../../UE BACKUP/BIBOP/BIBOP_2-6_UE/BIBOP_2-6_UE/Content/__ExternalActors__/_MyContent/Levels/L_Test/6/YW/C73JDZYCKJ1BPAP01LH90W.uasset" 4069
"/Game/__ExternalActors__/_MyContent/Levels/L_Test/7/9X/3DGCSB07IIXHU0D5ETJT1S" 4070
"../../../../../UE BACKUP/BIBOP/BIBOP_2-6_UE/BIBOP_2-6_UE/Content/__ExternalActors__/_MyContent/Levels/L_Test/7/9X/3DGCSB07IIXHU0D5ETJT1S.uasset" 4071
"../../../../../UE BACKUP/BIBOP/BIBOP_2-6_UE/BIBOP_2-6_UE/Content/_MyContent/Textures/M_Mars.uasset" 4072
"../../../../../UE BACKUP/BIBOP/BIBOP_2-6_UE/BIBOP_2-6_UE/Content/_MyContent/Textures/T_Mars.uasset" 4073
"/Game/__ExternalActors__/_MyContent/Levels/L_Test/7/AU/ZZLKWM02H9ARCQYQTD2J5A" 4074
"../../../../../UE BACKUP/BIBOP/BIBOP_2-6_UE/BIBOP_2-6_UE/Content/__ExternalActors__/_MyContent/Levels/L_Test/7/AU/ZZLKWM02H9ARCQYQTD2J5A.uasset" 4075
"/Game/__ExternalActors__/_MyContent/Levels/L_Test/7/NI/C0SOJ2XXZGGU9874AVOA3Y" 4076
"../../../../../UE BACKUP/BIBOP/BIBOP_2-6_UE/BIBOP_2-6_UE/Content/__ExternalActors__/_MyContent/Levels/L_Test/7/NI/C0SOJ2XXZGGU9874AVOA3Y.uasset" 4077
"/Game/__ExternalActors__/_MyContent/Levels/L_Test/7/QI/5DWT3R15DKT16X3PGEDUB6" 4078
"../../../../../UE BACKUP/BIBOP/BIBOP_2-6_UE/BIBOP_2-6_UE/Content/__ExternalActors__/_MyContent/Levels/L_Test/7/QI/5DWT3R15DKT16X3PGEDUB6.uasset" 4079
"/Game/__ExternalActors__/_MyContent/Levels/L_Test/8/45/M3LZVZOTTG57BABBWD6S30" 4080
"../../../../../UE BACKUP/BIBOP/BIBOP_2-6_UE/BIBOP_2-6_UE/Content/__ExternalActors__/_MyContent/Levels/L_Test/8/45/M3LZVZOTTG57BABBWD6S30.uasset" 4081
"/Game/__ExternalActors__/_MyContent/Levels/L_Test/8/7B/OLWJ6YOXB6WRB4FMUCU3B3" 4082
"../../../../../UE BACKUP/BIBOP/BIBOP_2-6_UE/BIBOP_2-6_UE/Content/__ExternalActors__/_MyContent/Levels/L_Test/8/7B/OLWJ6YOXB6WRB4FMUCU3B3.uasset" 4083
"/Game/__ExternalActors__/_MyContent/Levels/L_Test/8/8G/5NYMO4XJMPHOQB8WBU1J0H" 4084
"../../../../../UE BACKUP/BIBOP/BIBOP_2-6_UE/BIBOP_2-6_UE/Content/__ExternalActors__/_MyContent/Levels/L_Test/8/8G/5NYMO4XJMPHOQB8WBU1J0H.uasset" 4085
"/Game/__ExternalActors__/_MyContent/Levels/L_Test/8/CP/5HI1RWBP9QQ363Y800N257" 4086
"../../../../../UE BACKUP/BIBOP/BIBOP_2-6_UE/BIBOP_2-6_UE/Content/__ExternalActors__/_MyContent/Levels/L_Test/8/CP/5HI1RWBP9QQ363Y800N257.uasset" 4087
"/Game/__ExternalActors__/_MyContent/Levels/L_Test/8/GK/RKM65DN4WC6N9Y691ORRE7" 4088
"../../../../../UE BACKUP/BIBOP/BIBOP_2-6_UE/BIBOP_2-6_UE/Content/__ExternalActors__/_MyContent/Levels/L_Test/8/GK/RKM65DN4WC6N9Y691ORRE7.uasset" 4089
"/Game/__ExternalActors__/_MyContent/Levels/L_Test/8/JN/LYB90X53JVIVY28EEWQKU0" 4090
"../../../../../UE BACKUP/BIBOP/BIBOP_2-6_UE/BIBOP_2-6_UE/Content/__ExternalActors__/_MyContent/Levels/L_Test/8/JN/LYB90X53JVIVY28EEWQKU0.uasset" 4091
"/Game/__ExternalActors__/_MyContent/Levels/L_Test/8/LV/N3KTMGCHVCQHV0QYF56NXW" 4092
"../../../../../UE BACKUP/BIBOP/BIBOP_2-6_UE/BIBOP_2-6_UE/Content/__ExternalActors__/_MyContent/Levels/L_Test/8/LV/N3KTMGCHVCQHV0QYF56NXW.uasset" 4093
"/Game/__ExternalActors__/_MyContent/Levels/L_Test/8/PU/ZJ0JLNTFE01BRBDP4G6K2D" 4094
"../../../../../UE BACKUP/BIBOP/BIBOP_2-6_UE/BIBOP_2-6_UE/Content/__ExternalActors__/_MyContent/Levels/L_Test/8/PU/ZJ0JLNTFE01BRBDP4G6K2D.uasset" 4095
"/Game/__ExternalActors__/_MyContent/Levels/L_Test/8/RT/XB6XMVMSKPM5G9J1TKBOLR" 4096
"../../../../../UE BACKUP/BIBOP/BIBOP_2-6_UE/BIBOP_2-6_UE/Content/__ExternalActors__/_MyContent/Levels/L_Test/8/RT/XB6XMVMSKPM5G9J1TKBOLR.uasset" 4097
"/Game/__ExternalActors__/_MyContent/Levels/L_Test/8/TB/AN9AC72ES4GIIEP3V9D3Q9" 4098
"../../../../../UE BACKUP/BIBOP/BIBOP_2-6_UE/BIBOP_2-6_UE/Content/__ExternalActors__/_MyContent/Levels/L_Test/8/TB/AN9AC72ES4GIIEP3V9D3Q9.uasset" 4099
"/Game/__ExternalActors__/_MyContent/Levels/L_Test/8/XZ/BDLBDKSZ9BTQLQ0IMPLUX2" 4100
"../../../../../UE BACKUP/BIBOP/BIBOP_2-6_UE/BIBOP_2-6_UE/Content/__ExternalActors__/_MyContent/Levels/L_Test/8/XZ/BDLBDKSZ9BTQLQ0IMPLUX2.uasset" 4101
"/Game/__ExternalActors__/_MyContent/Levels/L_Test/9/K5/ZTKPS05MTGWZIEJXSNAQ6T" 4102
"../../../../../UE BACKUP/BIBOP/BIBOP_2-6_UE/BIBOP_2-6_UE/Content/__ExternalActors__/_MyContent/Levels/L_Test/9/K5/ZTKPS05MTGWZIEJXSNAQ6T.uasset" 4103
"/Game/__ExternalActors__/_MyContent/Levels/L_Test/9/N4/WYEQXT2WHQJN5J4GFP93N7" 4104
"../../../../../UE BACKUP/BIBOP/BIBOP_2-6_UE/BIBOP_2-6_UE/Content/__ExternalActors__/_MyContent/Levels/L_Test/9/N4/WYEQXT2WHQJN5J4GFP93N7.uasset" 4105
"/Game/__ExternalActors__/_MyContent/Levels/L_Test/9/T4/ZU01G40W85B8THOW3DU9MZ" 4106
"../../../../../UE BACKUP/BIBOP/BIBOP_2-6_UE/BIBOP_2-6_UE/Content/__ExternalActors__/_MyContent/Levels/L_Test/9/T4/ZU01G40W85B8THOW3DU9MZ.uasset" 4107
"/Game/__ExternalActors__/_MyContent/Levels/L_Test/A/0X/9Y3K1XHOSFALXBHCUBY8CC" 4108
"../../../../../UE BACKUP/BIBOP/BIBOP_2-6_UE/BIBOP_2-6_UE/Content/__ExternalActors__/_MyContent/Levels/L_Test/A/0X/9Y3K1XHOSFALXBHCUBY8CC.uasset" 4109
"/Game/__ExternalActors__/_MyContent/Levels/L_Test/A/4U/SQCX3IDYLXYJ2U5H19U52I" 4110
"../../../../../UE BACKUP/BIBOP/BIBOP_2-6_UE/BIBOP_2-6_UE/Content/__ExternalActors__/_MyContent/Levels/L_Test/A/4U/SQCX3IDYLXYJ2U5H19U52I.uasset" 4111
"/Game/__ExternalActors__/_MyContent/Levels/L_Test/A/51/I0CWF3P8PQGBRONU12DWF3" 4112
"../../../../../UE BACKUP/BIBOP/BIBOP_2-6_UE/BIBOP_2-6_UE/Content/__ExternalActors__/_MyContent/Levels/L_Test/A/51/I0CWF3P8PQGBRONU12DWF3.uasset" 4113
"/Game/__ExternalActors__/_MyContent/Levels/L_Test/A/E2/W3P6S3TLPYBNIL4ZBRZJFP" 4114
"../../../../../UE BACKUP/BIBOP/BIBOP_2-6_UE/BIBOP_2-6_UE/Content/__ExternalActors__/_MyContent/Levels/L_Test/A/E2/W3P6S3TLPYBNIL4ZBRZJFP.uasset" 4115
"/Game/__ExternalActors__/_MyContent/Levels/L_Test/A/F7/39HWXIAM6FBJ484S6VKQ2V" 4116
"../../../../../UE BACKUP/BIBOP/BIBOP_2-6_UE/BIBOP_2-6_UE/Content/__ExternalActors__/_MyContent/Levels/L_Test/A/F7/39HWXIAM6FBJ484S6VKQ2V.uasset" 4117
"/Game/__ExternalActors__/_MyContent/Levels/L_Test/A/HR/9979BIY5I9AIYBF78ETMYE" 4118
"../../../../../UE BACKUP/BIBOP/BIBOP_2-6_UE/BIBOP_2-6_UE/Content/__ExternalActors__/_MyContent/Levels/L_Test/A/HR/9979BIY5I9AIYBF78ETMYE.uasset" 4119
"/Game/__ExternalActors__/_MyContent/Levels/L_Test/A/L5/FRL6PWSMQ6CA3B6NVHW2E8" 4120
"../../../../../UE BACKUP/BIBOP/BIBOP_2-6_UE/BIBOP_2-6_UE/Content/__ExternalActors__/_MyContent/Levels/L_Test/A/L5/FRL6PWSMQ6CA3B6NVHW2E8.uasset" 4121
"/Game/__ExternalActors__/_MyContent/Levels/L_Test/A/O1/KWM47FMMY19MJDVK9V14IV" 4122
"../../../../../UE BACKUP/BIBOP/BIBOP_2-6_UE/BIBOP_2-6_UE/Content/__ExternalActors__/_MyContent/Levels/L_Test/A/O1/KWM47FMMY19MJDVK9V14IV.uasset" 4123
"/Game/__ExternalActors__/_MyContent/Levels/L_Test/A/P1/UF6CW04X4XN4W09Y6UV5RY" 4124
"../../../../../UE BACKUP/BIBOP/BIBOP_2-6_UE/BIBOP_2-6_UE/Content/__ExternalActors__/_MyContent/Levels/L_Test/A/P1/UF6CW04X4XN4W09Y6UV5RY.uasset" 4125
"/Game/__ExternalActors__/_MyContent/Levels/L_Test/A/PX/HE14IL63E8QXTVML18VNPQ" 4126
"../../../../../UE BACKUP/BIBOP/BIBOP_2-6_UE/BIBOP_2-6_UE/Content/__ExternalActors__/_MyContent/Levels/L_Test/A/PX/HE14IL63E8QXTVML18VNPQ.uasset" 4127
"/Game/__ExternalActors__/_MyContent/Levels/L_Test/B/68/FDI573VW8ROHBIAVXCRGLS" 4128
"../../../../../UE BACKUP/BIBOP/BIBOP_2-6_UE/BIBOP_2-6_UE/Content/__ExternalActors__/_MyContent/Levels/L_Test/B/68/FDI573VW8ROHBIAVXCRGLS.uasset" 4129
"../../../../../UE BACKUP/BIBOP/BIBOP_2-6_UE/BIBOP_2-6_UE/Content/_MyContent/Textures/M_Mars_2.uasset" 4130
"/Game/__ExternalActors__/_MyContent/Levels/L_Test/B/D5/XE8NT51EAJSYCIO6R0ZKB7" 4131
"../../../../../UE BACKUP/BIBOP/BIBOP_2-6_UE/BIBOP_2-6_UE/Content/__ExternalActors__/_MyContent/Levels/L_Test/B/D5/XE8NT51EAJSYCIO6R0ZKB7.uasset" 4132
"/Game/__ExternalActors__/_MyContent/Levels/L_Test/B/EE/0H47PCIS49ZUQQTXAXDENN" 4133
"../../../../../UE BACKUP/BIBOP/BIBOP_2-6_UE/BIBOP_2-6_UE/Content/__ExternalActors__/_MyContent/Levels/L_Test/B/EE/0H47PCIS49ZUQQTXAXDENN.uasset" 4134
"/Game/__ExternalActors__/_MyContent/Levels/L_Test/B/EQ/THZLRF8ZXCVUQBURFVGH2C" 4135
"../../../../../UE BACKUP/BIBOP/BIBOP_2-6_UE/BIBOP_2-6_UE/Content/__ExternalActors__/_MyContent/Levels/L_Test/B/EQ/THZLRF8ZXCVUQBURFVGH2C.uasset" 4136
"/Game/__ExternalActors__/_MyContent/Levels/L_Test/B/GB/L9GI1CYS7R787HNZFSW4HL" 4137
"../../../../../UE BACKUP/BIBOP/BIBOP_2-6_UE/BIBOP_2-6_UE/Content/__ExternalActors__/_MyContent/Levels/L_Test/B/GB/L9GI1CYS7R787HNZFSW4HL.uasset" 4138
"/Game/__ExternalActors__/_MyContent/Levels/L_Test/B/GU/2ZMGM1R8O881EWENUQ3G8E" 4139
"../../../../../UE BACKUP/BIBOP/BIBOP_2-6_UE/BIBOP_2-6_UE/Content/__ExternalActors__/_MyContent/Levels/L_Test/B/GU/2ZMGM1R8O881EWENUQ3G8E.uasset" 4140
"/Game/__ExternalActors__/_MyContent/Levels/L_Test/B/T1/5UN68DJFOGYY0P2OSGARZG" 4141
"../../../../../UE BACKUP/BIBOP/BIBOP_2-6_UE/BIBOP_2-6_UE/Content/__ExternalActors__/_MyContent/Levels/L_Test/B/T1/5UN68DJFOGYY0P2OSGARZG.uasset" 4142
"/Game/__ExternalActors__/_MyContent/Levels/L_Test/C/1W/3NJB3LVQOF3PS5PMVCF0PB" 4143
"../../../../../UE BACKUP/BIBOP/BIBOP_2-6_UE/BIBOP_2-6_UE/Content/__ExternalActors__/_MyContent/Levels/L_Test/C/1W/3NJB3LVQOF3PS5PMVCF0PB.uasset" 4144
"/Game/__ExternalActors__/_MyContent/Levels/L_Test/C/4V/48VW21PU543CB4B0T11P17" 4145
"../../../../../UE BACKUP/BIBOP/BIBOP_2-6_UE/BIBOP_2-6_UE/Content/__ExternalActors__/_MyContent/Levels/L_Test/C/4V/48VW21PU543CB4B0T11P17.uasset" 4146
"/Game/__ExternalActors__/_MyContent/Levels/L_Test/C/6L/ZI5NZZAV98US4DAIK3FLHD" 4147
"../../../../../UE BACKUP/BIBOP/BIBOP_2-6_UE/BIBOP_2-6_UE/Content/__ExternalActors__/_MyContent/Levels/L_Test/C/6L/ZI5NZZAV98US4DAIK3FLHD.uasset" 4148
"/Game/__ExternalActors__/_MyContent/Levels/L_Test/C/8K/F5RZ8IP37NTS4UAVJRIPBC" 4149
"../../../../../UE BACKUP/BIBOP/BIBOP_2-6_UE/BIBOP_2-6_UE/Content/__ExternalActors__/_MyContent/Levels/L_Test/C/8K/F5RZ8IP37NTS4UAVJRIPBC.uasset" 4150
"/Game/__ExternalActors__/_MyContent/Levels/L_Test/C/97/T6JLN6JZOK2WSZD5JVEDJ4" 4151
"../../../../../UE BACKUP/BIBOP/BIBOP_2-6_UE/BIBOP_2-6_UE/Content/__ExternalActors__/_MyContent/Levels/L_Test/C/97/T6JLN6JZOK2WSZD5JVEDJ4.uasset" 4152
"/Game/__ExternalActors__/_MyContent/Levels/L_Test/C/EP/T9CV8JCRZTTWL3YOTA5P81" 4153
"../../../../../UE BACKUP/BIBOP/BIBOP_2-6_UE/BIBOP_2-6_UE/Content/__ExternalActors__/_MyContent/Levels/L_Test/C/EP/T9CV8JCRZTTWL3YOTA5P81.uasset" 4154
"/Game/__ExternalActors__/_MyContent/Levels/L_Test/C/EY/YBZIAKOEZS4NAEPPCDC5DL" 4155
"../../../../../UE BACKUP/BIBOP/BIBOP_2-6_UE/BIBOP_2-6_UE/Content/__ExternalActors__/_MyContent/Levels/L_Test/C/EY/YBZIAKOEZS4NAEPPCDC5DL.uasset" 4156
"/Game/__ExternalActors__/_MyContent/Levels/L_Test/C/FE/XYVXHBZC8LMZYLFW51QYFZ" 4157
"../../../../../UE BACKUP/BIBOP/BIBOP_2-6_UE/BIBOP_2-6_UE/Content/__ExternalActors__/_MyContent/Levels/L_Test/C/FE/XYVXHBZC8LMZYLFW51QYFZ.uasset" 4158
"/Game/__ExternalActors__/_MyContent/Levels/L_Test/C/JI/VE7LO1RJW990RMKU2U92K1" 4159
"../../../../../UE BACKUP/BIBOP/BIBOP_2-6_UE/BIBOP_2-6_UE/Content/__ExternalActors__/_MyContent/Levels/L_Test/C/JI/VE7LO1RJW990RMKU2U92K1.uasset" 4160
"/Game/__ExternalActors__/_MyContent/Levels/L_Test/C/MB/DIX0EFMHMKAQ2I7BRNL5MS" 4161
"../../../../../UE BACKUP/BIBOP/BIBOP_2-6_UE/BIBOP_2-6_UE/Content/__ExternalActors__/_MyContent/Levels/L_Test/C/MB/DIX0EFMHMKAQ2I7BRNL5MS.uasset" 4162
"/Game/__ExternalActors__/_MyContent/Levels/L_Test/C/RE/X9KOD1NH4N50BZJXX51F9Z" 4163
"../../../../../UE BACKUP/BIBOP/BIBOP_2-6_UE/BIBOP_2-6_UE/Content/__ExternalActors__/_MyContent/Levels/L_Test/C/RE/X9KOD1NH4N50BZJXX51F9Z.uasset" 4164
"/Game/__ExternalActors__/_MyContent/Levels/L_Test/C/TZ/NFBUXOPNB68L4P5OLJZH28" 4165
"../../../../../UE BACKUP/BIBOP/BIBOP_2-6_UE/BIBOP_2-6_UE/Content/__ExternalActors__/_MyContent/Levels/L_Test/C/TZ/NFBUXOPNB68L4P5OLJZH28.uasset" 4166
"/Game/__ExternalActors__/_MyContent/Levels/L_Test/D/0Z/K01IK21ZG2OJS4C9E7R5W2" 4167
"../../../../../UE BACKUP/BIBOP/BIBOP_2-6_UE/BIBOP_2-6_UE/Content/__ExternalActors__/_MyContent/Levels/L_Test/D/0Z/K01IK21ZG2OJS4C9E7R5W2.uasset" 4168
"/Game/__ExternalActors__/_MyContent/Levels/L_Test/D/1Q/G915470PVX5J06BFDBI5HT" 4169
"../../../../../UE BACKUP/BIBOP/BIBOP_2-6_UE/BIBOP_2-6_UE/Content/__ExternalActors__/_MyContent/Levels/L_Test/D/1Q/G915470PVX5J06BFDBI5HT.uasset" 4170
"/Game/__ExternalActors__/_MyContent/Levels/L_Test/D/69/XJJPXATD0IN4ANZWXL2VE7" 4171
"../../../../../UE BACKUP/BIBOP/BIBOP_2-6_UE/BIBOP_2-6_UE/Content/__ExternalActors__/_MyContent/Levels/L_Test/D/69/XJJPXATD0IN4ANZWXL2VE7.uasset" 4172
"/Game/__ExternalActors__/_MyContent/Levels/L_Test/D/8U/D1NQVUS65NDMET87OJWY4D" 4173
"../../../../../UE BACKUP/BIBOP/BIBOP_2-6_UE/BIBOP_2-6_UE/Content/__ExternalActors__/_MyContent/Levels/L_Test/D/8U/D1NQVUS65NDMET87OJWY4D.uasset" 4174
"/Game/__ExternalActors__/_MyContent/Levels/L_Test/D/CK/V5TTYSADJKTDAGKG31B61R" 4175
"../../../../../UE BACKUP/BIBOP/BIBOP_2-6_UE/BIBOP_2-6_UE/Content/__ExternalActors__/_MyContent/Levels/L_Test/D/CK/V5TTYSADJKTDAGKG31B61R.uasset" 4176
"/Game/__ExternalActors__/_MyContent/Levels/L_Test/D/MX/IW928Y2I4EPWHQN2I6YM4V" 4177
"../../../../../UE BACKUP/BIBOP/BIBOP_2-6_UE/BIBOP_2-6_UE/Content/__ExternalActors__/_MyContent/Levels/L_Test/D/MX/IW928Y2I4EPWHQN2I6YM4V.uasset" 4178
"/Game/__ExternalActors__/_MyContent/Levels/L_Test/D/QZ/PEPS01M9YMHOCW5YY7GVMT" 4179
"../../../../../UE BACKUP/BIBOP/BIBOP_2-6_UE/BIBOP_2-6_UE/Content/__ExternalActors__/_MyContent/Levels/L_Test/D/QZ/PEPS01M9YMHOCW5YY7GVMT.uasset" 4180
"/Game/__ExternalActors__/_MyContent/Levels/L_Test/D/TA/RYKV87DDBLUCY55NCUJEUM" 4181
"../../../../../UE BACKUP/BIBOP/BIBOP_2-6_UE/BIBOP_2-6_UE/Content/__ExternalActors__/_MyContent/Levels/L_Test/D/TA/RYKV87DDBLUCY55NCUJEUM.uasset" 4182
"/Game/__ExternalActors__/_MyContent/Levels/L_Test/D/TE/JQZISYS4ZNOB0737O0NUGW" 4183
"../../../../../UE BACKUP/BIBOP/BIBOP_2-6_UE/BIBOP_2-6_UE/Content/__ExternalActors__/_MyContent/Levels/L_Test/D/TE/JQZISYS4ZNOB0737O0NUGW.uasset" 4184
"/Game/__ExternalActors__/_MyContent/Levels/L_Test/D/YJ/CPG3F8TJ6TDNTPJFIIYUUL" 4185
"../../../../../UE BACKUP/BIBOP/BIBOP_2-6_UE/BIBOP_2-6_UE/Content/__ExternalActors__/_MyContent/Levels/L_Test/D/YJ/CPG3F8TJ6TDNTPJFIIYUUL.uasset" 4186
"/Game/__ExternalActors__/_MyContent/Levels/L_Test/E/08/V3AF7DAFDMPAP6SGF1LKQD" 4187
"../../../../../UE BACKUP/BIBOP/BIBOP_2-6_UE/BIBOP_2-6_UE/Content/__ExternalActors__/_MyContent/Levels/L_Test/E/08/V3AF7DAFDMPAP6SGF1LKQD.uasset" 4188
"/Game/__ExternalActors__/_MyContent/Levels/L_Test/E/0X/GKOBFEWCZWE3NLUTYPPP10" 4189
"../../../../../UE BACKUP/BIBOP/BIBOP_2-6_UE/BIBOP_2-6_UE/Content/__ExternalActors__/_MyContent/Levels/L_Test/E/0X/GKOBFEWCZWE3NLUTYPPP10.uasset" 4190
"/Game/__ExternalActors__/_MyContent/Levels/L_Test/E/5F/DDGMWQX04RO1QK2HBJ2CAG" 4191
"../../../../../UE BACKUP/BIBOP/BIBOP_2-6_UE/BIBOP_2-6_UE/Content/__ExternalActors__/_MyContent/Levels/L_Test/E/5F/DDGMWQX04RO1QK2HBJ2CAG.uasset" 4192
"/Game/__ExternalActors__/_MyContent/Levels/L_Test/E/5H/MB6N5WFNRHAAC7KFEA3QLL" 4193
"../../../../../UE BACKUP/BIBOP/BIBOP_2-6_UE/BIBOP_2-6_UE/Content/__ExternalActors__/_MyContent/Levels/L_Test/E/5H/MB6N5WFNRHAAC7KFEA3QLL.uasset" 4194
"/Game/__ExternalActors__/_MyContent/Levels/L_Test/E/AF/QMI6CMQ6RRYCCKZBOE825K" 4195
"../../../../../UE BACKUP/BIBOP/BIBOP_2-6_UE/BIBOP_2-6_UE/Content/__ExternalActors__/_MyContent/Levels/L_Test/E/AF/QMI6CMQ6RRYCCKZBOE825K.uasset" 4196
"/Game/__ExternalActors__/_MyContent/Levels/L_Test/E/BI/HEU88QX1VWDBL81T8IAY46" 4197
"../../../../../UE BACKUP/BIBOP/BIBOP_2-6_UE/BIBOP_2-6_UE/Content/__ExternalActors__/_MyContent/Levels/L_Test/E/BI/HEU88QX1VWDBL81T8IAY46.uasset" 4198
"/Game/__ExternalActors__/_MyContent/Levels/L_Test/E/JI/M1OBQ6WWEODP88ZYFHDE1C" 4199
"../../../../../UE BACKUP/BIBOP/BIBOP_2-6_UE/BIBOP_2-6_UE/Content/__ExternalActors__/_MyContent/Levels/L_Test/E/JI/M1OBQ6WWEODP88ZYFHDE1C.uasset" 4200
"/Game/__ExternalActors__/_MyContent/Levels/L_Test/E/V0/X6OU0IP4IGYDEZA2LHUDO5" 4201
"../../../../../UE BACKUP/BIBOP/BIBOP_2-6_UE/BIBOP_2-6_UE/Content/__ExternalActors__/_MyContent/Levels/L_Test/E/V0/X6OU0IP4IGYDEZA2LHUDO5.uasset" 4202
"/Game/__ExternalActors__/_MyContent/Levels/L_Test/E/VU/N7EM3G57IEY7SBTOMAGWMO" 4203
"../../../../../UE BACKUP/BIBOP/BIBOP_2-6_UE/BIBOP_2-6_UE/Content/__ExternalActors__/_MyContent/Levels/L_Test/E/VU/N7EM3G57IEY7SBTOMAGWMO.uasset" 4204
"/Game/__ExternalActors__/_MyContent/Levels/L_Test/F/1V/KUL3TTPXFTQXHZOK8RGXNJ" 4205
"../../../../../UE BACKUP/BIBOP/BIBOP_2-6_UE/BIBOP_2-6_UE/Content/__ExternalActors__/_MyContent/Levels/L_Test/F/1V/KUL3TTPXFTQXHZOK8RGXNJ.uasset" 4206
"/Engine/EditorResources/EmptyActor" 4207
"../../../Engine/Content/EditorResources/EmptyActor.uasset" 4208
"/Engine/EditorResources/S_Thruster" 4209
"../../../Engine/Content/EditorResources/S_Thruster.uasset" 4210
"/Game/_MyContent/Levels/L_Test" 4211
"../../../../../UE BACKUP/BIBOP/BIBOP_2-6_UE/BIBOP_2-6_UE/Content/__ExternalActors__/_MyContent/Levels/L_Test/2/8V/7PTB87QE08A91BP1Z6EEMR.uasset" 4212
"../../../Engine/Plugins/Interchange/Assets/Shaders/ThinFilmFunctions.usf" 4213
"/Engine/EngineSounds/Submixes/MasterSubmixDefault" 4214
"/Engine/EngineSounds/Submixes/MasterReverbSubmixDefault" 4215
"/InterchangeAssets/gltf/MaterialBodies/MF_ClearCoat_Body" 4216
"/InterchangeAssets/gltf/MaterialFunctions/MF_Clearcoat" 4217
"/InterchangeAssets/gltf/MaterialFunctions/MF_Normals" 4218
"/InterchangeAssets/gltf/MaterialBodies/MF_Default_Body" 4219
"/InterchangeAssets/gltf/MaterialInstances/MI_Transmission_DS" 4220
"/InterchangeAssets/gltf/MaterialInstances/MI_Transmission" 4221
"/InterchangeAssets/gltf/MaterialInstances/MI_Sheen_Blend_DS" 4222
"/InterchangeAssets/gltf/MaterialInstances/MI_Sheen_Mask_DS" 4223
"/InterchangeAssets/gltf/MaterialInstances/MI_Sheen_Opaque_DS" 4224
"/InterchangeAssets/gltf/MaterialInstances/MI_Sheen_Blend" 4225
"/InterchangeAssets/gltf/MaterialInstances/MI_Sheen_Mask" 4226
"/InterchangeAssets/gltf/MaterialInstances/MI_Sheen_Opaque" 4227
"/InterchangeAssets/gltf/MaterialInstances/MI_Default_Blend_DS" 4228
"/InterchangeAssets/gltf/MaterialInstances/MI_Default_Mask_DS" 4229
"/InterchangeAssets/gltf/MaterialInstances/MI_Default_Opaque_DS" 4230
"/InterchangeAssets/gltf/MaterialInstances/MI_Default_Blend" 4231
"/InterchangeAssets/gltf/MaterialInstances/MI_Default_Mask" 4232
"../../../Engine/Plugins/Interchange/Assets/Content/gltf/MaterialInstances/MI_SpecularGlossiness_Opaque_DS.uasset" 4233
"../../../Engine/Plugins/Interchange/Assets/Content/gltf/MaterialInstances/MI_SpecularGlossiness_Blend_DS.uasset" 4234
"../../../Engine/Plugins/Interchange/Assets/Content/gltf/M_Unlit.uasset" 4235
"../../../Engine/Plugins/Interchange/Assets/Content/gltf/MaterialInstances/MI_Unlit_Mask_DS.uasset" 4236
"../../../Engine/Plugins/Interchange/Assets/Content/gltf/MaterialInstances/MI_Unlit_Blend.uasset" 4237
"../../../Engine/Plugins/Interchange/Assets/Content/gltf/MaterialInstances/MI_Unlit_Opaque_DS.uasset" 4238
"../../../Engine/Plugins/Interchange/Assets/Content/gltf/MaterialInstances/MI_Unlit_Blend_DS.uasset" 4239
"../../../Engine/Plugins/Interchange/Assets/Content/gltf/MaterialInstances/MI_SpecularGlossiness_Mask_DS.uasset" 4240
"D:/UNREAL ENGINE/UE BACKUP/BIBOP/BIBOP_2-6_UE/BIBOP_2-6_UE/Content/Blueprints/UI/WB_MenuButton.uasset" 4241
"D:/UNREAL ENGINE/UE BACKUP/BIBOP/BIBOP_2-6_UE/BIBOP_2-6_UE/Content/Blueprints/UI/WB_Menu.uasset" 4242
"../../../Engine/Content/EngineResources/AICON-Red.uasset" 4243
"../../../Engine/Plugins/Interchange/Assets/Content/gltf/MaterialInstances/MI_Unlit_Mask.uasset" 4244
"D:/UNREAL ENGINE/UE BACKUP/BIBOP/BIBOP_2-6_UE/BIBOP_2-6_UE/Content/_MyContent/Levels/L_Menu.umap" 4245
"../../../Engine/Content/Functions/Engine_MaterialFunctions01/Volumetrics/BeersLaw.uasset" 4246
"../../../Engine/Content/Functions/Substrate/MF_SchlickInternal.uasset" 4247
"../../../Engine/Plugins/Interchange/Assets/Content/Functions/MX_Transmission.uasset" 4248
"../../../Engine/Content/EngineMaterials/Substrate/Glints2/dict_0000_0020.uasset" 4249
"../../../Engine/Plugins/Interchange/Assets/Content/Functions/MX_StandardSurface.uasset" 4250
"../../../Engine/Plugins/Interchange/Assets/Content/Functions/MX_OpenPBR_Translucent.uasset" 4251
"../../../Engine/Plugins/Animation/ControlRig/Content/Controls/ControlRig_Sphere_solid.uasset" 4252
"../../../Engine/Plugins/Interchange/Assets/Content/Functions/MX_TransmissionSurface.uasset" 4253
"../../../Engine/Plugins/Interchange/Assets/Content/Functions/MF_OrenNayerView.uasset" 4254
"../../../Engine/Plugins/Interchange/Assets/Content/Functions/MX_OpenPBR_Opaque.uasset" 4255
"../../../Engine/Plugins/Interchange/Assets/Content/gltf/MaterialBodies/MF_Unlit_Body.uasset" 4256
"../../../Engine/Plugins/Interchange/Assets/Content/gltf/MaterialInstances/MI_Unlit_Opaque.uasset" 4257
"/InterchangeAssets/gltf/MaterialInstances/MI_SpecularGlossiness_Blend" 4258
"/InterchangeAssets/gltf/MaterialInstances/MI_SpecularGlossiness_Mask" 4259
"/InterchangeAssets/gltf/MaterialInstances/MI_SpecularGlossiness_Opaque" 4260
"../../../Engine/Plugins/Animation/ControlRig/Content/Controls/ControlRig_Arrow2_1mm.uasset" 4261
"../../../Engine/Plugins/Animation/ControlRig/Content/Controls/ControlRig_Arrow2_3mm.uasset" 4262
"/ControlRig/Controls/ControlRig_Sphere_solid" 4263
"../../../Engine/Plugins/Animation/ControlRig/Content/Controls/ControlRig_Arrow2_solid.uasset" 4264
"../../../Engine/Plugins/Animation/ControlRig/Content/Controls/ControlRig_Arrow4_1mm.uasset" 4265
"../../../Engine/Plugins/Animation/ControlRig/Content/Controls/ControlRig_Arrow4_3mm.uasset" 4266
"../../../Engine/Plugins/Animation/ControlRig/Content/Controls/ControlRig_Arrow4_solid.uasset" 4267
"../../../Engine/Plugins/Animation/ControlRig/Content/Controls/ControlRig_Arrow_1mm.uasset" 4268
"/InterchangeAssets/Functions/MX_OpenPBR_Opaque" 4269
"/InterchangeAssets/Functions/MX_OpenPBR_Translucent" 4270
"/Game/_MyContent/Levels/L_Menu" 4271
"../../../../../UE BACKUP/BIBOP/BIBOP_2-6_UE/BIBOP_2-6_UE/Content/_MyContent/Levels/L_Menu.umap" 4272
"/InterchangeAssets/gltf/MaterialInstances/MI_Unlit_Blend_DS" 4273
"/InterchangeAssets/gltf/MaterialInstances/MI_Unlit_Mask_DS" 4274
"/InterchangeAssets/gltf/MaterialInstances/MI_Unlit_Opaque_DS" 4275
"/InterchangeAssets/gltf/MaterialInstances/MI_Unlit_Blend" 4276
"/InterchangeAssets/gltf/MaterialInstances/MI_Unlit_Mask" 4277
"/InterchangeAssets/gltf/MaterialInstances/MI_Unlit_Opaque" 4278
"/InterchangeAssets/gltf/MaterialInstances/MI_SpecularGlossiness_Blend_DS" 4279
"/InterchangeAssets/gltf/MaterialInstances/MI_SpecularGlossiness_Mask_DS" 4280
"/InterchangeAssets/gltf/MaterialInstances/MI_SpecularGlossiness_Opaque_DS" 4281
"../../../Engine/Plugins/Animation/ControlRig/Content/Controls/ControlRig_Arrow_3mm.uasset" 4282
"../../../Engine/Plugins/Animation/ControlRig/Content/Controls/ControlRig_Arrow_solid.uasset" 4283
"../../../Engine/Plugins/Animation/ControlRig/Content/Controls/ControlRig_Circle_1mm.uasset" 4284
"../../../Engine/Plugins/Animation/ControlRig/Content/Controls/ControlRig_Box_solid.uasset" 4285
"../../../Engine/Plugins/Animation/ControlRig/Content/Controls/ControlRig_Circle_solid.uasset" 4286
"../../../Engine/Plugins/Animation/ControlRig/Content/Controls/ControlRig_Diamond_1mm.uasset" 4287
"/ControlRig/Controls/ControlRig_Arrow_1mm" 4288
"../../../Engine/Plugins/Animation/ControlRig/Content/Controls/ControlRig_Diamond_3mm.uasset" 4289
"../../../Engine/Plugins/Animation/ControlRig/Content/Controls/ControlRig_Box_1mm.uasset" 4290
"../../../Engine/Plugins/Animation/ControlRig/Content/Controls/ControlRig_Hexagon_1mm.uasset" 4291
"../../../Engine/Plugins/Animation/ControlRig/Content/Controls/ControlRig_HalfCircle_3mm.uasset" 4292
"../../../Engine/Plugins/Animation/ControlRig/Content/Controls/ControlRig_Diamond_solid.uasset" 4293
"../../../Engine/Plugins/Animation/ControlRig/Content/Controls/ControlRig_Hexagon_3mm.uasset" 4294
"../../../Engine/Plugins/Animation/ControlRig/Content/Controls/ControlRig_Box_3mm.uasset" 4295
"../../../Engine/Plugins/Animation/ControlRig/Content/Controls/ControlRig_Hexagon_solid.uasset" 4296
"../../../Engine/Plugins/Animation/ControlRig/Content/Controls/ControlRig_Octagon_1mm.uasset" 4297
"../../../Engine/Plugins/Animation/ControlRig/Content/Controls/ControlRig_Octagon_3mm.uasset" 4298
"../../../Engine/Plugins/Animation/ControlRig/Content/Controls/ControlRig_Octagon_solid.uasset" 4299
"../../../Engine/Plugins/Animation/ControlRig/Content/Controls/ControlRig_Pyramid_1mm.uasset" 4300
"../../../Engine/Plugins/Animation/ControlRig/Content/Controls/ControlRig_QuarterCircle_3mm.uasset" 4301
"../../../Engine/Plugins/Animation/ControlRig/Content/Controls/ControlRig_Pyramid_3mm.uasset" 4302
"../../../Engine/Plugins/Animation/ControlRig/Content/Controls/ControlRig_QuarterCircle_1mm.uasset" 4303
"../../../Engine/Plugins/Animation/ControlRig/Content/Controls/ControlRig_HalfCircle_solid.uasset" 4304
"../../../Engine/Plugins/Animation/ControlRig/Content/Controls/ControlRig_HalfCircle_1mm.uasset" 4305
"../../../Engine/Plugins/Animation/ControlRig/Content/Controls/ControlRig_Pyramid_solid.uasset" 4306
"../../../Engine/Plugins/Animation/ControlRig/Content/Controls/ControlRig_Circle_3mm.uasset" 4307
"/ControlRig/Controls/ControlRig_Arrow4_solid" 4308
"/ControlRig/Controls/ControlRig_Arrow4_3mm" 4309
"/ControlRig/Controls/ControlRig_Arrow4_1mm" 4310
"/ControlRig/Controls/ControlRig_Arrow2_solid" 4311
"/ControlRig/Controls/ControlRig_Arrow2_3mm" 4312
"/ControlRig/Controls/ControlRig_Arrow2_1mm" 4313
"../../../Engine/Plugins/Animation/ControlRig/Content/Controls/ControlRig_QuarterCircle_solid.uasset" 4314
"../../../Engine/Plugins/Animation/ControlRig/Content/Controls/ControlRig_RoundedSquare_1mm.uasset" 4315
"../../../Engine/Plugins/Animation/ControlRig/Content/Controls/ControlRig_RoundedSquare_3mm.uasset" 4316
"../../../Engine/Plugins/Animation/ControlRig/Content/Controls/ControlRig_RoundedSquare_solid.uasset" 4317
"../../../Engine/Plugins/Animation/ControlRig/Content/Controls/ControlRig_RoundedTriangle_3mm.uasset" 4318
"../../../Engine/Plugins/Animation/ControlRig/Content/Controls/ControlRig_RoundedTriangle_1mm.uasset" 4319
"../../../Engine/Plugins/Animation/ControlRig/Content/Controls/ControlRig_RoundedTriangle_solid.uasset" 4320
"/ControlRig/Controls/ControlRig_QuarterCircle_3mm" 4321
"/ControlRig/Controls/ControlRig_QuarterCircle_1mm" 4322
"/ControlRig/Controls/ControlRig_Pyramid_solid" 4323
"/ControlRig/Controls/ControlRig_Pyramid_3mm" 4324
"/ControlRig/Controls/ControlRig_Pyramid_1mm" 4325
"/ControlRig/Controls/ControlRig_Octagon_solid" 4326
"/ControlRig/Controls/ControlRig_Octagon_3mm" 4327
"/ControlRig/Controls/ControlRig_Octagon_1mm" 4328
"/ControlRig/Controls/ControlRig_Hexagon_solid" 4329
"/ControlRig/Controls/ControlRig_Hexagon_3mm" 4330
"/ControlRig/Controls/ControlRig_Hexagon_1mm" 4331
"/ControlRig/Controls/ControlRig_HalfCircle_solid" 4332
"/ControlRig/Controls/ControlRig_HalfCircle_3mm" 4333
"/ControlRig/Controls/ControlRig_HalfCircle_1mm" 4334
"/ControlRig/Controls/ControlRig_Diamond_solid" 4335
"/ControlRig/Controls/ControlRig_Diamond_3mm" 4336
"/ControlRig/Controls/ControlRig_Diamond_1mm" 4337
"/ControlRig/Controls/ControlRig_Circle_solid" 4338
"/ControlRig/Controls/ControlRig_Circle_3mm" 4339
"/ControlRig/Controls/ControlRig_Circle_1mm" 4340
"/ControlRig/Controls/ControlRig_Box_solid" 4341
"/ControlRig/Controls/ControlRig_Box_3mm" 4342
"/ControlRig/Controls/ControlRig_Box_1mm" 4343
"/ControlRig/Controls/ControlRig_Arrow_solid" 4344
"/ControlRig/Controls/ControlRig_Arrow_3mm" 4345
"/ControlRig/Controls/ControlRig_RoundedSquare_solid" 4346
"/ControlRig/Controls/ControlRig_RoundedSquare_3mm" 4347
"/ControlRig/Controls/ControlRig_RoundedSquare_1mm" 4348
"/ControlRig/Controls/ControlRig_QuarterCircle_solid" 4349
"/ControlRig/Controls/ControlRig_RoundedTriangle_solid" 4350
"../../../Engine/Plugins/Animation/ControlRig/Content/Controls/ControlRig_Wedge_1mm.uasset" 4351
"../../../Engine/Plugins/Animation/ControlRig/Content/Controls/ControlRig_Triangle_3mm.uasset" 4352
"../../../Engine/Plugins/Animation/ControlRig/Content/Controls/ControlRig_Triangle_1mm.uasset" 4353
"../../../Engine/Plugins/Animation/ControlRig/Content/Controls/ControlRig_Star4_1mm.uasset" 4354
"../../../Engine/Plugins/Animation/ControlRig/Content/Controls/ControlRig_Star4_3mm.uasset" 4355
"../../../Engine/Plugins/Animation/ControlRig/Content/Controls/ControlRig_Star4_solid.uasset" 4356
"../../../Engine/Plugins/Animation/ControlRig/Content/Controls/ControlRig_Square_3mm.uasset" 4357
"../../../Engine/Plugins/Animation/ControlRig/Content/Controls/ControlRig_Square_1mm.uasset" 4358
"../../../Engine/Plugins/Animation/ControlRig/Content/Controls/ControlRig_Wedge_solid.uasset" 4359
"../../../Engine/Plugins/Animation/ControlRig/Content/Controls/ControlRig_Wedge_3mm.uasset" 4360
"../../../Engine/Content/Maps/Entry_BuiltData.uasset" 4361
"../../../Engine/Plugins/Animation/ControlRig/Content/Controls/ControlRig_Sphere_1mm.uasset" 4362
"../../../Engine/Plugins/Animation/ControlRig/Content/Controls/ControlRig_Triangle_solid.uasset" 4363
"../../../Engine/Plugins/Animation/ControlRig/Content/Controls/ControlRig_Sphere_3mm.uasset" 4364
"../../../Engine/Content/Maps/Entry.umap" 4365
"../../../Engine/Plugins/Animation/ControlRig/Content/Controls/ControlRig_Square_solid.uasset" 4366
"/ControlRig/Controls/ControlRig_RoundedTriangle_3mm" 4367
"/ControlRig/Controls/ControlRig_RoundedTriangle_1mm" 4368
"/Engine/Maps/Entry" 4369
"/ControlRig/Controls/ControlRig_Wedge_solid" 4370
"/ControlRig/Controls/ControlRig_Wedge_3mm" 4371
"/ControlRig/Controls/ControlRig_Wedge_1mm" 4372
"/ControlRig/Controls/ControlRig_Triangle_solid" 4373
"/ControlRig/Controls/ControlRig_Triangle_3mm" 4374
"/ControlRig/Controls/ControlRig_Triangle_1mm" 4375
"/ControlRig/Controls/ControlRig_Star4_solid" 4376
"/ControlRig/Controls/ControlRig_Star4_3mm" 4377
"/ControlRig/Controls/ControlRig_Star4_1mm" 4378
"/ControlRig/Controls/ControlRig_Square_solid" 4379
"/ControlRig/Controls/ControlRig_Square_3mm" 4380
"/ControlRig/Controls/ControlRig_Square_1mm" 4381
"/ControlRig/Controls/ControlRig_Sphere_3mm" 4382
"/ControlRig/Controls/ControlRig_Sphere_1mm" 4383
"../../../Engine/Content/EditorMaterials/PreviewShadowIndicator.uasset" 4384
"../../../Engine/Content/EngineMaterials/Substrate/GLints/dict_16_192_64_0p5_0p02_0063_0013.uasset" 4385
"../../../Engine/Content/EngineMaterials/Substrate/GLints/dict_16_192_64_0p5_0p02_0063_0014.uasset" 4386
"../../../Engine/Content/EngineMaterials/Substrate/GLints/dict_16_192_64_0p5_0p02_0063_0011.uasset" 4387
"../../../Engine/Content/EditorMaterials/PreviewShadowIndicatorMaterial.uasset" 4388
"../../../Engine/Content/EngineMaterials/Substrate/GLints/dict_16_192_64_0p5_0p02_0063_0015.uasset" 4389
"../../../Engine/Content/EngineMaterials/Substrate/GLints/dict_16_192_64_0p5_0p02_0063_0012.uasset" 4390
"../../../Engine/Content/EngineMaterials/Substrate/GLints/dict_16_192_64_0p5_0p02_0063_0010.uasset" 4391
"../../../Engine/Content/EngineMaterials/Substrate/GLints/dict_16_192_64_0p5_0p02_0063_0008.uasset" 4392
"../../../Engine/Content/EngineMaterials/Substrate/GLints/dict_16_192_64_0p5_0p02_0063_0009.uasset" 4393
"../../../Engine/Content/EngineMaterials/Substrate/GLints/dict_16_192_64_0p5_0p02_0063_0007.uasset" 4394
"../../../Engine/Content/EngineMaterials/Substrate/GLints/dict_16_192_64_0p5_0p02_0063_0006.uasset" 4395
"../../../Engine/Content/EngineMaterials/Substrate/GLints/dict_16_192_64_0p5_0p02_0063_0005.uasset" 4396
"../../../Engine/Content/EngineMaterials/Substrate/GLints/dict_16_192_64_0p5_0p02_0063_0003.uasset" 4397
"../../../Engine/Content/EngineMaterials/Substrate/GLints/dict_16_192_64_0p5_0p02_0063_0004.uasset" 4398
"../../../Engine/Content/EngineMaterials/Substrate/GLints/dict_16_192_64_0p5_0p02_0063_0002.uasset" 4399
"../../../Engine/Content/EngineMaterials/Substrate/GLints/dict_16_192_64_0p5_0p02_0062_0015.uasset" 4400
"../../../Engine/Content/EngineMaterials/Substrate/GLints/dict_16_192_64_0p5_0p02_0063_0001.uasset" 4401
"../../../Engine/Content/EngineMaterials/Substrate/GLints/dict_16_192_64_0p5_0p02_0063_0000.uasset" 4402
"../../../Engine/Content/EngineMaterials/Substrate/GLints/dict_16_192_64_0p5_0p02_0062_0013.uasset" 4403
"../../../Engine/Content/EngineMaterials/Substrate/GLints/dict_16_192_64_0p5_0p02_0062_0014.uasset" 4404
"../../../Engine/Content/EngineMaterials/Substrate/GLints/dict_16_192_64_0p5_0p02_0062_0010.uasset" 4405
"../../../Engine/Content/EngineMaterials/Substrate/GLints/dict_16_192_64_0p5_0p02_0062_0012.uasset" 4406
"../../../Engine/Content/EngineMaterials/Substrate/GLints/dict_16_192_64_0p5_0p02_0062_0008.uasset" 4407
"../../../Engine/Content/EngineMaterials/Substrate/GLints/dict_16_192_64_0p5_0p02_0062_0007.uasset" 4408
"../../../Engine/Content/EngineMaterials/Substrate/GLints/dict_16_192_64_0p5_0p02_0062_0006.uasset" 4409
"../../../Engine/Content/EngineMaterials/Substrate/GLints/dict_16_192_64_0p5_0p02_0062_0009.uasset" 4410
"../../../Engine/Content/EngineMaterials/Substrate/GLints/dict_16_192_64_0p5_0p02_0062_0005.uasset" 4411
"../../../Engine/Content/EngineMaterials/Substrate/GLints/dict_16_192_64_0p5_0p02_0062_0004.uasset" 4412
"../../../Engine/Content/EngineMaterials/Substrate/GLints/dict_16_192_64_0p5_0p02_0062_0002.uasset" 4413
"../../../Engine/Content/EngineMaterials/Substrate/GLints/dict_16_192_64_0p5_0p02_0062_0003.uasset" 4414
"../../../Engine/Content/EngineMaterials/Substrate/GLints/dict_16_192_64_0p5_0p02_0062_0011.uasset" 4415
"/Engine/EngineMaterials/Substrate/GLints/dict_16_192_64_0p5_0p02_0062_0002" 4416
"/Engine/EngineMaterials/Substrate/GLints/dict_16_192_64_0p5_0p02_0062_0003" 4417
"/Engine/EngineMaterials/Substrate/GLints/dict_16_192_64_0p5_0p02_0062_0004" 4418
"/Engine/EngineMaterials/Substrate/GLints/dict_16_192_64_0p5_0p02_0062_0005" 4419
"/Engine/EngineMaterials/Substrate/GLints/dict_16_192_64_0p5_0p02_0062_0006" 4420
"/Engine/EngineMaterials/Substrate/GLints/dict_16_192_64_0p5_0p02_0062_0007" 4421
"/Engine/EngineMaterials/Substrate/GLints/dict_16_192_64_0p5_0p02_0062_0008" 4422
"/Engine/EngineMaterials/Substrate/GLints/dict_16_192_64_0p5_0p02_0062_0009" 4423
"/Engine/EngineMaterials/Substrate/GLints/dict_16_192_64_0p5_0p02_0062_0010" 4424
"/Engine/EngineMaterials/Substrate/GLints/dict_16_192_64_0p5_0p02_0062_0011" 4425
"/Engine/EngineMaterials/Substrate/GLints/dict_16_192_64_0p5_0p02_0062_0012" 4426
"/Engine/EngineMaterials/Substrate/GLints/dict_16_192_64_0p5_0p02_0062_0013" 4427
"/Engine/EngineMaterials/Substrate/GLints/dict_16_192_64_0p5_0p02_0062_0014" 4428
"/Engine/EngineMaterials/Substrate/GLints/dict_16_192_64_0p5_0p02_0063_0002" 4429
"/Engine/EngineMaterials/Substrate/GLints/dict_16_192_64_0p5_0p02_0063_0003" 4430
"/Engine/EngineMaterials/Substrate/GLints/dict_16_192_64_0p5_0p02_0063_0004" 4431
"/Engine/EngineMaterials/Substrate/GLints/dict_16_192_64_0p5_0p02_0063_0005" 4432
"/Engine/EngineMaterials/Substrate/GLints/dict_16_192_64_0p5_0p02_0063_0006" 4433
"/Engine/EngineMaterials/Substrate/GLints/dict_16_192_64_0p5_0p02_0063_0007" 4434
"/Engine/EngineMaterials/Substrate/GLints/dict_16_192_64_0p5_0p02_0063_0008" 4435
"/Engine/EngineMaterials/Substrate/GLints/dict_16_192_64_0p5_0p02_0063_0009" 4436
"/Engine/EngineMaterials/Substrate/GLints/dict_16_192_64_0p5_0p02_0063_0010" 4437
"/Engine/EngineMaterials/Substrate/GLints/dict_16_192_64_0p5_0p02_0063_0011" 4438
"/Engine/EngineMaterials/Substrate/GLints/dict_16_192_64_0p5_0p02_0063_0012" 4439
"/Engine/EngineMaterials/Substrate/GLints/dict_16_192_64_0p5_0p02_0063_0013" 4440
"/Engine/EngineMaterials/Substrate/GLints/dict_16_192_64_0p5_0p02_0062_0015" 4441
"/Engine/EngineMaterials/Substrate/GLints/dict_16_192_64_0p5_0p02_0063_0000" 4442
"/Engine/EngineMaterials/Substrate/GLints/dict_16_192_64_0p5_0p02_0063_0001" 4443
"/Engine/EngineMaterials/Substrate/GLints/dict_16_192_64_0p5_0p02_0063_0014" 4444
"/Engine/EngineMaterials/Substrate/GLints/dict_16_192_64_0p5_0p02_0063_0015" 4445
"/Engine/EditorMaterials/PreviewShadowIndicatorMaterial" 4446
"../../../Engine/Content/EngineMaterials/Substrate/GLints/dict_16_192_64_0p5_0p02_0062_0001.uasset" 4447
"../../../Engine/Content/EngineMaterials/Substrate/GLints/dict_16_192_64_0p5_0p02_0061_0015.uasset" 4448
"../../../Engine/Content/EngineMaterials/Substrate/GLints/dict_16_192_64_0p5_0p02_0061_0012.uasset" 4449
"../../../Engine/Content/EngineMaterials/Substrate/GLints/dict_16_192_64_0p5_0p02_0061_0013.uasset" 4450
"../../../Engine/Content/EngineMaterials/Substrate/GLints/dict_16_192_64_0p5_0p02_0061_0007.uasset" 4451
"../../../Engine/Content/EngineMaterials/Substrate/GLints/dict_16_192_64_0p5_0p02_0061_0011.uasset" 4452
"../../../Engine/Content/EngineMaterials/Substrate/GLints/dict_16_192_64_0p5_0p02_0061_0014.uasset" 4453
"../../../Engine/Content/EngineMaterials/Substrate/GLints/dict_16_192_64_0p5_0p02_0061_0009.uasset" 4454
"../../../Engine/Content/EngineMaterials/Substrate/GLints/dict_16_192_64_0p5_0p02_0061_0008.uasset" 4455
"../../../Engine/Content/EngineMaterials/Substrate/GLints/dict_16_192_64_0p5_0p02_0061_0003.uasset" 4456
"../../../Engine/Content/EngineMaterials/Substrate/GLints/dict_16_192_64_0p5_0p02_0062_0000.uasset" 4457
"../../../Engine/Content/EngineMaterials/Substrate/GLints/dict_16_192_64_0p5_0p02_0061_0002.uasset" 4458
"../../../Engine/Content/EngineMaterials/Substrate/GLints/dict_16_192_64_0p5_0p02_0061_0005.uasset" 4459
"../../../Engine/Content/EngineMaterials/Substrate/GLints/dict_16_192_64_0p5_0p02_0061_0010.uasset" 4460
"../../../Engine/Content/EngineMaterials/Substrate/GLints/dict_16_192_64_0p5_0p02_0061_0001.uasset" 4461
"../../../Engine/Content/EngineMaterials/Substrate/GLints/dict_16_192_64_0p5_0p02_0061_0000.uasset" 4462
"../../../Engine/Content/EngineMaterials/Substrate/GLints/dict_16_192_64_0p5_0p02_0061_0006.uasset" 4463
"../../../Engine/Content/EngineMaterials/Substrate/GLints/dict_16_192_64_0p5_0p02_0060_0015.uasset" 4464
"../../../Engine/Content/EngineMaterials/Substrate/GLints/dict_16_192_64_0p5_0p02_0060_0014.uasset" 4465
"../../../Engine/Content/EngineMaterials/Substrate/GLints/dict_16_192_64_0p5_0p02_0061_0004.uasset" 4466
"../../../Engine/Content/EngineMaterials/Substrate/GLints/dict_16_192_64_0p5_0p02_0060_0005.uasset" 4467
"../../../Engine/Content/EngineMaterials/Substrate/GLints/dict_16_192_64_0p5_0p02_0060_0004.uasset" 4468
"../../../Engine/Content/EngineMaterials/Substrate/GLints/dict_16_192_64_0p5_0p02_0060_0010.uasset" 4469
"../../../Engine/Content/EngineMaterials/Substrate/GLints/dict_16_192_64_0p5_0p02_0060_0007.uasset" 4470
"../../../Engine/Content/EngineMaterials/Substrate/GLints/dict_16_192_64_0p5_0p02_0060_0006.uasset" 4471
"../../../Engine/Content/EngineMaterials/Substrate/GLints/dict_16_192_64_0p5_0p02_0060_0002.uasset" 4472
"../../../Engine/Content/EngineMaterials/Substrate/GLints/dict_16_192_64_0p5_0p02_0060_0011.uasset" 4473
"../../../Engine/Content/EngineMaterials/Substrate/GLints/dict_16_192_64_0p5_0p02_0060_0003.uasset" 4474
"../../../Engine/Content/EngineMaterials/Substrate/GLints/dict_16_192_64_0p5_0p02_0060_0013.uasset" 4475
"../../../Engine/Content/EngineMaterials/Substrate/GLints/dict_16_192_64_0p5_0p02_0060_0009.uasset" 4476
"../../../Engine/Content/EngineMaterials/Substrate/GLints/dict_16_192_64_0p5_0p02_0060_0008.uasset" 4477
"../../../Engine/Content/EngineMaterials/Substrate/GLints/dict_16_192_64_0p5_0p02_0060_0012.uasset" 4478
"../../../Engine/Plugins/Animation/DeformerGraph/Shaders/Private/DataInterfaceCustomComputeKernel.ush" 4479
"../../../Engine/Plugins/Animation/DeformerGraph/Shaders/Private/DataInterfaceCloth.ush" 4480
"../../../Engine/Plugins/Animation/DeformerGraph/Shaders/Private/DataInterfaceSkinnedMeshRead.ush" 4481
"../../../Engine/Plugins/Animation/DeformerGraph/Shaders/Private/DataInterfaceSkeleton.ush" 4482
"../../../Engine/Plugins/Animation/DeformerGraph/Shaders/Private/DataInterfaceSkeletonCommon.ush" 4483
"../../../Engine/Plugins/Animation/DeformerGraph/Shaders/Private/DataInterfaceMorphTarget.ush" 4484
"../../../Engine/Plugins/Animation/DeformerGraph/Shaders/Private/DataInterfaceSkinnedMeshWrite.ush" 4485
"../../../Engine/Plugins/Animation/DeformerGraph/Shaders/Private/DataInterfaceRawBuffer.ush" 4486
"../../../Engine/Plugins/Runtime/ComputeFramework/Shaders/Private/BufferAlias.ush" 4487
"../../../Engine/Plugins/Animation/DeformerGraph/Shaders/Private/DataInterfaceSkinnedMesh.ush" 4488
"../../../Engine/Plugins/Animation/DeformerGraph/Shaders/Private/DataInterfaceHalfEdge.ush" 4489
"/Engine/EngineMaterials/Substrate/GLints/dict_16_192_64_0p5_0p02_0062_0001" 4490
"../../../Engine/Content/EngineMaterials/Substrate/GLints/dict_16_192_64_0p5_0p02_0060_0001.uasset" 4491
"/Engine/EngineMaterials/Substrate/GLints/dict_16_192_64_0p5_0p02_0060_0002" 4492
"/Engine/EngineMaterials/Substrate/GLints/dict_16_192_64_0p5_0p02_0060_0003" 4493
"/Engine/EngineMaterials/Substrate/GLints/dict_16_192_64_0p5_0p02_0060_0004" 4494
"/Engine/EngineMaterials/Substrate/GLints/dict_16_192_64_0p5_0p02_0060_0005" 4495
"/Engine/EngineMaterials/Substrate/GLints/dict_16_192_64_0p5_0p02_0060_0006" 4496
"/Engine/EngineMaterials/Substrate/GLints/dict_16_192_64_0p5_0p02_0060_0007" 4497
"/Engine/EngineMaterials/Substrate/GLints/dict_16_192_64_0p5_0p02_0060_0008" 4498
"/Engine/EngineMaterials/Substrate/GLints/dict_16_192_64_0p5_0p02_0060_0009" 4499
"/Engine/EngineMaterials/Substrate/GLints/dict_16_192_64_0p5_0p02_0060_0010" 4500
"/Engine/EngineMaterials/Substrate/GLints/dict_16_192_64_0p5_0p02_0060_0011" 4501
"/Engine/EngineMaterials/Substrate/GLints/dict_16_192_64_0p5_0p02_0060_0012" 4502
"/Engine/EngineMaterials/Substrate/GLints/dict_16_192_64_0p5_0p02_0060_0013" 4503
"/Engine/EngineMaterials/Substrate/GLints/dict_16_192_64_0p5_0p02_0060_0014" 4504
"/Engine/EngineMaterials/Substrate/GLints/dict_16_192_64_0p5_0p02_0060_0015" 4505
"/Engine/EngineMaterials/Substrate/GLints/dict_16_192_64_0p5_0p02_0061_0000" 4506
"/Engine/EngineMaterials/Substrate/GLints/dict_16_192_64_0p5_0p02_0061_0001" 4507
"/Engine/EngineMaterials/Substrate/GLints/dict_16_192_64_0p5_0p02_0061_0002" 4508
"/Engine/EngineMaterials/Substrate/GLints/dict_16_192_64_0p5_0p02_0061_0003" 4509
"/Engine/EngineMaterials/Substrate/GLints/dict_16_192_64_0p5_0p02_0061_0004" 4510
"/Engine/EngineMaterials/Substrate/GLints/dict_16_192_64_0p5_0p02_0061_0005" 4511
"/Engine/EngineMaterials/Substrate/GLints/dict_16_192_64_0p5_0p02_0061_0006" 4512
"/Engine/EngineMaterials/Substrate/GLints/dict_16_192_64_0p5_0p02_0061_0007" 4513
"/Engine/EngineMaterials/Substrate/GLints/dict_16_192_64_0p5_0p02_0061_0008" 4514
"/Engine/EngineMaterials/Substrate/GLints/dict_16_192_64_0p5_0p02_0061_0009" 4515
"/Engine/EngineMaterials/Substrate/GLints/dict_16_192_64_0p5_0p02_0061_0010" 4516
"/Engine/EngineMaterials/Substrate/GLints/dict_16_192_64_0p5_0p02_0061_0011" 4517
"/Engine/EngineMaterials/Substrate/GLints/dict_16_192_64_0p5_0p02_0061_0012" 4518
"/Engine/EngineMaterials/Substrate/GLints/dict_16_192_64_0p5_0p02_0061_0013" 4519
"/Engine/EngineMaterials/Substrate/GLints/dict_16_192_64_0p5_0p02_0061_0014" 4520
"/Engine/EngineMaterials/Substrate/GLints/dict_16_192_64_0p5_0p02_0061_0015" 4521
"/Engine/EngineMaterials/Substrate/GLints/dict_16_192_64_0p5_0p02_0062_0000" 4522
"../../../Engine/Content/EngineMaterials/Substrate/GLints/dict_16_192_64_0p5_0p02_0059_0015.uasset" 4523
"../../../Engine/Content/EngineMaterials/Substrate/GLints/dict_16_192_64_0p5_0p02_0059_0013.uasset" 4524
"../../../Engine/Content/EngineMaterials/Substrate/GLints/dict_16_192_64_0p5_0p02_0059_0011.uasset" 4525
"../../../Engine/Content/EngineMaterials/Substrate/GLints/dict_16_192_64_0p5_0p02_0059_0010.uasset" 4526
"../../../Engine/Content/EngineMaterials/Substrate/GLints/dict_16_192_64_0p5_0p02_0059_0009.uasset" 4527
"../../../Engine/Content/EngineMaterials/Substrate/GLints/dict_16_192_64_0p5_0p02_0060_0000.uasset" 4528
"../../../Engine/Content/EngineMaterials/Substrate/GLints/dict_16_192_64_0p5_0p02_0059_0005.uasset" 4529
"../../../Engine/Content/EngineMaterials/Substrate/GLints/dict_16_192_64_0p5_0p02_0059_0004.uasset" 4530
"../../../Engine/Content/EngineMaterials/Substrate/GLints/dict_16_192_64_0p5_0p02_0059_0006.uasset" 4531
"../../../Engine/Content/EngineMaterials/Substrate/GLints/dict_16_192_64_0p5_0p02_0059_0003.uasset" 4532
"../../../Engine/Content/EngineMaterials/Substrate/GLints/dict_16_192_64_0p5_0p02_0059_0001.uasset" 4533
"../../../Engine/Content/EngineMaterials/Substrate/GLints/dict_16_192_64_0p5_0p02_0058_0015.uasset" 4534
"../../../Engine/Content/EngineMaterials/Substrate/GLints/dict_16_192_64_0p5_0p02_0059_0007.uasset" 4535
"../../../Engine/Content/EngineMaterials/Substrate/GLints/dict_16_192_64_0p5_0p02_0058_0013.uasset" 4536
"../../../Engine/Content/EngineMaterials/Substrate/GLints/dict_16_192_64_0p5_0p02_0058_0012.uasset" 4537
"../../../Engine/Content/EngineMaterials/Substrate/GLints/dict_16_192_64_0p5_0p02_0058_0011.uasset" 4538
"../../../Engine/Content/EngineMaterials/Substrate/GLints/dict_16_192_64_0p5_0p02_0058_0010.uasset" 4539
"../../../Engine/Content/EngineMaterials/Substrate/GLints/dict_16_192_64_0p5_0p02_0058_0009.uasset" 4540
"../../../Engine/Content/EngineMaterials/Substrate/GLints/dict_16_192_64_0p5_0p02_0058_0008.uasset" 4541
"../../../Engine/Content/EngineMaterials/Substrate/GLints/dict_16_192_64_0p5_0p02_0058_0003.uasset" 4542
"../../../Engine/Content/EngineMaterials/Substrate/GLints/dict_16_192_64_0p5_0p02_0058_0004.uasset" 4543
"../../../Engine/Content/EngineMaterials/Substrate/GLints/dict_16_192_64_0p5_0p02_0058_0005.uasset" 4544
"../../../Engine/Content/EngineMaterials/Substrate/GLints/dict_16_192_64_0p5_0p02_0058_0002.uasset" 4545
"../../../Engine/Content/EngineMaterials/Substrate/GLints/dict_16_192_64_0p5_0p02_0058_0014.uasset" 4546
"../../../Engine/Content/EngineMaterials/Substrate/GLints/dict_16_192_64_0p5_0p02_0059_0008.uasset" 4547
"../../../Engine/Content/EngineMaterials/Substrate/GLints/dict_16_192_64_0p5_0p02_0059_0000.uasset" 4548
"../../../Engine/Content/EngineMaterials/Substrate/GLints/dict_16_192_64_0p5_0p02_0059_0002.uasset" 4549
"../../../Engine/Content/EngineMaterials/Substrate/GLints/dict_16_192_64_0p5_0p02_0059_0014.uasset" 4550
"../../../Engine/Content/EngineMaterials/Substrate/GLints/dict_16_192_64_0p5_0p02_0058_0007.uasset" 4551
"../../../Engine/Content/EngineMaterials/Substrate/GLints/dict_16_192_64_0p5_0p02_0059_0012.uasset" 4552
"../../../Engine/Content/EngineMaterials/Substrate/GLints/dict_16_192_64_0p5_0p02_0058_0006.uasset" 4553
"/Engine/EngineMaterials/Substrate/GLints/dict_16_192_64_0p5_0p02_0059_0009" 4554
"/Engine/EngineMaterials/Substrate/GLints/dict_16_192_64_0p5_0p02_0059_0010" 4555
"/Engine/EngineMaterials/Substrate/GLints/dict_16_192_64_0p5_0p02_0059_0011" 4556
"/Engine/EngineMaterials/Substrate/GLints/dict_16_192_64_0p5_0p02_0059_0013" 4557
"/Engine/EngineMaterials/Substrate/GLints/dict_16_192_64_0p5_0p02_0059_0015" 4558
"/Engine/EngineMaterials/Substrate/GLints/dict_16_192_64_0p5_0p02_0060_0000" 4559
"/Engine/EngineMaterials/Substrate/GLints/dict_16_192_64_0p5_0p02_0060_0001" 4560
"../../../Engine/Content/EngineMaterials/Substrate/GLints/dict_16_192_64_0p5_0p02_0058_0000.uasset" 4561
"../../../Engine/Content/EngineMaterials/Substrate/GLints/dict_16_192_64_0p5_0p02_0057_0015.uasset" 4562
"../../../Engine/Content/EngineMaterials/Substrate/GLints/dict_16_192_64_0p5_0p02_0057_0013.uasset" 4563
"../../../Engine/Content/EngineMaterials/Substrate/GLints/dict_16_192_64_0p5_0p02_0057_0014.uasset" 4564
"../../../Engine/Content/EngineMaterials/Substrate/GLints/dict_16_192_64_0p5_0p02_0057_0012.uasset" 4565
"../../../Engine/Content/EngineMaterials/Substrate/GLints/dict_16_192_64_0p5_0p02_0058_0001.uasset" 4566
"../../../Engine/Content/EngineMaterials/Substrate/GLints/dict_16_192_64_0p5_0p02_0057_0011.uasset" 4567
"/Engine/EngineMaterials/Substrate/GLints/dict_16_192_64_0p5_0p02_0058_0002" 4568
"/Engine/EngineMaterials/Substrate/GLints/dict_16_192_64_0p5_0p02_0058_0003" 4569
"/Engine/EngineMaterials/Substrate/GLints/dict_16_192_64_0p5_0p02_0058_0004" 4570
"/Engine/EngineMaterials/Substrate/GLints/dict_16_192_64_0p5_0p02_0058_0005" 4571
"/Engine/EngineMaterials/Substrate/GLints/dict_16_192_64_0p5_0p02_0058_0006" 4572
"/Engine/EngineMaterials/Substrate/GLints/dict_16_192_64_0p5_0p02_0058_0007" 4573
"/Engine/EngineMaterials/Substrate/GLints/dict_16_192_64_0p5_0p02_0058_0008" 4574
"/Engine/EngineMaterials/Substrate/GLints/dict_16_192_64_0p5_0p02_0058_0009" 4575
"/Engine/EngineMaterials/Substrate/GLints/dict_16_192_64_0p5_0p02_0058_0010" 4576
"/Engine/EngineMaterials/Substrate/GLints/dict_16_192_64_0p5_0p02_0058_0011" 4577
"/Engine/EngineMaterials/Substrate/GLints/dict_16_192_64_0p5_0p02_0058_0012" 4578
"/Engine/EngineMaterials/Substrate/GLints/dict_16_192_64_0p5_0p02_0058_0013" 4579
"/Engine/EngineMaterials/Substrate/GLints/dict_16_192_64_0p5_0p02_0058_0014" 4580
"/Engine/EngineMaterials/Substrate/GLints/dict_16_192_64_0p5_0p02_0058_0015" 4581
"/Engine/EngineMaterials/Substrate/GLints/dict_16_192_64_0p5_0p02_0059_0000" 4582
"/Engine/EngineMaterials/Substrate/GLints/dict_16_192_64_0p5_0p02_0059_0001" 4583
"/Engine/EngineMaterials/Substrate/GLints/dict_16_192_64_0p5_0p02_0059_0002" 4584
"/Engine/EngineMaterials/Substrate/GLints/dict_16_192_64_0p5_0p02_0059_0003" 4585
"/Engine/EngineMaterials/Substrate/GLints/dict_16_192_64_0p5_0p02_0059_0004" 4586
"/Engine/EngineMaterials/Substrate/GLints/dict_16_192_64_0p5_0p02_0059_0005" 4587
"/Engine/EngineMaterials/Substrate/GLints/dict_16_192_64_0p5_0p02_0059_0006" 4588
"/Engine/EngineMaterials/Substrate/GLints/dict_16_192_64_0p5_0p02_0059_0007" 4589
"/Engine/EngineMaterials/Substrate/GLints/dict_16_192_64_0p5_0p02_0059_0008" 4590
"/Engine/EngineMaterials/Substrate/GLints/dict_16_192_64_0p5_0p02_0059_0012" 4591
"/Engine/EngineMaterials/Substrate/GLints/dict_16_192_64_0p5_0p02_0059_0014" 4592
"../../../Engine/Content/EngineMaterials/Substrate/GLints/dict_16_192_64_0p5_0p02_0057_0007.uasset" 4593
"../../../Engine/Content/EngineMaterials/Substrate/GLints/dict_16_192_64_0p5_0p02_0057_0006.uasset" 4594
"../../../Engine/Content/EngineMaterials/Substrate/GLints/dict_16_192_64_0p5_0p02_0057_0010.uasset" 4595
"/Engine/EngineMaterials/Substrate/GLints/dict_16_192_64_0p5_0p02_0057_0011" 4596
"../../../Engine/Content/EngineMaterials/Substrate/GLints/dict_16_192_64_0p5_0p02_0057_0009.uasset" 4597
"../../../Engine/Content/EngineMaterials/Substrate/GLints/dict_16_192_64_0p5_0p02_0057_0004.uasset" 4598
"../../../Engine/Content/EngineMaterials/Substrate/GLints/dict_16_192_64_0p5_0p02_0057_0003.uasset" 4599
"../../../Engine/Content/EngineMaterials/Substrate/GLints/dict_16_192_64_0p5_0p02_0057_0002.uasset" 4600
"../../../Engine/Content/EngineMaterials/Substrate/GLints/dict_16_192_64_0p5_0p02_0057_0001.uasset" 4601
"../../../Engine/Content/EngineMaterials/Substrate/GLints/dict_16_192_64_0p5_0p02_0056_0015.uasset" 4602
"../../../Engine/Content/EngineMaterials/Substrate/GLints/dict_16_192_64_0p5_0p02_0056_0014.uasset" 4603
"../../../Engine/Content/EngineMaterials/Substrate/GLints/dict_16_192_64_0p5_0p02_0057_0000.uasset" 4604
"../../../Engine/Content/EngineMaterials/Substrate/GLints/dict_16_192_64_0p5_0p02_0056_0013.uasset" 4605
"/Engine/EngineMaterials/Substrate/GLints/dict_16_192_64_0p5_0p02_0057_0012" 4606
"../../../Engine/Content/EngineMaterials/Substrate/GLints/dict_16_192_64_0p5_0p02_0056_0012.uasset" 4607
"../../../Engine/Content/EngineMaterials/Substrate/GLints/dict_16_192_64_0p5_0p02_0056_0011.uasset" 4608
"../../../Engine/Content/EngineMaterials/Substrate/GLints/dict_16_192_64_0p5_0p02_0056_0010.uasset" 4609
"../../../Engine/Content/EngineMaterials/Substrate/GLints/dict_16_192_64_0p5_0p02_0056_0009.uasset" 4610
"../../../Engine/Content/EngineMaterials/Substrate/GLints/dict_16_192_64_0p5_0p02_0056_0007.uasset" 4611
"../../../Engine/Content/EngineMaterials/Substrate/GLints/dict_16_192_64_0p5_0p02_0056_0008.uasset" 4612
"../../../Engine/Content/EngineMaterials/Substrate/GLints/dict_16_192_64_0p5_0p02_0056_0006.uasset" 4613
"../../../Engine/Content/EngineMaterials/Substrate/GLints/dict_16_192_64_0p5_0p02_0056_0005.uasset" 4614
"../../../Engine/Content/EngineMaterials/Substrate/GLints/dict_16_192_64_0p5_0p02_0056_0004.uasset" 4615
"../../../Engine/Content/EngineMaterials/Substrate/GLints/dict_16_192_64_0p5_0p02_0056_0003.uasset" 4616
"../../../Engine/Content/EngineMaterials/Substrate/GLints/dict_16_192_64_0p5_0p02_0056_0002.uasset" 4617
"/Engine/EngineMaterials/Substrate/GLints/dict_16_192_64_0p5_0p02_0057_0013" 4618
"../../../Engine/Content/EngineMaterials/Substrate/GLints/dict_16_192_64_0p5_0p02_0057_0008.uasset" 4619
"../../../Engine/Content/EngineMaterials/Substrate/GLints/dict_16_192_64_0p5_0p02_0057_0005.uasset" 4620
"/Engine/EngineMaterials/Substrate/GLints/dict_16_192_64_0p5_0p02_0057_0014" 4621
"/Engine/EngineMaterials/Substrate/GLints/dict_16_192_64_0p5_0p02_0057_0015" 4622
"/Engine/EngineMaterials/Substrate/GLints/dict_16_192_64_0p5_0p02_0058_0000" 4623
"/Engine/EngineMaterials/Substrate/GLints/dict_16_192_64_0p5_0p02_0058_0001" 4624
"../../../Engine/Content/EngineMaterials/Substrate/GLints/dict_16_192_64_0p5_0p02_0056_0001.uasset" 4625
"../../../Engine/Content/EngineMaterials/Substrate/GLints/dict_16_192_64_0p5_0p02_0055_0014.uasset" 4626
"../../../Engine/Content/EngineMaterials/Substrate/GLints/dict_16_192_64_0p5_0p02_0055_0013.uasset" 4627
"../../../Engine/Content/EngineMaterials/Substrate/GLints/dict_16_192_64_0p5_0p02_0055_0011.uasset" 4628
"../../../Engine/Content/EngineMaterials/Substrate/GLints/dict_16_192_64_0p5_0p02_0056_0000.uasset" 4629
"/Engine/EngineMaterials/Substrate/GLints/dict_16_192_64_0p5_0p02_0056_0002" 4630
"../../../Engine/Content/EngineMaterials/Substrate/GLints/dict_16_192_64_0p5_0p02_0055_0015.uasset" 4631
"../../../Engine/Content/EngineMaterials/Substrate/GLints/dict_16_192_64_0p5_0p02_0055_0012.uasset" 4632
"/Engine/EngineMaterials/Substrate/GLints/dict_16_192_64_0p5_0p02_0056_0003" 4633
"/Engine/EngineMaterials/Substrate/GLints/dict_16_192_64_0p5_0p02_0056_0004" 4634
"/Engine/EngineMaterials/Substrate/GLints/dict_16_192_64_0p5_0p02_0056_0005" 4635
"/Engine/EngineMaterials/Substrate/GLints/dict_16_192_64_0p5_0p02_0056_0006" 4636
"/Engine/EngineMaterials/Substrate/GLints/dict_16_192_64_0p5_0p02_0056_0007" 4637
"/Engine/EngineMaterials/Substrate/GLints/dict_16_192_64_0p5_0p02_0056_0008" 4638
"/Engine/EngineMaterials/Substrate/GLints/dict_16_192_64_0p5_0p02_0056_0009" 4639
"/Engine/EngineMaterials/Substrate/GLints/dict_16_192_64_0p5_0p02_0056_0010" 4640
"/Engine/EngineMaterials/Substrate/GLints/dict_16_192_64_0p5_0p02_0056_0011" 4641
"/Engine/EngineMaterials/Substrate/GLints/dict_16_192_64_0p5_0p02_0056_0012" 4642
"/Engine/EngineMaterials/Substrate/GLints/dict_16_192_64_0p5_0p02_0056_0013" 4643
"/Engine/EngineMaterials/Substrate/GLints/dict_16_192_64_0p5_0p02_0056_0014" 4644
"/Engine/EngineMaterials/Substrate/GLints/dict_16_192_64_0p5_0p02_0056_0015" 4645
"/Engine/EngineMaterials/Substrate/GLints/dict_16_192_64_0p5_0p02_0057_0000" 4646
"/Engine/EngineMaterials/Substrate/GLints/dict_16_192_64_0p5_0p02_0057_0001" 4647
"/Engine/EngineMaterials/Substrate/GLints/dict_16_192_64_0p5_0p02_0057_0002" 4648
"/Engine/EngineMaterials/Substrate/GLints/dict_16_192_64_0p5_0p02_0057_0003" 4649
"/Engine/EngineMaterials/Substrate/GLints/dict_16_192_64_0p5_0p02_0057_0004" 4650
"/Engine/EngineMaterials/Substrate/GLints/dict_16_192_64_0p5_0p02_0057_0005" 4651
"/Engine/EngineMaterials/Substrate/GLints/dict_16_192_64_0p5_0p02_0057_0006" 4652
"/Engine/EngineMaterials/Substrate/GLints/dict_16_192_64_0p5_0p02_0057_0007" 4653
"/Engine/EngineMaterials/Substrate/GLints/dict_16_192_64_0p5_0p02_0057_0008" 4654
"/Engine/EngineMaterials/Substrate/GLints/dict_16_192_64_0p5_0p02_0057_0009" 4655
"/Engine/EngineMaterials/Substrate/GLints/dict_16_192_64_0p5_0p02_0057_0010" 4656
"../../../Engine/Content/EngineMaterials/Substrate/GLints/dict_16_192_64_0p5_0p02_0055_0008.uasset" 4657
"../../../Engine/Content/EngineMaterials/Substrate/GLints/dict_16_192_64_0p5_0p02_0055_0006.uasset" 4658
"../../../Engine/Content/EngineMaterials/Substrate/GLints/dict_16_192_64_0p5_0p02_0055_0009.uasset" 4659
"../../../Engine/Content/EngineMaterials/Substrate/GLints/dict_16_192_64_0p5_0p02_0055_0010.uasset" 4660
"/Engine/EngineMaterials/Substrate/GLints/dict_16_192_64_0p5_0p02_0055_0011" 4661
"../../../Engine/Content/EngineMaterials/Substrate/GLints/dict_16_192_64_0p5_0p02_0055_0007.uasset" 4662
"../../../Engine/Content/EngineMaterials/Substrate/GLints/dict_16_192_64_0p5_0p02_0055_0005.uasset" 4663
"../../../Engine/Content/EngineMaterials/Substrate/GLints/dict_16_192_64_0p5_0p02_0055_0003.uasset" 4664
"../../../Engine/Content/EngineMaterials/Substrate/GLints/dict_16_192_64_0p5_0p02_0055_0004.uasset" 4665
"../../../Engine/Content/EngineMaterials/Substrate/GLints/dict_16_192_64_0p5_0p02_0055_0002.uasset" 4666
"../../../Engine/Content/EngineMaterials/Substrate/GLints/dict_16_192_64_0p5_0p02_0055_0001.uasset" 4667
"../../../Engine/Content/EngineMaterials/Substrate/GLints/dict_16_192_64_0p5_0p02_0055_0000.uasset" 4668
"../../../Engine/Content/EngineMaterials/Substrate/GLints/dict_16_192_64_0p5_0p02_0054_0009.uasset" 4669
"../../../Engine/Content/EngineMaterials/Substrate/GLints/dict_16_192_64_0p5_0p02_0054_0008.uasset" 4670
"../../../Engine/Content/EngineMaterials/Substrate/GLints/dict_16_192_64_0p5_0p02_0054_0007.uasset" 4671
"../../../Engine/Content/EngineMaterials/Substrate/GLints/dict_16_192_64_0p5_0p02_0054_0015.uasset" 4672
"../../../Engine/Content/EngineMaterials/Substrate/GLints/dict_16_192_64_0p5_0p02_0054_0006.uasset" 4673
"../../../Engine/Content/EngineMaterials/Substrate/GLints/dict_16_192_64_0p5_0p02_0054_0005.uasset" 4674
"../../../Engine/Content/EngineMaterials/Substrate/GLints/dict_16_192_64_0p5_0p02_0054_0004.uasset" 4675
"../../../Engine/Content/EngineMaterials/Substrate/GLints/dict_16_192_64_0p5_0p02_0054_0003.uasset" 4676
"../../../Engine/Content/EngineMaterials/Substrate/GLints/dict_16_192_64_0p5_0p02_0054_0002.uasset" 4677
"../../../Engine/Content/EngineMaterials/Substrate/GLints/dict_16_192_64_0p5_0p02_0054_0013.uasset" 4678
"/Engine/EngineMaterials/Substrate/GLints/dict_16_192_64_0p5_0p02_0055_0012" 4679
"../../../Engine/Content/EngineMaterials/Substrate/GLints/dict_16_192_64_0p5_0p02_0054_0012.uasset" 4680
"../../../Engine/Content/EngineMaterials/Substrate/GLints/dict_16_192_64_0p5_0p02_0054_0011.uasset" 4681
"../../../Engine/Content/EngineMaterials/Substrate/GLints/dict_16_192_64_0p5_0p02_0054_0010.uasset" 4682
"../../../Engine/Content/EngineMaterials/Substrate/GLints/dict_16_192_64_0p5_0p02_0054_0014.uasset" 4683
"/Engine/EngineMaterials/Substrate/GLints/dict_16_192_64_0p5_0p02_0055_0013" 4684
"/Engine/EngineMaterials/Substrate/GLints/dict_16_192_64_0p5_0p02_0055_0014" 4685
"/Engine/EngineMaterials/Substrate/GLints/dict_16_192_64_0p5_0p02_0055_0015" 4686
"/Engine/EngineMaterials/Substrate/GLints/dict_16_192_64_0p5_0p02_0056_0000" 4687
"/Engine/EngineMaterials/Substrate/GLints/dict_16_192_64_0p5_0p02_0056_0001" 4688
"../../../Engine/Content/EngineMaterials/Substrate/GLints/dict_16_192_64_0p5_0p02_0054_0000.uasset" 4689
"../../../Engine/Content/EngineMaterials/Substrate/GLints/dict_16_192_64_0p5_0p02_0054_0001.uasset" 4690
"../../../Engine/Content/EngineMaterials/Substrate/GLints/dict_16_192_64_0p5_0p02_0053_0013.uasset" 4691
"/Engine/EngineMaterials/Substrate/GLints/dict_16_192_64_0p5_0p02_0054_0002" 4692
"../../../Engine/Content/EngineMaterials/Substrate/GLints/dict_16_192_64_0p5_0p02_0053_0014.uasset" 4693
"../../../Engine/Content/EngineMaterials/Substrate/GLints/dict_16_192_64_0p5_0p02_0053_0012.uasset" 4694
"../../../Engine/Content/EngineMaterials/Substrate/GLints/dict_16_192_64_0p5_0p02_0053_0011.uasset" 4695
"../../../Engine/Content/EngineMaterials/Substrate/GLints/dict_16_192_64_0p5_0p02_0053_0015.uasset" 4696
"/Engine/EngineMaterials/Substrate/GLints/dict_16_192_64_0p5_0p02_0054_0003" 4697
"/Engine/EngineMaterials/Substrate/GLints/dict_16_192_64_0p5_0p02_0054_0004" 4698
"/Engine/EngineMaterials/Substrate/GLints/dict_16_192_64_0p5_0p02_0054_0005" 4699
"/Engine/EngineMaterials/Substrate/GLints/dict_16_192_64_0p5_0p02_0054_0006" 4700
"/Engine/EngineMaterials/Substrate/GLints/dict_16_192_64_0p5_0p02_0054_0007" 4701
"/Engine/EngineMaterials/Substrate/GLints/dict_16_192_64_0p5_0p02_0054_0008" 4702
"/Engine/EngineMaterials/Substrate/GLints/dict_16_192_64_0p5_0p02_0054_0009" 4703
"/Engine/EngineMaterials/Substrate/GLints/dict_16_192_64_0p5_0p02_0054_0010" 4704
"/Engine/EngineMaterials/Substrate/GLints/dict_16_192_64_0p5_0p02_0054_0011" 4705
"/Engine/EngineMaterials/Substrate/GLints/dict_16_192_64_0p5_0p02_0054_0012" 4706
"/Engine/EngineMaterials/Substrate/GLints/dict_16_192_64_0p5_0p02_0054_0013" 4707
"/Engine/EngineMaterials/Substrate/GLints/dict_16_192_64_0p5_0p02_0054_0014" 4708
"/Engine/EngineMaterials/Substrate/GLints/dict_16_192_64_0p5_0p02_0054_0015" 4709
"/Engine/EngineMaterials/Substrate/GLints/dict_16_192_64_0p5_0p02_0055_0000" 4710
"/Engine/EngineMaterials/Substrate/GLints/dict_16_192_64_0p5_0p02_0055_0001" 4711
"/Engine/EngineMaterials/Substrate/GLints/dict_16_192_64_0p5_0p02_0055_0002" 4712
"/Engine/EngineMaterials/Substrate/GLints/dict_16_192_64_0p5_0p02_0055_0003" 4713
"/Engine/EngineMaterials/Substrate/GLints/dict_16_192_64_0p5_0p02_0055_0004" 4714
"/Engine/EngineMaterials/Substrate/GLints/dict_16_192_64_0p5_0p02_0055_0005" 4715
"/Engine/EngineMaterials/Substrate/GLints/dict_16_192_64_0p5_0p02_0055_0006" 4716
"/Engine/EngineMaterials/Substrate/GLints/dict_16_192_64_0p5_0p02_0055_0007" 4717
"/Engine/EngineMaterials/Substrate/GLints/dict_16_192_64_0p5_0p02_0055_0008" 4718
"/Engine/EngineMaterials/Substrate/GLints/dict_16_192_64_0p5_0p02_0055_0009" 4719
"/Engine/EngineMaterials/Substrate/GLints/dict_16_192_64_0p5_0p02_0055_0010" 4720
"../../../Engine/Content/EngineMaterials/Substrate/GLints/dict_16_192_64_0p5_0p02_0053_0007.uasset" 4721
"../../../Engine/Content/EngineMaterials/Substrate/GLints/dict_16_192_64_0p5_0p02_0053_0009.uasset" 4722
"/Engine/EngineMaterials/Substrate/GLints/dict_16_192_64_0p5_0p02_0053_0011" 4723
"../../../Engine/Content/EngineMaterials/Substrate/GLints/dict_16_192_64_0p5_0p02_0053_0008.uasset" 4724
"../../../Engine/Content/EngineMaterials/Substrate/GLints/dict_16_192_64_0p5_0p02_0053_0010.uasset" 4725
"../../../Engine/Content/EngineMaterials/Substrate/GLints/dict_16_192_64_0p5_0p02_0053_0006.uasset" 4726
"../../../Engine/Content/EngineMaterials/Substrate/GLints/dict_16_192_64_0p5_0p02_0053_0005.uasset" 4727
"../../../Engine/Content/EngineMaterials/Substrate/GLints/dict_16_192_64_0p5_0p02_0053_0004.uasset" 4728
"../../../Engine/Content/EngineMaterials/Substrate/GLints/dict_16_192_64_0p5_0p02_0053_0003.uasset" 4729
"../../../Engine/Content/EngineMaterials/Substrate/GLints/dict_16_192_64_0p5_0p02_0053_0000.uasset" 4730
"../../../Engine/Content/EngineMaterials/Substrate/GLints/dict_16_192_64_0p5_0p02_0052_0014.uasset" 4731
"../../../Engine/Content/EngineMaterials/Substrate/GLints/dict_16_192_64_0p5_0p02_0052_0013.uasset" 4732
"../../../Engine/Content/EngineMaterials/Substrate/GLints/dict_16_192_64_0p5_0p02_0052_0012.uasset" 4733
"../../../Engine/Content/EngineMaterials/Substrate/GLints/dict_16_192_64_0p5_0p02_0052_0011.uasset" 4734
"/Engine/EngineMaterials/Substrate/GLints/dict_16_192_64_0p5_0p02_0053_0012" 4735
"../../../Engine/Content/EngineMaterials/Substrate/GLints/dict_16_192_64_0p5_0p02_0053_0002.uasset" 4736
"../../../Engine/Content/EngineMaterials/Substrate/GLints/dict_16_192_64_0p5_0p02_0052_0009.uasset" 4737
"../../../Engine/Content/EngineMaterials/Substrate/GLints/dict_16_192_64_0p5_0p02_0052_0010.uasset" 4738
"../../../Engine/Content/EngineMaterials/Substrate/GLints/dict_16_192_64_0p5_0p02_0052_0008.uasset" 4739
"../../../Engine/Content/EngineMaterials/Substrate/GLints/dict_16_192_64_0p5_0p02_0052_0007.uasset" 4740
"../../../Engine/Content/EngineMaterials/Substrate/GLints/dict_16_192_64_0p5_0p02_0052_0005.uasset" 4741
"../../../Engine/Content/EngineMaterials/Substrate/GLints/dict_16_192_64_0p5_0p02_0052_0006.uasset" 4742
"../../../Engine/Content/EngineMaterials/Substrate/GLints/dict_16_192_64_0p5_0p02_0052_0004.uasset" 4743
"../../../Engine/Content/EngineMaterials/Substrate/GLints/dict_16_192_64_0p5_0p02_0052_0003.uasset" 4744
"/Engine/EngineMaterials/Substrate/GLints/dict_16_192_64_0p5_0p02_0053_0013" 4745
"../../../Engine/Content/EngineMaterials/Substrate/GLints/dict_16_192_64_0p5_0p02_0052_0002.uasset" 4746
"/Engine/EngineMaterials/Substrate/GLints/dict_16_192_64_0p5_0p02_0053_0014" 4747
"../../../Engine/Content/EngineMaterials/Substrate/GLints/dict_16_192_64_0p5_0p02_0053_0001.uasset" 4748
"../../../Engine/Content/EngineMaterials/Substrate/GLints/dict_16_192_64_0p5_0p02_0052_0015.uasset" 4749
"/Engine/EngineMaterials/Substrate/GLints/dict_16_192_64_0p5_0p02_0053_0015" 4750
"/Engine/EngineMaterials/Substrate/GLints/dict_16_192_64_0p5_0p02_0054_0000" 4751
"/Engine/EngineMaterials/Substrate/GLints/dict_16_192_64_0p5_0p02_0054_0001" 4752
"../../../Engine/Content/EngineMaterials/Substrate/GLints/dict_16_192_64_0p5_0p02_0051_0014.uasset" 4753
"/Engine/EngineMaterials/Substrate/GLints/dict_16_192_64_0p5_0p02_0052_0002" 4754
"../../../Engine/Content/EngineMaterials/Substrate/GLints/dict_16_192_64_0p5_0p02_0051_0013.uasset" 4755
"../../../Engine/Content/EngineMaterials/Substrate/GLints/dict_16_192_64_0p5_0p02_0051_0015.uasset" 4756
"../../../Engine/Content/EngineMaterials/Substrate/GLints/dict_16_192_64_0p5_0p02_0052_0001.uasset" 4757
"../../../Engine/Content/EngineMaterials/Substrate/GLints/dict_16_192_64_0p5_0p02_0052_0000.uasset" 4758
"../../../Engine/Content/EngineMaterials/Substrate/GLints/dict_16_192_64_0p5_0p02_0051_0011.uasset" 4759
"../../../Engine/Content/EngineMaterials/Substrate/GLints/dict_16_192_64_0p5_0p02_0051_0012.uasset" 4760
"/Engine/EngineMaterials/Substrate/GLints/dict_16_192_64_0p5_0p02_0052_0003" 4761
"/Engine/EngineMaterials/Substrate/GLints/dict_16_192_64_0p5_0p02_0052_0004" 4762
"/Engine/EngineMaterials/Substrate/GLints/dict_16_192_64_0p5_0p02_0052_0005" 4763
"/Engine/EngineMaterials/Substrate/GLints/dict_16_192_64_0p5_0p02_0052_0006" 4764
"/Engine/EngineMaterials/Substrate/GLints/dict_16_192_64_0p5_0p02_0052_0007" 4765
"/Engine/EngineMaterials/Substrate/GLints/dict_16_192_64_0p5_0p02_0052_0008" 4766
"/Engine/EngineMaterials/Substrate/GLints/dict_16_192_64_0p5_0p02_0052_0009" 4767
"/Engine/EngineMaterials/Substrate/GLints/dict_16_192_64_0p5_0p02_0052_0010" 4768
"/Engine/EngineMaterials/Substrate/GLints/dict_16_192_64_0p5_0p02_0052_0011" 4769
"/Engine/EngineMaterials/Substrate/GLints/dict_16_192_64_0p5_0p02_0052_0012" 4770
"/Engine/EngineMaterials/Substrate/GLints/dict_16_192_64_0p5_0p02_0052_0013" 4771
"/Engine/EngineMaterials/Substrate/GLints/dict_16_192_64_0p5_0p02_0052_0014" 4772
"/Engine/EngineMaterials/Substrate/GLints/dict_16_192_64_0p5_0p02_0052_0015" 4773
"/Engine/EngineMaterials/Substrate/GLints/dict_16_192_64_0p5_0p02_0053_0000" 4774
"/Engine/EngineMaterials/Substrate/GLints/dict_16_192_64_0p5_0p02_0053_0001" 4775
"/Engine/EngineMaterials/Substrate/GLints/dict_16_192_64_0p5_0p02_0053_0002" 4776
"/Engine/EngineMaterials/Substrate/GLints/dict_16_192_64_0p5_0p02_0053_0003" 4777
"/Engine/EngineMaterials/Substrate/GLints/dict_16_192_64_0p5_0p02_0053_0004" 4778
"/Engine/EngineMaterials/Substrate/GLints/dict_16_192_64_0p5_0p02_0053_0005" 4779
"/Engine/EngineMaterials/Substrate/GLints/dict_16_192_64_0p5_0p02_0053_0006" 4780
"/Engine/EngineMaterials/Substrate/GLints/dict_16_192_64_0p5_0p02_0053_0007" 4781
"/Engine/EngineMaterials/Substrate/GLints/dict_16_192_64_0p5_0p02_0053_0008" 4782
"/Engine/EngineMaterials/Substrate/GLints/dict_16_192_64_0p5_0p02_0053_0009" 4783
"/Engine/EngineMaterials/Substrate/GLints/dict_16_192_64_0p5_0p02_0053_0010" 4784
"../../../Engine/Content/EngineMaterials/Substrate/GLints/dict_16_192_64_0p5_0p02_0051_0007.uasset" 4785
"../../../Engine/Content/EngineMaterials/Substrate/GLints/dict_16_192_64_0p5_0p02_0051_0009.uasset" 4786
"../../../Engine/Content/EngineMaterials/Substrate/GLints/dict_16_192_64_0p5_0p02_0051_0008.uasset" 4787
"../../../Engine/Content/EngineMaterials/Substrate/GLints/dict_16_192_64_0p5_0p02_0051_0005.uasset" 4788
"../../../Engine/Content/EngineMaterials/Substrate/GLints/dict_16_192_64_0p5_0p02_0051_0003.uasset" 4789
"../../../Engine/Content/EngineMaterials/Substrate/GLints/dict_16_192_64_0p5_0p02_0051_0002.uasset" 4790
"../../../Engine/Content/EngineMaterials/Substrate/GLints/dict_16_192_64_0p5_0p02_0051_0001.uasset" 4791
"/Engine/EngineMaterials/Substrate/GLints/dict_16_192_64_0p5_0p02_0051_0011" 4792
"../../../Engine/Content/EngineMaterials/Substrate/GLints/dict_16_192_64_0p5_0p02_0051_0000.uasset" 4793
"../../../Engine/Content/EngineMaterials/Substrate/GLints/dict_16_192_64_0p5_0p02_0050_0013.uasset" 4794
"../../../Engine/Content/EngineMaterials/Substrate/GLints/dict_16_192_64_0p5_0p02_0051_0010.uasset" 4795
"../../../Engine/Content/EngineMaterials/Substrate/GLints/dict_16_192_64_0p5_0p02_0050_0012.uasset" 4796
"../../../Engine/Content/EngineMaterials/Substrate/GLints/dict_16_192_64_0p5_0p02_0050_0010.uasset" 4797
"../../../Engine/Content/EngineMaterials/Substrate/GLints/dict_16_192_64_0p5_0p02_0050_0011.uasset" 4798
"../../../Engine/Content/EngineMaterials/Substrate/GLints/dict_16_192_64_0p5_0p02_0050_0008.uasset" 4799
"../../../Engine/Content/EngineMaterials/Substrate/GLints/dict_16_192_64_0p5_0p02_0051_0006.uasset" 4800
"../../../Engine/Content/EngineMaterials/Substrate/GLints/dict_16_192_64_0p5_0p02_0050_0014.uasset" 4801
"../../../Engine/Content/EngineMaterials/Substrate/GLints/dict_16_192_64_0p5_0p02_0050_0007.uasset" 4802
"../../../Engine/Content/EngineMaterials/Substrate/GLints/dict_16_192_64_0p5_0p02_0050_0015.uasset" 4803
"../../../Engine/Content/EngineMaterials/Substrate/GLints/dict_16_192_64_0p5_0p02_0050_0003.uasset" 4804
"../../../Engine/Content/EngineMaterials/Substrate/GLints/dict_16_192_64_0p5_0p02_0050_0005.uasset" 4805
"../../../Engine/Content/EngineMaterials/Substrate/GLints/dict_16_192_64_0p5_0p02_0050_0002.uasset" 4806
"../../../Engine/Content/EngineMaterials/Substrate/GLints/dict_16_192_64_0p5_0p02_0050_0004.uasset" 4807
"../../../Engine/Content/EngineMaterials/Substrate/GLints/dict_16_192_64_0p5_0p02_0051_0004.uasset" 4808
"../../../Engine/Content/EngineMaterials/Substrate/GLints/dict_16_192_64_0p5_0p02_0050_0006.uasset" 4809
"../../../Engine/Content/EngineMaterials/Substrate/GLints/dict_16_192_64_0p5_0p02_0050_0009.uasset" 4810
"/Engine/EngineMaterials/Substrate/GLints/dict_16_192_64_0p5_0p02_0051_0012" 4811
"/Engine/EngineMaterials/Substrate/GLints/dict_16_192_64_0p5_0p02_0051_0013" 4812
"/Engine/EngineMaterials/Substrate/GLints/dict_16_192_64_0p5_0p02_0051_0014" 4813
"/Engine/EngineMaterials/Substrate/GLints/dict_16_192_64_0p5_0p02_0051_0015" 4814
"/Engine/EngineMaterials/Substrate/GLints/dict_16_192_64_0p5_0p02_0052_0000" 4815
"/Engine/EngineMaterials/Substrate/GLints/dict_16_192_64_0p5_0p02_0052_0001" 4816
"../../../Engine/Content/EngineMaterials/Substrate/GLints/dict_16_192_64_0p5_0p02_0049_0013.uasset" 4817
"../../../Engine/Content/EngineMaterials/Substrate/GLints/dict_16_192_64_0p5_0p02_0050_0001.uasset" 4818
"../../../Engine/Content/EngineMaterials/Substrate/GLints/dict_16_192_64_0p5_0p02_0049_0011.uasset" 4819
"/Engine/EngineMaterials/Substrate/GLints/dict_16_192_64_0p5_0p02_0050_0002" 4820
"../../../Engine/Content/EngineMaterials/Substrate/GLints/dict_16_192_64_0p5_0p02_0049_0012.uasset" 4821
"../../../Engine/Content/EngineMaterials/Substrate/GLints/dict_16_192_64_0p5_0p02_0049_0014.uasset" 4822
"../../../Engine/Content/EngineMaterials/Substrate/GLints/dict_16_192_64_0p5_0p02_0050_0000.uasset" 4823
"../../../Engine/Content/EngineMaterials/Substrate/GLints/dict_16_192_64_0p5_0p02_0049_0015.uasset" 4824
"/Engine/EngineMaterials/Substrate/GLints/dict_16_192_64_0p5_0p02_0050_0003" 4825
"/Engine/EngineMaterials/Substrate/GLints/dict_16_192_64_0p5_0p02_0050_0004" 4826
"/Engine/EngineMaterials/Substrate/GLints/dict_16_192_64_0p5_0p02_0050_0005" 4827
"/Engine/EngineMaterials/Substrate/GLints/dict_16_192_64_0p5_0p02_0050_0006" 4828
"/Engine/EngineMaterials/Substrate/GLints/dict_16_192_64_0p5_0p02_0050_0007" 4829
"/Engine/EngineMaterials/Substrate/GLints/dict_16_192_64_0p5_0p02_0050_0008" 4830
"/Engine/EngineMaterials/Substrate/GLints/dict_16_192_64_0p5_0p02_0050_0009" 4831
"/Engine/EngineMaterials/Substrate/GLints/dict_16_192_64_0p5_0p02_0050_0010" 4832
"/Engine/EngineMaterials/Substrate/GLints/dict_16_192_64_0p5_0p02_0050_0011" 4833
"/Engine/EngineMaterials/Substrate/GLints/dict_16_192_64_0p5_0p02_0050_0012" 4834
"/Engine/EngineMaterials/Substrate/GLints/dict_16_192_64_0p5_0p02_0050_0013" 4835
"/Engine/EngineMaterials/Substrate/GLints/dict_16_192_64_0p5_0p02_0050_0014" 4836
"/Engine/EngineMaterials/Substrate/GLints/dict_16_192_64_0p5_0p02_0050_0015" 4837
"/Engine/EngineMaterials/Substrate/GLints/dict_16_192_64_0p5_0p02_0051_0000" 4838
"/Engine/EngineMaterials/Substrate/GLints/dict_16_192_64_0p5_0p02_0051_0001" 4839
"/Engine/EngineMaterials/Substrate/GLints/dict_16_192_64_0p5_0p02_0051_0002" 4840
"/Engine/EngineMaterials/Substrate/GLints/dict_16_192_64_0p5_0p02_0051_0003" 4841
"/Engine/EngineMaterials/Substrate/GLints/dict_16_192_64_0p5_0p02_0051_0004" 4842
"/Engine/EngineMaterials/Substrate/GLints/dict_16_192_64_0p5_0p02_0051_0005" 4843
"/Engine/EngineMaterials/Substrate/GLints/dict_16_192_64_0p5_0p02_0051_0006" 4844
"/Engine/EngineMaterials/Substrate/GLints/dict_16_192_64_0p5_0p02_0051_0007" 4845
"/Engine/EngineMaterials/Substrate/GLints/dict_16_192_64_0p5_0p02_0051_0008" 4846
"/Engine/EngineMaterials/Substrate/GLints/dict_16_192_64_0p5_0p02_0051_0009" 4847
"/Engine/EngineMaterials/Substrate/GLints/dict_16_192_64_0p5_0p02_0051_0010" 4848
"../../../Engine/Content/EngineMaterials/Substrate/GLints/dict_16_192_64_0p5_0p02_0049_0010.uasset" 4849
"../../../Engine/Content/EngineMaterials/Substrate/GLints/dict_16_192_64_0p5_0p02_0049_0004.uasset" 4850
"../../../Engine/Content/EngineMaterials/Substrate/GLints/dict_16_192_64_0p5_0p02_0049_0008.uasset" 4851
"../../../Engine/Content/EngineMaterials/Substrate/GLints/dict_16_192_64_0p5_0p02_0049_0002.uasset" 4852
"/Engine/EngineMaterials/Substrate/GLints/dict_16_192_64_0p5_0p02_0049_0011" 4853
"../../../Engine/Content/EngineMaterials/Substrate/GLints/dict_16_192_64_0p5_0p02_0048_0012.uasset" 4854
"../../../Engine/Content/EngineMaterials/Substrate/GLints/dict_16_192_64_0p5_0p02_0049_0000.uasset" 4855
"../../../Engine/Content/EngineMaterials/Substrate/GLints/dict_16_192_64_0p5_0p02_0049_0005.uasset" 4856
"../../../Engine/Content/EngineMaterials/Substrate/GLints/dict_16_192_64_0p5_0p02_0049_0009.uasset" 4857
"../../../Engine/Content/EngineMaterials/Substrate/GLints/dict_16_192_64_0p5_0p02_0048_0015.uasset" 4858
"../../../Engine/Content/EngineMaterials/Substrate/GLints/dict_16_192_64_0p5_0p02_0048_0011.uasset" 4859
"../../../Engine/Content/EngineMaterials/Substrate/GLints/dict_16_192_64_0p5_0p02_0048_0010.uasset" 4860
"../../../Engine/Content/EngineMaterials/Substrate/GLints/dict_16_192_64_0p5_0p02_0049_0007.uasset" 4861
"../../../Engine/Content/EngineMaterials/Substrate/GLints/dict_16_192_64_0p5_0p02_0048_0009.uasset" 4862
"../../../Engine/Content/EngineMaterials/Substrate/GLints/dict_16_192_64_0p5_0p02_0048_0008.uasset" 4863
"../../../Engine/Content/EngineMaterials/Substrate/GLints/dict_16_192_64_0p5_0p02_0048_0007.uasset" 4864
"../../../Engine/Content/EngineMaterials/Substrate/GLints/dict_16_192_64_0p5_0p02_0049_0003.uasset" 4865
"../../../Engine/Content/EngineMaterials/Substrate/GLints/dict_16_192_64_0p5_0p02_0048_0006.uasset" 4866
"../../../Engine/Content/EngineMaterials/Substrate/GLints/dict_16_192_64_0p5_0p02_0048_0005.uasset" 4867
"../../../Engine/Content/EngineMaterials/Substrate/GLints/dict_16_192_64_0p5_0p02_0048_0004.uasset" 4868
"../../../Engine/Content/EngineMaterials/Substrate/GLints/dict_16_192_64_0p5_0p02_0049_0001.uasset" 4869
"/Engine/EngineMaterials/Substrate/GLints/dict_16_192_64_0p5_0p02_0049_0012" 4870
"../../../Engine/Content/EngineMaterials/Substrate/GLints/dict_16_192_64_0p5_0p02_0048_0002.uasset" 4871
"../../../Engine/Content/EngineMaterials/Substrate/GLints/dict_16_192_64_0p5_0p02_0048_0014.uasset" 4872
"../../../Engine/Content/EngineMaterials/Substrate/GLints/dict_16_192_64_0p5_0p02_0048_0013.uasset" 4873
"../../../Engine/Content/EngineMaterials/Substrate/GLints/dict_16_192_64_0p5_0p02_0049_0006.uasset" 4874
"../../../Engine/Content/EngineMaterials/Substrate/GLints/dict_16_192_64_0p5_0p02_0048_0003.uasset" 4875
"/Engine/EngineMaterials/Substrate/GLints/dict_16_192_64_0p5_0p02_0049_0013" 4876
"/Engine/EngineMaterials/Substrate/GLints/dict_16_192_64_0p5_0p02_0049_0014" 4877
"/Engine/EngineMaterials/Substrate/GLints/dict_16_192_64_0p5_0p02_0049_0015" 4878
"/Engine/EngineMaterials/Substrate/GLints/dict_16_192_64_0p5_0p02_0050_0000" 4879
"/Engine/EngineMaterials/Substrate/GLints/dict_16_192_64_0p5_0p02_0050_0001" 4880
"../../../Engine/Content/EngineMaterials/Substrate/GLints/dict_16_192_64_0p5_0p02_0048_0000.uasset" 4881
"../../../Engine/Content/EngineMaterials/Substrate/GLints/dict_16_192_64_0p5_0p02_0048_0001.uasset" 4882
"../../../Engine/Content/EngineMaterials/Substrate/GLints/dict_16_192_64_0p5_0p02_0047_0014.uasset" 4883
"../../../Engine/Content/EngineMaterials/Substrate/GLints/dict_16_192_64_0p5_0p02_0047_0015.uasset" 4884
"/Engine/EngineMaterials/Substrate/GLints/dict_16_192_64_0p5_0p02_0048_0002" 4885
"../../../Engine/Content/EngineMaterials/Substrate/GLints/dict_16_192_64_0p5_0p02_0047_0013.uasset" 4886
"../../../Engine/Content/EngineMaterials/Substrate/GLints/dict_16_192_64_0p5_0p02_0047_0012.uasset" 4887
"../../../Engine/Content/EngineMaterials/Substrate/GLints/dict_16_192_64_0p5_0p02_0047_0011.uasset" 4888
"/Engine/EngineMaterials/Substrate/GLints/dict_16_192_64_0p5_0p02_0048_0003" 4889
"/Engine/EngineMaterials/Substrate/GLints/dict_16_192_64_0p5_0p02_0048_0004" 4890
"/Engine/EngineMaterials/Substrate/GLints/dict_16_192_64_0p5_0p02_0048_0005" 4891
"/Engine/EngineMaterials/Substrate/GLints/dict_16_192_64_0p5_0p02_0048_0006" 4892
"/Engine/EngineMaterials/Substrate/GLints/dict_16_192_64_0p5_0p02_0048_0007" 4893
"/Engine/EngineMaterials/Substrate/GLints/dict_16_192_64_0p5_0p02_0048_0008" 4894
"/Engine/EngineMaterials/Substrate/GLints/dict_16_192_64_0p5_0p02_0048_0009" 4895
"/Engine/EngineMaterials/Substrate/GLints/dict_16_192_64_0p5_0p02_0048_0010" 4896
"/Engine/EngineMaterials/Substrate/GLints/dict_16_192_64_0p5_0p02_0048_0011" 4897
"/Engine/EngineMaterials/Substrate/GLints/dict_16_192_64_0p5_0p02_0048_0012" 4898
"/Engine/EngineMaterials/Substrate/GLints/dict_16_192_64_0p5_0p02_0048_0013" 4899
"/Engine/EngineMaterials/Substrate/GLints/dict_16_192_64_0p5_0p02_0048_0014" 4900
"/Engine/EngineMaterials/Substrate/GLints/dict_16_192_64_0p5_0p02_0048_0015" 4901
"/Engine/EngineMaterials/Substrate/GLints/dict_16_192_64_0p5_0p02_0049_0000" 4902
"/Engine/EngineMaterials/Substrate/GLints/dict_16_192_64_0p5_0p02_0049_0001" 4903
"/Engine/EngineMaterials/Substrate/GLints/dict_16_192_64_0p5_0p02_0049_0002" 4904
"/Engine/EngineMaterials/Substrate/GLints/dict_16_192_64_0p5_0p02_0049_0003" 4905
"/Engine/EngineMaterials/Substrate/GLints/dict_16_192_64_0p5_0p02_0049_0004" 4906
"/Engine/EngineMaterials/Substrate/GLints/dict_16_192_64_0p5_0p02_0049_0005" 4907
"/Engine/EngineMaterials/Substrate/GLints/dict_16_192_64_0p5_0p02_0049_0006" 4908
"/Engine/EngineMaterials/Substrate/GLints/dict_16_192_64_0p5_0p02_0049_0007" 4909
"/Engine/EngineMaterials/Substrate/GLints/dict_16_192_64_0p5_0p02_0049_0008" 4910
"/Engine/EngineMaterials/Substrate/GLints/dict_16_192_64_0p5_0p02_0049_0009" 4911
"/Engine/EngineMaterials/Substrate/GLints/dict_16_192_64_0p5_0p02_0049_0010" 4912
"../../../Engine/Content/EngineMaterials/Substrate/GLints/dict_16_192_64_0p5_0p02_0047_0005.uasset" 4913
"../../../Engine/Content/EngineMaterials/Substrate/GLints/dict_16_192_64_0p5_0p02_0047_0007.uasset" 4914
"../../../Engine/Content/EngineMaterials/Substrate/GLints/dict_16_192_64_0p5_0p02_0047_0002.uasset" 4915
"/Engine/EngineMaterials/Substrate/GLints/dict_16_192_64_0p5_0p02_0047_0011" 4916
"../../../Engine/Content/EngineMaterials/Substrate/GLints/dict_16_192_64_0p5_0p02_0047_0004.uasset" 4917
"../../../Engine/Content/EngineMaterials/Substrate/GLints/dict_16_192_64_0p5_0p02_0047_0001.uasset" 4918
"../../../Engine/Content/EngineMaterials/Substrate/GLints/dict_16_192_64_0p5_0p02_0047_0008.uasset" 4919
"../../../Engine/Content/EngineMaterials/Substrate/GLints/dict_16_192_64_0p5_0p02_0047_0009.uasset" 4920
"../../../Engine/Content/EngineMaterials/Substrate/GLints/dict_16_192_64_0p5_0p02_0047_0000.uasset" 4921
"../../../Engine/Content/EngineMaterials/Substrate/GLints/dict_16_192_64_0p5_0p02_0047_0010.uasset" 4922
"../../../Engine/Content/EngineMaterials/Substrate/GLints/dict_16_192_64_0p5_0p02_0047_0003.uasset" 4923
"../../../Engine/Content/EngineMaterials/Substrate/GLints/dict_16_192_64_0p5_0p02_0046_0013.uasset" 4924
"../../../Engine/Content/EngineMaterials/Substrate/GLints/dict_16_192_64_0p5_0p02_0046_0012.uasset" 4925
"../../../Engine/Content/EngineMaterials/Substrate/GLints/dict_16_192_64_0p5_0p02_0046_0011.uasset" 4926
"../../../Engine/Content/EngineMaterials/Substrate/GLints/dict_16_192_64_0p5_0p02_0046_0015.uasset" 4927
"../../../Engine/Content/EngineMaterials/Substrate/GLints/dict_16_192_64_0p5_0p02_0046_0010.uasset" 4928
"../../../Engine/Content/EngineMaterials/Substrate/GLints/dict_16_192_64_0p5_0p02_0046_0008.uasset" 4929
"../../../Engine/Content/EngineMaterials/Substrate/GLints/dict_16_192_64_0p5_0p02_0046_0009.uasset" 4930
"../../../Engine/Content/EngineMaterials/Substrate/GLints/dict_16_192_64_0p5_0p02_0046_0007.uasset" 4931
"../../../Engine/Content/EngineMaterials/Substrate/GLints/dict_16_192_64_0p5_0p02_0046_0005.uasset" 4932
"../../../Engine/Content/EngineMaterials/Substrate/GLints/dict_16_192_64_0p5_0p02_0046_0006.uasset" 4933
"../../../Engine/Content/EngineMaterials/Substrate/GLints/dict_16_192_64_0p5_0p02_0046_0004.uasset" 4934
"../../../Engine/Content/EngineMaterials/Substrate/GLints/dict_16_192_64_0p5_0p02_0046_0014.uasset" 4935
"/Engine/EngineMaterials/Substrate/GLints/dict_16_192_64_0p5_0p02_0047_0012" 4936
"../../../Engine/Content/EngineMaterials/Substrate/GLints/dict_16_192_64_0p5_0p02_0046_0003.uasset" 4937
"../../../Engine/Content/EngineMaterials/Substrate/GLints/dict_16_192_64_0p5_0p02_0047_0006.uasset" 4938
"../../../Engine/Content/EngineMaterials/Substrate/GLints/dict_16_192_64_0p5_0p02_0046_0002.uasset" 4939
"/Engine/EngineMaterials/Substrate/GLints/dict_16_192_64_0p5_0p02_0047_0013" 4940
"/Engine/EngineMaterials/Substrate/GLints/dict_16_192_64_0p5_0p02_0047_0014" 4941
"/Engine/EngineMaterials/Substrate/GLints/dict_16_192_64_0p5_0p02_0047_0015" 4942
"/Engine/EngineMaterials/Substrate/GLints/dict_16_192_64_0p5_0p02_0048_0000" 4943
"/Engine/EngineMaterials/Substrate/GLints/dict_16_192_64_0p5_0p02_0048_0001" 4944
"../../../Engine/Content/EngineMaterials/Substrate/GLints/dict_16_192_64_0p5_0p02_0046_0001.uasset" 4945
"../../../Engine/Content/EngineMaterials/Substrate/GLints/dict_16_192_64_0p5_0p02_0046_0000.uasset" 4946
"../../../Engine/Content/EngineMaterials/Substrate/GLints/dict_16_192_64_0p5_0p02_0045_0013.uasset" 4947
"../../../Engine/Content/EngineMaterials/Substrate/GLints/dict_16_192_64_0p5_0p02_0045_0012.uasset" 4948
"/Engine/EngineMaterials/Substrate/GLints/dict_16_192_64_0p5_0p02_0046_0002" 4949
"../../../Engine/Content/EngineMaterials/Substrate/GLints/dict_16_192_64_0p5_0p02_0045_0015.uasset" 4950
"../../../Engine/Content/EngineMaterials/Substrate/GLints/dict_16_192_64_0p5_0p02_0045_0014.uasset" 4951
"../../../Engine/Content/EngineMaterials/Substrate/GLints/dict_16_192_64_0p5_0p02_0045_0011.uasset" 4952
"/Engine/EngineMaterials/Substrate/GLints/dict_16_192_64_0p5_0p02_0046_0003" 4953
"/Engine/EngineMaterials/Substrate/GLints/dict_16_192_64_0p5_0p02_0046_0004" 4954
"/Engine/EngineMaterials/Substrate/GLints/dict_16_192_64_0p5_0p02_0046_0005" 4955
"/Engine/EngineMaterials/Substrate/GLints/dict_16_192_64_0p5_0p02_0046_0006" 4956
"/Engine/EngineMaterials/Substrate/GLints/dict_16_192_64_0p5_0p02_0046_0007" 4957
"/Engine/EngineMaterials/Substrate/GLints/dict_16_192_64_0p5_0p02_0046_0008" 4958
"/Engine/EngineMaterials/Substrate/GLints/dict_16_192_64_0p5_0p02_0046_0009" 4959
"/Engine/EngineMaterials/Substrate/GLints/dict_16_192_64_0p5_0p02_0046_0010" 4960
"/Engine/EngineMaterials/Substrate/GLints/dict_16_192_64_0p5_0p02_0046_0011" 4961
"/Engine/EngineMaterials/Substrate/GLints/dict_16_192_64_0p5_0p02_0046_0012" 4962
"/Engine/EngineMaterials/Substrate/GLints/dict_16_192_64_0p5_0p02_0046_0013" 4963
"/Engine/EngineMaterials/Substrate/GLints/dict_16_192_64_0p5_0p02_0046_0014" 4964
"/Engine/EngineMaterials/Substrate/GLints/dict_16_192_64_0p5_0p02_0046_0015" 4965
"/Engine/EngineMaterials/Substrate/GLints/dict_16_192_64_0p5_0p02_0047_0000" 4966
"/Engine/EngineMaterials/Substrate/GLints/dict_16_192_64_0p5_0p02_0047_0001" 4967
"/Engine/EngineMaterials/Substrate/GLints/dict_16_192_64_0p5_0p02_0047_0002" 4968
"/Engine/EngineMaterials/Substrate/GLints/dict_16_192_64_0p5_0p02_0047_0003" 4969
"/Engine/EngineMaterials/Substrate/GLints/dict_16_192_64_0p5_0p02_0047_0004" 4970
"/Engine/EngineMaterials/Substrate/GLints/dict_16_192_64_0p5_0p02_0047_0005" 4971
"/Engine/EngineMaterials/Substrate/GLints/dict_16_192_64_0p5_0p02_0047_0006" 4972
"/Engine/EngineMaterials/Substrate/GLints/dict_16_192_64_0p5_0p02_0047_0007" 4973
"/Engine/EngineMaterials/Substrate/GLints/dict_16_192_64_0p5_0p02_0047_0008" 4974
"/Engine/EngineMaterials/Substrate/GLints/dict_16_192_64_0p5_0p02_0047_0009" 4975
"/Engine/EngineMaterials/Substrate/GLints/dict_16_192_64_0p5_0p02_0047_0010" 4976
"../../../Engine/Content/EngineMaterials/Substrate/GLints/dict_16_192_64_0p5_0p02_0045_0006.uasset" 4977
"../../../Engine/Content/EngineMaterials/Substrate/GLints/dict_16_192_64_0p5_0p02_0045_0009.uasset" 4978
"../../../Engine/Content/EngineMaterials/Substrate/GLints/dict_16_192_64_0p5_0p02_0045_0002.uasset" 4979
"../../../Engine/Content/EngineMaterials/Substrate/GLints/dict_16_192_64_0p5_0p02_0045_0008.uasset" 4980
"../../../Engine/Content/EngineMaterials/Substrate/GLints/dict_16_192_64_0p5_0p02_0045_0007.uasset" 4981
"../../../Engine/Content/EngineMaterials/Substrate/GLints/dict_16_192_64_0p5_0p02_0045_0005.uasset" 4982
"../../../Engine/Content/EngineMaterials/Substrate/GLints/dict_16_192_64_0p5_0p02_0044_0013.uasset" 4983
"../../../Engine/Content/EngineMaterials/Substrate/GLints/dict_16_192_64_0p5_0p02_0045_0003.uasset" 4984
"../../../Engine/Content/EngineMaterials/Substrate/GLints/dict_16_192_64_0p5_0p02_0044_0011.uasset" 4985
"../../../Engine/Content/EngineMaterials/Substrate/GLints/dict_16_192_64_0p5_0p02_0044_0012.uasset" 4986
"../../../Engine/Content/EngineMaterials/Substrate/GLints/dict_16_192_64_0p5_0p02_0045_0004.uasset" 4987
"../../../Engine/Content/EngineMaterials/Substrate/GLints/dict_16_192_64_0p5_0p02_0045_0001.uasset" 4988
"../../../Engine/Content/EngineMaterials/Substrate/GLints/dict_16_192_64_0p5_0p02_0045_0000.uasset" 4989
"../../../Engine/Content/EngineMaterials/Substrate/GLints/dict_16_192_64_0p5_0p02_0044_0009.uasset" 4990
"/Engine/EngineMaterials/Substrate/GLints/dict_16_192_64_0p5_0p02_0045_0011" 4991
"../../../Engine/Content/EngineMaterials/Substrate/GLints/dict_16_192_64_0p5_0p02_0044_0010.uasset" 4992
"../../../Engine/Content/EngineMaterials/Substrate/GLints/dict_16_192_64_0p5_0p02_0045_0010.uasset" 4993
"../../../Engine/Content/EngineMaterials/Substrate/GLints/dict_16_192_64_0p5_0p02_0044_0007.uasset" 4994
"../../../Engine/Content/EngineMaterials/Substrate/GLints/dict_16_192_64_0p5_0p02_0044_0015.uasset" 4995
"../../../Engine/Content/EngineMaterials/Substrate/GLints/dict_16_192_64_0p5_0p02_0044_0005.uasset" 4996
"../../../Engine/Content/EngineMaterials/Substrate/GLints/dict_16_192_64_0p5_0p02_0044_0014.uasset" 4997
"../../../Engine/Content/EngineMaterials/Substrate/GLints/dict_16_192_64_0p5_0p02_0044_0004.uasset" 4998
"../../../Engine/Content/EngineMaterials/Substrate/GLints/dict_16_192_64_0p5_0p02_0044_0003.uasset" 4999
"../../../Engine/Content/EngineMaterials/Substrate/GLints/dict_16_192_64_0p5_0p02_0044_0008.uasset" 5000
"../../../Engine/Content/EngineMaterials/Substrate/GLints/dict_16_192_64_0p5_0p02_0044_0006.uasset" 5001
"../../../Engine/Content/EngineMaterials/Substrate/GLints/dict_16_192_64_0p5_0p02_0044_0002.uasset" 5002
"/Engine/EngineMaterials/Substrate/GLints/dict_16_192_64_0p5_0p02_0045_0012" 5003
"/Engine/EngineMaterials/Substrate/GLints/dict_16_192_64_0p5_0p02_0045_0013" 5004
"/Engine/EngineMaterials/Substrate/GLints/dict_16_192_64_0p5_0p02_0045_0014" 5005
"/Engine/EngineMaterials/Substrate/GLints/dict_16_192_64_0p5_0p02_0045_0015" 5006
"/Engine/EngineMaterials/Substrate/GLints/dict_16_192_64_0p5_0p02_0046_0000" 5007
"/Engine/EngineMaterials/Substrate/GLints/dict_16_192_64_0p5_0p02_0046_0001" 5008
"../../../Engine/Content/EngineMaterials/Substrate/GLints/dict_16_192_64_0p5_0p02_0044_0000.uasset" 5009
"../../../Engine/Content/EngineMaterials/Substrate/GLints/dict_16_192_64_0p5_0p02_0043_0014.uasset" 5010
"../../../Engine/Content/EngineMaterials/Substrate/GLints/dict_16_192_64_0p5_0p02_0044_0001.uasset" 5011
"../../../Engine/Content/EngineMaterials/Substrate/GLints/dict_16_192_64_0p5_0p02_0043_0012.uasset" 5012
"../../../Engine/Content/EngineMaterials/Substrate/GLints/dict_16_192_64_0p5_0p02_0043_0013.uasset" 5013
"/Engine/EngineMaterials/Substrate/GLints/dict_16_192_64_0p5_0p02_0044_0002" 5014
"../../../Engine/Content/EngineMaterials/Substrate/GLints/dict_16_192_64_0p5_0p02_0043_0011.uasset" 5015
"../../../Engine/Content/EngineMaterials/Substrate/GLints/dict_16_192_64_0p5_0p02_0043_0015.uasset" 5016
"/Engine/EngineMaterials/Substrate/GLints/dict_16_192_64_0p5_0p02_0044_0003" 5017
"/Engine/EngineMaterials/Substrate/GLints/dict_16_192_64_0p5_0p02_0044_0004" 5018
"/Engine/EngineMaterials/Substrate/GLints/dict_16_192_64_0p5_0p02_0044_0005" 5019
"/Engine/EngineMaterials/Substrate/GLints/dict_16_192_64_0p5_0p02_0044_0006" 5020
"/Engine/EngineMaterials/Substrate/GLints/dict_16_192_64_0p5_0p02_0044_0007" 5021
"/Engine/EngineMaterials/Substrate/GLints/dict_16_192_64_0p5_0p02_0044_0008" 5022
"/Engine/EngineMaterials/Substrate/GLints/dict_16_192_64_0p5_0p02_0044_0009" 5023
"/Engine/EngineMaterials/Substrate/GLints/dict_16_192_64_0p5_0p02_0044_0010" 5024
"/Engine/EngineMaterials/Substrate/GLints/dict_16_192_64_0p5_0p02_0044_0011" 5025
"/Engine/EngineMaterials/Substrate/GLints/dict_16_192_64_0p5_0p02_0044_0012" 5026
"/Engine/EngineMaterials/Substrate/GLints/dict_16_192_64_0p5_0p02_0044_0013" 5027
"/Engine/EngineMaterials/Substrate/GLints/dict_16_192_64_0p5_0p02_0044_0014" 5028
"/Engine/EngineMaterials/Substrate/GLints/dict_16_192_64_0p5_0p02_0044_0015" 5029
"/Engine/EngineMaterials/Substrate/GLints/dict_16_192_64_0p5_0p02_0045_0000" 5030
"/Engine/EngineMaterials/Substrate/GLints/dict_16_192_64_0p5_0p02_0045_0001" 5031
"/Engine/EngineMaterials/Substrate/GLints/dict_16_192_64_0p5_0p02_0045_0002" 5032
"/Engine/EngineMaterials/Substrate/GLints/dict_16_192_64_0p5_0p02_0045_0003" 5033
"/Engine/EngineMaterials/Substrate/GLints/dict_16_192_64_0p5_0p02_0045_0004" 5034
"/Engine/EngineMaterials/Substrate/GLints/dict_16_192_64_0p5_0p02_0045_0005" 5035
"/Engine/EngineMaterials/Substrate/GLints/dict_16_192_64_0p5_0p02_0045_0006" 5036
"/Engine/EngineMaterials/Substrate/GLints/dict_16_192_64_0p5_0p02_0045_0007" 5037
"/Engine/EngineMaterials/Substrate/GLints/dict_16_192_64_0p5_0p02_0045_0008" 5038
"/Engine/EngineMaterials/Substrate/GLints/dict_16_192_64_0p5_0p02_0045_0009" 5039
"/Engine/EngineMaterials/Substrate/GLints/dict_16_192_64_0p5_0p02_0045_0010" 5040
"../../../Engine/Content/EngineMaterials/Substrate/GLints/dict_16_192_64_0p5_0p02_0043_0010.uasset" 5041
"../../../Engine/Content/EngineMaterials/Substrate/GLints/dict_16_192_64_0p5_0p02_0043_0006.uasset" 5042
"../../../Engine/Content/EngineMaterials/Substrate/GLints/dict_16_192_64_0p5_0p02_0043_0003.uasset" 5043
"/Engine/EngineMaterials/Substrate/GLints/dict_16_192_64_0p5_0p02_0043_0011" 5044
"../../../Engine/Content/EngineMaterials/Substrate/GLints/dict_16_192_64_0p5_0p02_0043_0008.uasset" 5045
"../../../Engine/Content/EngineMaterials/Substrate/GLints/dict_16_192_64_0p5_0p02_0042_0012.uasset" 5046
"../../../Engine/Content/EngineMaterials/Substrate/GLints/dict_16_192_64_0p5_0p02_0042_0015.uasset" 5047
"../../../Engine/Content/EngineMaterials/Substrate/GLints/dict_16_192_64_0p5_0p02_0042_0013.uasset" 5048
"../../../Engine/Content/EngineMaterials/Substrate/GLints/dict_16_192_64_0p5_0p02_0043_0007.uasset" 5049
"../../../Engine/Content/EngineMaterials/Substrate/GLints/dict_16_192_64_0p5_0p02_0042_0014.uasset" 5050
"../../../Engine/Content/EngineMaterials/Substrate/GLints/dict_16_192_64_0p5_0p02_0042_0011.uasset" 5051
"../../../Engine/Content/EngineMaterials/Substrate/GLints/dict_16_192_64_0p5_0p02_0042_0010.uasset" 5052
"../../../Engine/Content/EngineMaterials/Substrate/GLints/dict_16_192_64_0p5_0p02_0042_0009.uasset" 5053
"../../../Engine/Content/EngineMaterials/Substrate/GLints/dict_16_192_64_0p5_0p02_0042_0008.uasset" 5054
"../../../Engine/Content/EngineMaterials/Substrate/GLints/dict_16_192_64_0p5_0p02_0042_0007.uasset" 5055
"../../../Engine/Content/EngineMaterials/Substrate/GLints/dict_16_192_64_0p5_0p02_0042_0006.uasset" 5056
"../../../Engine/Content/EngineMaterials/Substrate/GLints/dict_16_192_64_0p5_0p02_0042_0005.uasset" 5057
"../../../Engine/Content/EngineMaterials/Substrate/GLints/dict_16_192_64_0p5_0p02_0042_0003.uasset" 5058
"../../../Engine/Content/EngineMaterials/Substrate/GLints/dict_16_192_64_0p5_0p02_0042_0004.uasset" 5059
"../../../Engine/Content/EngineMaterials/Substrate/GLints/dict_16_192_64_0p5_0p02_0042_0002.uasset" 5060
"/Engine/EngineMaterials/Substrate/GLints/dict_16_192_64_0p5_0p02_0043_0012" 5061
"../../../Engine/Content/EngineMaterials/Substrate/GLints/dict_16_192_64_0p5_0p02_0043_0004.uasset" 5062
"../../../Engine/Content/EngineMaterials/Substrate/GLints/dict_16_192_64_0p5_0p02_0043_0000.uasset" 5063
"../../../Engine/Content/EngineMaterials/Substrate/GLints/dict_16_192_64_0p5_0p02_0043_0001.uasset" 5064
"../../../Engine/Content/EngineMaterials/Substrate/GLints/dict_16_192_64_0p5_0p02_0043_0009.uasset" 5065
"../../../Engine/Content/EngineMaterials/Substrate/GLints/dict_16_192_64_0p5_0p02_0043_0002.uasset" 5066
"../../../Engine/Content/EngineMaterials/Substrate/GLints/dict_16_192_64_0p5_0p02_0043_0005.uasset" 5067
"/Engine/EngineMaterials/Substrate/GLints/dict_16_192_64_0p5_0p02_0043_0013" 5068
"/Engine/EngineMaterials/Substrate/GLints/dict_16_192_64_0p5_0p02_0043_0014" 5069
"/Engine/EngineMaterials/Substrate/GLints/dict_16_192_64_0p5_0p02_0043_0015" 5070
"/Engine/EngineMaterials/Substrate/GLints/dict_16_192_64_0p5_0p02_0044_0000" 5071
"/Engine/EngineMaterials/Substrate/GLints/dict_16_192_64_0p5_0p02_0044_0001" 5072
"../../../Engine/Content/EngineMaterials/Substrate/GLints/dict_16_192_64_0p5_0p02_0042_0001.uasset" 5073
"../../../Engine/Content/EngineMaterials/Substrate/GLints/dict_16_192_64_0p5_0p02_0042_0000.uasset" 5074
"../../../Engine/Content/EngineMaterials/Substrate/GLints/dict_16_192_64_0p5_0p02_0041_0013.uasset" 5075
"../../../Engine/Content/EngineMaterials/Substrate/GLints/dict_16_192_64_0p5_0p02_0041_0014.uasset" 5076
"/Engine/EngineMaterials/Substrate/GLints/dict_16_192_64_0p5_0p02_0042_0002" 5077
"../../../Engine/Content/EngineMaterials/Substrate/GLints/dict_16_192_64_0p5_0p02_0041_0012.uasset" 5078
"../../../Engine/Content/EngineMaterials/Substrate/GLints/dict_16_192_64_0p5_0p02_0041_0015.uasset" 5079
"../../../Engine/Content/EngineMaterials/Substrate/GLints/dict_16_192_64_0p5_0p02_0041_0011.uasset" 5080
"/Engine/EngineMaterials/Substrate/GLints/dict_16_192_64_0p5_0p02_0042_0003" 5081
"/Engine/EngineMaterials/Substrate/GLints/dict_16_192_64_0p5_0p02_0042_0004" 5082
"/Engine/EngineMaterials/Substrate/GLints/dict_16_192_64_0p5_0p02_0042_0005" 5083
"/Engine/EngineMaterials/Substrate/GLints/dict_16_192_64_0p5_0p02_0042_0006" 5084
"/Engine/EngineMaterials/Substrate/GLints/dict_16_192_64_0p5_0p02_0042_0007" 5085
"/Engine/EngineMaterials/Substrate/GLints/dict_16_192_64_0p5_0p02_0042_0008" 5086
"/Engine/EngineMaterials/Substrate/GLints/dict_16_192_64_0p5_0p02_0042_0009" 5087
"/Engine/EngineMaterials/Substrate/GLints/dict_16_192_64_0p5_0p02_0042_0010" 5088
"/Engine/EngineMaterials/Substrate/GLints/dict_16_192_64_0p5_0p02_0042_0011" 5089
"/Engine/EngineMaterials/Substrate/GLints/dict_16_192_64_0p5_0p02_0042_0012" 5090
"/Engine/EngineMaterials/Substrate/GLints/dict_16_192_64_0p5_0p02_0042_0013" 5091
"/Engine/EngineMaterials/Substrate/GLints/dict_16_192_64_0p5_0p02_0042_0014" 5092
"/Engine/EngineMaterials/Substrate/GLints/dict_16_192_64_0p5_0p02_0042_0015" 5093
"/Engine/EngineMaterials/Substrate/GLints/dict_16_192_64_0p5_0p02_0043_0000" 5094
"/Engine/EngineMaterials/Substrate/GLints/dict_16_192_64_0p5_0p02_0043_0001" 5095
"/Engine/EngineMaterials/Substrate/GLints/dict_16_192_64_0p5_0p02_0043_0002" 5096
"/Engine/EngineMaterials/Substrate/GLints/dict_16_192_64_0p5_0p02_0043_0003" 5097
"/Engine/EngineMaterials/Substrate/GLints/dict_16_192_64_0p5_0p02_0043_0004" 5098
"/Engine/EngineMaterials/Substrate/GLints/dict_16_192_64_0p5_0p02_0043_0005" 5099
"/Engine/EngineMaterials/Substrate/GLints/dict_16_192_64_0p5_0p02_0043_0006" 5100
"/Engine/EngineMaterials/Substrate/GLints/dict_16_192_64_0p5_0p02_0043_0007" 5101
"/Engine/EngineMaterials/Substrate/GLints/dict_16_192_64_0p5_0p02_0043_0008" 5102
"/Engine/EngineMaterials/Substrate/GLints/dict_16_192_64_0p5_0p02_0043_0009" 5103
"/Engine/EngineMaterials/Substrate/GLints/dict_16_192_64_0p5_0p02_0043_0010" 5104
"../../../Engine/Content/EngineMaterials/Substrate/GLints/dict_16_192_64_0p5_0p02_0041_0010.uasset" 5105
"../../../Engine/Content/EngineMaterials/Substrate/GLints/dict_16_192_64_0p5_0p02_0041_0008.uasset" 5106
"/Engine/EngineMaterials/Substrate/GLints/dict_16_192_64_0p5_0p02_0041_0011" 5107
"../../../Engine/Content/EngineMaterials/Substrate/GLints/dict_16_192_64_0p5_0p02_0041_0007.uasset" 5108
"/Engine/EngineMaterials/Substrate/GLints/dict_16_192_64_0p5_0p02_0041_0012" 5109
"../../../Engine/Content/EngineMaterials/Substrate/GLints/dict_16_192_64_0p5_0p02_0041_0006.uasset" 5110
"../../../Engine/Content/EngineMaterials/Substrate/GLints/dict_16_192_64_0p5_0p02_0041_0005.uasset" 5111
"../../../Engine/Content/EngineMaterials/Substrate/GLints/dict_16_192_64_0p5_0p02_0041_0004.uasset" 5112
"/Engine/EngineMaterials/Substrate/GLints/dict_16_192_64_0p5_0p02_0041_0013" 5113
"../../../Engine/Content/EngineMaterials/Substrate/GLints/dict_16_192_64_0p5_0p02_0041_0003.uasset" 5114
"../../../Engine/Content/EngineMaterials/Substrate/GLints/dict_16_192_64_0p5_0p02_0041_0002.uasset" 5115
"../../../Engine/Content/EngineMaterials/Substrate/GLints/dict_16_192_64_0p5_0p02_0041_0001.uasset" 5116
"../../../Engine/Content/EngineMaterials/Substrate/GLints/dict_16_192_64_0p5_0p02_0041_0000.uasset" 5117
"../../../Engine/Content/EngineMaterials/Substrate/GLints/dict_16_192_64_0p5_0p02_0040_0015.uasset" 5118
"/Engine/EngineMaterials/Substrate/GLints/dict_16_192_64_0p5_0p02_0041_0014" 5119
"../../../Engine/Content/EngineMaterials/Substrate/GLints/dict_16_192_64_0p5_0p02_0040_0013.uasset" 5120
"../../../Engine/Content/EngineMaterials/Substrate/GLints/dict_16_192_64_0p5_0p02_0040_0014.uasset" 5121
"../../../Engine/Content/EngineMaterials/Substrate/GLints/dict_16_192_64_0p5_0p02_0040_0012.uasset" 5122
"../../../Engine/Content/EngineMaterials/Substrate/GLints/dict_16_192_64_0p5_0p02_0040_0011.uasset" 5123
"../../../Engine/Content/EngineMaterials/Substrate/GLints/dict_16_192_64_0p5_0p02_0040_0009.uasset" 5124
"/Engine/EngineMaterials/Substrate/GLints/dict_16_192_64_0p5_0p02_0041_0015" 5125
"../../../Engine/Content/EngineMaterials/Substrate/GLints/dict_16_192_64_0p5_0p02_0040_0010.uasset" 5126
"../../../Engine/Content/EngineMaterials/Substrate/GLints/dict_16_192_64_0p5_0p02_0040_0008.uasset" 5127
"../../../Engine/Content/EngineMaterials/Substrate/GLints/dict_16_192_64_0p5_0p02_0040_0007.uasset" 5128
"../../../Engine/Content/EngineMaterials/Substrate/GLints/dict_16_192_64_0p5_0p02_0040_0006.uasset" 5129
"/Engine/EngineMaterials/Substrate/GLints/dict_16_192_64_0p5_0p02_0042_0000" 5130
"../../../Engine/Content/EngineMaterials/Substrate/GLints/dict_16_192_64_0p5_0p02_0040_0004.uasset" 5131
"../../../Engine/Content/EngineMaterials/Substrate/GLints/dict_16_192_64_0p5_0p02_0040_0005.uasset" 5132
"../../../Engine/Content/EngineMaterials/Substrate/GLints/dict_16_192_64_0p5_0p02_0040_0002.uasset" 5133
"../../../Engine/Content/EngineMaterials/Substrate/GLints/dict_16_192_64_0p5_0p02_0040_0003.uasset" 5134
"../../../Engine/Content/EngineMaterials/Substrate/GLints/dict_16_192_64_0p5_0p02_0041_0009.uasset" 5135
"/Engine/EngineMaterials/Substrate/GLints/dict_16_192_64_0p5_0p02_0042_0001" 5136
"../../../Engine/Content/EngineMaterials/Substrate/GLints/dict_16_192_64_0p5_0p02_0040_0001.uasset" 5137
"../../../Engine/Content/EngineMaterials/Substrate/GLints/dict_16_192_64_0p5_0p02_0039_0014.uasset" 5138
"../../../Engine/Content/EngineMaterials/Substrate/GLints/dict_16_192_64_0p5_0p02_0040_0000.uasset" 5139
"/Engine/EngineMaterials/Substrate/GLints/dict_16_192_64_0p5_0p02_0040_0002" 5140
"../../../Engine/Content/EngineMaterials/Substrate/GLints/dict_16_192_64_0p5_0p02_0039_0011.uasset" 5141
"../../../Engine/Content/EngineMaterials/Substrate/GLints/dict_16_192_64_0p5_0p02_0039_0012.uasset" 5142
"../../../Engine/Content/EngineMaterials/Substrate/GLints/dict_16_192_64_0p5_0p02_0039_0015.uasset" 5143
"../../../Engine/Content/EngineMaterials/Substrate/GLints/dict_16_192_64_0p5_0p02_0039_0013.uasset" 5144
"/Engine/EngineMaterials/Substrate/GLints/dict_16_192_64_0p5_0p02_0040_0003" 5145
"/Engine/EngineMaterials/Substrate/GLints/dict_16_192_64_0p5_0p02_0040_0004" 5146
"/Engine/EngineMaterials/Substrate/GLints/dict_16_192_64_0p5_0p02_0040_0005" 5147
"/Engine/EngineMaterials/Substrate/GLints/dict_16_192_64_0p5_0p02_0040_0006" 5148
"/Engine/EngineMaterials/Substrate/GLints/dict_16_192_64_0p5_0p02_0040_0007" 5149
"/Engine/EngineMaterials/Substrate/GLints/dict_16_192_64_0p5_0p02_0040_0008" 5150
"/Engine/EngineMaterials/Substrate/GLints/dict_16_192_64_0p5_0p02_0040_0009" 5151
"/Engine/EngineMaterials/Substrate/GLints/dict_16_192_64_0p5_0p02_0040_0010" 5152
"/Engine/EngineMaterials/Substrate/GLints/dict_16_192_64_0p5_0p02_0040_0011" 5153
"/Engine/EngineMaterials/Substrate/GLints/dict_16_192_64_0p5_0p02_0040_0012" 5154
"/Engine/EngineMaterials/Substrate/GLints/dict_16_192_64_0p5_0p02_0040_0013" 5155
"/Engine/EngineMaterials/Substrate/GLints/dict_16_192_64_0p5_0p02_0040_0014" 5156
"/Engine/EngineMaterials/Substrate/GLints/dict_16_192_64_0p5_0p02_0040_0015" 5157
"/Engine/EngineMaterials/Substrate/GLints/dict_16_192_64_0p5_0p02_0041_0000" 5158
"/Engine/EngineMaterials/Substrate/GLints/dict_16_192_64_0p5_0p02_0041_0001" 5159
"/Engine/EngineMaterials/Substrate/GLints/dict_16_192_64_0p5_0p02_0041_0002" 5160
"/Engine/EngineMaterials/Substrate/GLints/dict_16_192_64_0p5_0p02_0041_0003" 5161
"/Engine/EngineMaterials/Substrate/GLints/dict_16_192_64_0p5_0p02_0041_0004" 5162
"/Engine/EngineMaterials/Substrate/GLints/dict_16_192_64_0p5_0p02_0041_0005" 5163
"/Engine/EngineMaterials/Substrate/GLints/dict_16_192_64_0p5_0p02_0041_0006" 5164
"/Engine/EngineMaterials/Substrate/GLints/dict_16_192_64_0p5_0p02_0041_0007" 5165
"/Engine/EngineMaterials/Substrate/GLints/dict_16_192_64_0p5_0p02_0041_0008" 5166
"/Engine/EngineMaterials/Substrate/GLints/dict_16_192_64_0p5_0p02_0041_0009" 5167
"/Engine/EngineMaterials/Substrate/GLints/dict_16_192_64_0p5_0p02_0041_0010" 5168
"../../../Engine/Content/EngineMaterials/Substrate/GLints/dict_16_192_64_0p5_0p02_0039_0010.uasset" 5169
"../../../Engine/Content/EngineMaterials/Substrate/GLints/dict_16_192_64_0p5_0p02_0039_0008.uasset" 5170
"../../../Engine/Content/EngineMaterials/Substrate/GLints/dict_16_192_64_0p5_0p02_0039_0004.uasset" 5171
"../../../Engine/Content/EngineMaterials/Substrate/GLints/dict_16_192_64_0p5_0p02_0039_0005.uasset" 5172
"../../../Engine/Content/EngineMaterials/Substrate/GLints/dict_16_192_64_0p5_0p02_0039_0000.uasset" 5173
"../../../Engine/Content/EngineMaterials/Substrate/GLints/dict_16_192_64_0p5_0p02_0039_0002.uasset" 5174
"/Engine/EngineMaterials/Substrate/GLints/dict_16_192_64_0p5_0p02_0039_0011" 5175
"../../../Engine/Content/EngineMaterials/Substrate/GLints/dict_16_192_64_0p5_0p02_0039_0003.uasset" 5176
"../../../Engine/Content/EngineMaterials/Substrate/GLints/dict_16_192_64_0p5_0p02_0039_0001.uasset" 5177
"../../../Engine/Content/EngineMaterials/Substrate/GLints/dict_16_192_64_0p5_0p02_0038_0012.uasset" 5178
"../../../Engine/Content/EngineMaterials/Substrate/GLints/dict_16_192_64_0p5_0p02_0038_0011.uasset" 5179
"../../../Engine/Content/EngineMaterials/Substrate/GLints/dict_16_192_64_0p5_0p02_0038_0010.uasset" 5180
"../../../Engine/Content/EngineMaterials/Substrate/GLints/dict_16_192_64_0p5_0p02_0038_0009.uasset" 5181
"../../../Engine/Content/EngineMaterials/Substrate/GLints/dict_16_192_64_0p5_0p02_0038_0008.uasset" 5182
"../../../Engine/Content/EngineMaterials/Substrate/GLints/dict_16_192_64_0p5_0p02_0038_0007.uasset" 5183
"../../../Engine/Content/EngineMaterials/Substrate/GLints/dict_16_192_64_0p5_0p02_0038_0006.uasset" 5184
"../../../Engine/Content/EngineMaterials/Substrate/GLints/dict_16_192_64_0p5_0p02_0039_0007.uasset" 5185
"../../../Engine/Content/EngineMaterials/Substrate/GLints/dict_16_192_64_0p5_0p02_0038_0004.uasset" 5186
"../../../Engine/Content/EngineMaterials/Substrate/GLints/dict_16_192_64_0p5_0p02_0038_0015.uasset" 5187
"../../../Engine/Content/EngineMaterials/Substrate/GLints/dict_16_192_64_0p5_0p02_0038_0002.uasset" 5188
"../../../Engine/Content/EngineMaterials/Substrate/GLints/dict_16_192_64_0p5_0p02_0038_0014.uasset" 5189
"../../../Engine/Content/EngineMaterials/Substrate/GLints/dict_16_192_64_0p5_0p02_0039_0006.uasset" 5190
"/Engine/EngineMaterials/Substrate/GLints/dict_16_192_64_0p5_0p02_0039_0012" 5191
"../../../Engine/Content/EngineMaterials/Substrate/GLints/dict_16_192_64_0p5_0p02_0038_0005.uasset" 5192
"../../../Engine/Content/EngineMaterials/Substrate/GLints/dict_16_192_64_0p5_0p02_0038_0013.uasset" 5193
"../../../Engine/Content/EngineMaterials/Substrate/GLints/dict_16_192_64_0p5_0p02_0038_0003.uasset" 5194
"../../../Engine/Content/EngineMaterials/Substrate/GLints/dict_16_192_64_0p5_0p02_0039_0009.uasset" 5195
"/Engine/EngineMaterials/Substrate/GLints/dict_16_192_64_0p5_0p02_0039_0013" 5196
"/Engine/EngineMaterials/Substrate/GLints/dict_16_192_64_0p5_0p02_0039_0014" 5197
"/Engine/EngineMaterials/Substrate/GLints/dict_16_192_64_0p5_0p02_0039_0015" 5198
"/Engine/EngineMaterials/Substrate/GLints/dict_16_192_64_0p5_0p02_0040_0000" 5199
"/Engine/EngineMaterials/Substrate/GLints/dict_16_192_64_0p5_0p02_0040_0001" 5200
"../../../Engine/Content/EngineMaterials/Substrate/GLints/dict_16_192_64_0p5_0p02_0038_0001.uasset" 5201
"../../../Engine/Content/EngineMaterials/Substrate/GLints/dict_16_192_64_0p5_0p02_0037_0015.uasset" 5202
"../../../Engine/Content/EngineMaterials/Substrate/GLints/dict_16_192_64_0p5_0p02_0038_0000.uasset" 5203
"../../../Engine/Content/EngineMaterials/Substrate/GLints/dict_16_192_64_0p5_0p02_0037_0014.uasset" 5204
"../../../Engine/Content/EngineMaterials/Substrate/GLints/dict_16_192_64_0p5_0p02_0037_0013.uasset" 5205
"/Engine/EngineMaterials/Substrate/GLints/dict_16_192_64_0p5_0p02_0038_0002" 5206
"/Engine/EngineMaterials/Substrate/GLints/dict_16_192_64_0p5_0p02_0038_0003" 5207
"../../../Engine/Content/EngineMaterials/Substrate/GLints/dict_16_192_64_0p5_0p02_0037_0011.uasset" 5208
"../../../Engine/Content/EngineMaterials/Substrate/GLints/dict_16_192_64_0p5_0p02_0037_0012.uasset" 5209
"/Engine/EngineMaterials/Substrate/GLints/dict_16_192_64_0p5_0p02_0038_0004" 5210
"/Engine/EngineMaterials/Substrate/GLints/dict_16_192_64_0p5_0p02_0038_0005" 5211
"/Engine/EngineMaterials/Substrate/GLints/dict_16_192_64_0p5_0p02_0038_0006" 5212
"/Engine/EngineMaterials/Substrate/GLints/dict_16_192_64_0p5_0p02_0038_0007" 5213
"/Engine/EngineMaterials/Substrate/GLints/dict_16_192_64_0p5_0p02_0038_0008" 5214
"/Engine/EngineMaterials/Substrate/GLints/dict_16_192_64_0p5_0p02_0038_0009" 5215
"/Engine/EngineMaterials/Substrate/GLints/dict_16_192_64_0p5_0p02_0038_0010" 5216
"/Engine/EngineMaterials/Substrate/GLints/dict_16_192_64_0p5_0p02_0038_0011" 5217
"/Engine/EngineMaterials/Substrate/GLints/dict_16_192_64_0p5_0p02_0038_0012" 5218
"/Engine/EngineMaterials/Substrate/GLints/dict_16_192_64_0p5_0p02_0038_0013" 5219
"/Engine/EngineMaterials/Substrate/GLints/dict_16_192_64_0p5_0p02_0038_0014" 5220
"/Engine/EngineMaterials/Substrate/GLints/dict_16_192_64_0p5_0p02_0038_0015" 5221
"/Engine/EngineMaterials/Substrate/GLints/dict_16_192_64_0p5_0p02_0039_0000" 5222
"/Engine/EngineMaterials/Substrate/GLints/dict_16_192_64_0p5_0p02_0039_0001" 5223
"/Engine/EngineMaterials/Substrate/GLints/dict_16_192_64_0p5_0p02_0039_0002" 5224
"/Engine/EngineMaterials/Substrate/GLints/dict_16_192_64_0p5_0p02_0039_0003" 5225
"/Engine/EngineMaterials/Substrate/GLints/dict_16_192_64_0p5_0p02_0039_0004" 5226
"/Engine/EngineMaterials/Substrate/GLints/dict_16_192_64_0p5_0p02_0039_0005" 5227
"/Engine/EngineMaterials/Substrate/GLints/dict_16_192_64_0p5_0p02_0039_0006" 5228
"/Engine/EngineMaterials/Substrate/GLints/dict_16_192_64_0p5_0p02_0039_0007" 5229
"/Engine/EngineMaterials/Substrate/GLints/dict_16_192_64_0p5_0p02_0039_0008" 5230
"/Engine/EngineMaterials/Substrate/GLints/dict_16_192_64_0p5_0p02_0039_0009" 5231
"/Engine/EngineMaterials/Substrate/GLints/dict_16_192_64_0p5_0p02_0039_0010" 5232
"/Engine/EngineMaterials/Substrate/GLints/dict_16_192_64_0p5_0p02_0038_0001" 5233
"../../../Engine/Content/EngineMaterials/Substrate/GLints/dict_16_192_64_0p5_0p02_0037_0010.uasset" 5234
"../../../Engine/Content/EngineMaterials/Substrate/GLints/dict_16_192_64_0p5_0p02_0037_0009.uasset" 5235
"../../../Engine/Content/EngineMaterials/Substrate/GLints/dict_16_192_64_0p5_0p02_0037_0006.uasset" 5236
"../../../Engine/Content/EngineMaterials/Substrate/GLints/dict_16_192_64_0p5_0p02_0037_0005.uasset" 5237
"/Engine/EngineMaterials/Substrate/GLints/dict_16_192_64_0p5_0p02_0037_0011" 5238
"../../../Engine/Content/EngineMaterials/Substrate/GLints/dict_16_192_64_0p5_0p02_0037_0004.uasset" 5239
"../../../Engine/Content/EngineMaterials/Substrate/GLints/dict_16_192_64_0p5_0p02_0037_0003.uasset" 5240
"../../../Engine/Content/EngineMaterials/Substrate/GLints/dict_16_192_64_0p5_0p02_0037_0002.uasset" 5241
"../../../Engine/Content/EngineMaterials/Substrate/GLints/dict_16_192_64_0p5_0p02_0037_0000.uasset" 5242
"../../../Engine/Content/EngineMaterials/Substrate/GLints/dict_16_192_64_0p5_0p02_0037_0001.uasset" 5243
"../../../Engine/Content/EngineMaterials/Substrate/GLints/dict_16_192_64_0p5_0p02_0036_0015.uasset" 5244
"../../../Engine/Content/EngineMaterials/Substrate/GLints/dict_16_192_64_0p5_0p02_0036_0014.uasset" 5245
"../../../Engine/Content/EngineMaterials/Substrate/GLints/dict_16_192_64_0p5_0p02_0037_0007.uasset" 5246
"../../../Engine/Content/EngineMaterials/Substrate/GLints/dict_16_192_64_0p5_0p02_0036_0011.uasset" 5247
"../../../Engine/Content/EngineMaterials/Substrate/GLints/dict_16_192_64_0p5_0p02_0036_0009.uasset" 5248
"../../../Engine/Content/EngineMaterials/Substrate/GLints/dict_16_192_64_0p5_0p02_0036_0012.uasset" 5249
"../../../Engine/Content/EngineMaterials/Substrate/GLints/dict_16_192_64_0p5_0p02_0036_0008.uasset" 5250
"../../../Engine/Content/EngineMaterials/Substrate/GLints/dict_16_192_64_0p5_0p02_0036_0006.uasset" 5251
"../../../Engine/Content/EngineMaterials/Substrate/GLints/dict_16_192_64_0p5_0p02_0036_0013.uasset" 5252
"../../../Engine/Content/EngineMaterials/Substrate/GLints/dict_16_192_64_0p5_0p02_0036_0005.uasset" 5253
"/Engine/EngineMaterials/Substrate/GLints/dict_16_192_64_0p5_0p02_0037_0012" 5254
"../../../Engine/Content/EngineMaterials/Substrate/GLints/dict_16_192_64_0p5_0p02_0036_0004.uasset" 5255
"../../../Engine/Content/EngineMaterials/Substrate/GLints/dict_16_192_64_0p5_0p02_0036_0003.uasset" 5256
"../../../Engine/Content/EngineMaterials/Substrate/GLints/dict_16_192_64_0p5_0p02_0036_0001.uasset" 5257
"../../../Engine/Content/EngineMaterials/Substrate/GLints/dict_16_192_64_0p5_0p02_0036_0007.uasset" 5258
"../../../Engine/Content/EngineMaterials/Substrate/GLints/dict_16_192_64_0p5_0p02_0037_0008.uasset" 5259
"../../../Engine/Content/EngineMaterials/Substrate/GLints/dict_16_192_64_0p5_0p02_0036_0002.uasset" 5260
"../../../Engine/Content/EngineMaterials/Substrate/GLints/dict_16_192_64_0p5_0p02_0036_0010.uasset" 5261
"/Engine/EngineMaterials/Substrate/GLints/dict_16_192_64_0p5_0p02_0037_0013" 5262
"/Engine/EngineMaterials/Substrate/GLints/dict_16_192_64_0p5_0p02_0037_0014" 5263
"/Engine/EngineMaterials/Substrate/GLints/dict_16_192_64_0p5_0p02_0037_0015" 5264
"/Engine/EngineMaterials/Substrate/GLints/dict_16_192_64_0p5_0p02_0038_0000" 5265
"../../../Engine/Content/EngineMaterials/Substrate/GLints/dict_16_192_64_0p5_0p02_0035_0013.uasset" 5266
"../../../Engine/Content/EngineMaterials/Substrate/GLints/dict_16_192_64_0p5_0p02_0036_0000.uasset" 5267
"../../../Engine/Content/EngineMaterials/Substrate/GLints/dict_16_192_64_0p5_0p02_0035_0015.uasset" 5268
"../../../Engine/Content/EngineMaterials/Substrate/GLints/dict_16_192_64_0p5_0p02_0035_0014.uasset" 5269
"/Engine/EngineMaterials/Substrate/GLints/dict_16_192_64_0p5_0p02_0036_0001" 5270
"../../../Engine/Content/EngineMaterials/Substrate/GLints/dict_16_192_64_0p5_0p02_0035_0012.uasset" 5271
"../../../Engine/Content/EngineMaterials/Substrate/GLints/dict_16_192_64_0p5_0p02_0035_0011.uasset" 5272
"/Engine/EngineMaterials/Substrate/GLints/dict_16_192_64_0p5_0p02_0036_0002" 5273
"/Engine/EngineMaterials/Substrate/GLints/dict_16_192_64_0p5_0p02_0036_0003" 5274
"/Engine/EngineMaterials/Substrate/GLints/dict_16_192_64_0p5_0p02_0036_0004" 5275
"/Engine/EngineMaterials/Substrate/GLints/dict_16_192_64_0p5_0p02_0036_0005" 5276
"/Engine/EngineMaterials/Substrate/GLints/dict_16_192_64_0p5_0p02_0036_0006" 5277
"/Engine/EngineMaterials/Substrate/GLints/dict_16_192_64_0p5_0p02_0036_0007" 5278
"/Engine/EngineMaterials/Substrate/GLints/dict_16_192_64_0p5_0p02_0036_0008" 5279
"/Engine/EngineMaterials/Substrate/GLints/dict_16_192_64_0p5_0p02_0036_0009" 5280
"/Engine/EngineMaterials/Substrate/GLints/dict_16_192_64_0p5_0p02_0036_0010" 5281
"/Engine/EngineMaterials/Substrate/GLints/dict_16_192_64_0p5_0p02_0036_0011" 5282
"/Engine/EngineMaterials/Substrate/GLints/dict_16_192_64_0p5_0p02_0036_0012" 5283
"/Engine/EngineMaterials/Substrate/GLints/dict_16_192_64_0p5_0p02_0036_0013" 5284
"/Engine/EngineMaterials/Substrate/GLints/dict_16_192_64_0p5_0p02_0036_0014" 5285
"/Engine/EngineMaterials/Substrate/GLints/dict_16_192_64_0p5_0p02_0036_0015" 5286
"/Engine/EngineMaterials/Substrate/GLints/dict_16_192_64_0p5_0p02_0037_0000" 5287
"/Engine/EngineMaterials/Substrate/GLints/dict_16_192_64_0p5_0p02_0037_0001" 5288
"/Engine/EngineMaterials/Substrate/GLints/dict_16_192_64_0p5_0p02_0037_0002" 5289
"/Engine/EngineMaterials/Substrate/GLints/dict_16_192_64_0p5_0p02_0037_0003" 5290
"/Engine/EngineMaterials/Substrate/GLints/dict_16_192_64_0p5_0p02_0037_0004" 5291
"/Engine/EngineMaterials/Substrate/GLints/dict_16_192_64_0p5_0p02_0037_0005" 5292
"/Engine/EngineMaterials/Substrate/GLints/dict_16_192_64_0p5_0p02_0037_0006" 5293
"/Engine/EngineMaterials/Substrate/GLints/dict_16_192_64_0p5_0p02_0037_0007" 5294
"/Engine/EngineMaterials/Substrate/GLints/dict_16_192_64_0p5_0p02_0037_0008" 5295
"/Engine/EngineMaterials/Substrate/GLints/dict_16_192_64_0p5_0p02_0037_0009" 5296
"/Engine/EngineMaterials/Substrate/GLints/dict_16_192_64_0p5_0p02_0037_0010" 5297
"../../../Engine/Content/EngineMaterials/Substrate/GLints/dict_16_192_64_0p5_0p02_0035_0005.uasset" 5298
"../../../Engine/Content/EngineMaterials/Substrate/GLints/dict_16_192_64_0p5_0p02_0035_0007.uasset" 5299
"../../../Engine/Content/EngineMaterials/Substrate/GLints/dict_16_192_64_0p5_0p02_0035_0003.uasset" 5300
"../../../Engine/Content/EngineMaterials/Substrate/GLints/dict_16_192_64_0p5_0p02_0035_0001.uasset" 5301
"/Engine/EngineMaterials/Substrate/GLints/dict_16_192_64_0p5_0p02_0035_0011" 5302
"../../../Engine/Content/EngineMaterials/Substrate/GLints/dict_16_192_64_0p5_0p02_0035_0010.uasset" 5303
"../../../Engine/Content/EngineMaterials/Substrate/GLints/dict_16_192_64_0p5_0p02_0035_0002.uasset" 5304
"../../../Engine/Content/EngineMaterials/Substrate/GLints/dict_16_192_64_0p5_0p02_0034_0015.uasset" 5305
"../../../Engine/Content/EngineMaterials/Substrate/GLints/dict_16_192_64_0p5_0p02_0035_0000.uasset" 5306
"../../../Engine/Content/EngineMaterials/Substrate/GLints/dict_16_192_64_0p5_0p02_0035_0004.uasset" 5307
"../../../Engine/Content/EngineMaterials/Substrate/GLints/dict_16_192_64_0p5_0p02_0034_0014.uasset" 5308
"../../../Engine/Content/EngineMaterials/Substrate/GLints/dict_16_192_64_0p5_0p02_0035_0008.uasset" 5309
"../../../Engine/Content/EngineMaterials/Substrate/GLints/dict_16_192_64_0p5_0p02_0034_0013.uasset" 5310
"../../../Engine/Content/EngineMaterials/Substrate/GLints/dict_16_192_64_0p5_0p02_0034_0012.uasset" 5311
"../../../Engine/Content/EngineMaterials/Substrate/GLints/dict_16_192_64_0p5_0p02_0034_0011.uasset" 5312
"../../../Engine/Content/EngineMaterials/Substrate/GLints/dict_16_192_64_0p5_0p02_0034_0010.uasset" 5313
"../../../Engine/Content/EngineMaterials/Substrate/GLints/dict_16_192_64_0p5_0p02_0034_0006.uasset" 5314
"../../../Engine/Content/EngineMaterials/Substrate/GLints/dict_16_192_64_0p5_0p02_0034_0009.uasset" 5315
"../../../Engine/Content/EngineMaterials/Substrate/GLints/dict_16_192_64_0p5_0p02_0034_0007.uasset" 5316
"../../../Engine/Content/EngineMaterials/Substrate/GLints/dict_16_192_64_0p5_0p02_0034_0008.uasset" 5317
"../../../Engine/Content/EngineMaterials/Substrate/GLints/dict_16_192_64_0p5_0p02_0034_0004.uasset" 5318
"../../../Engine/Content/EngineMaterials/Substrate/GLints/dict_16_192_64_0p5_0p02_0034_0001.uasset" 5319
"../../../Engine/Content/EngineMaterials/Substrate/GLints/dict_16_192_64_0p5_0p02_0034_0003.uasset" 5320
"../../../Engine/Content/EngineMaterials/Substrate/GLints/dict_16_192_64_0p5_0p02_0034_0002.uasset" 5321
"../../../Engine/Content/EngineMaterials/Substrate/GLints/dict_16_192_64_0p5_0p02_0034_0005.uasset" 5322
"../../../Engine/Content/EngineMaterials/Substrate/GLints/dict_16_192_64_0p5_0p02_0035_0006.uasset" 5323
"../../../Engine/Content/EngineMaterials/Substrate/GLints/dict_16_192_64_0p5_0p02_0035_0009.uasset" 5324
"/Engine/EngineMaterials/Substrate/GLints/dict_16_192_64_0p5_0p02_0035_0012" 5325
"/Engine/EngineMaterials/Substrate/GLints/dict_16_192_64_0p5_0p02_0035_0013" 5326
"/Engine/EngineMaterials/Substrate/GLints/dict_16_192_64_0p5_0p02_0035_0014" 5327
"/Engine/EngineMaterials/Substrate/GLints/dict_16_192_64_0p5_0p02_0035_0015" 5328
"/Engine/EngineMaterials/Substrate/GLints/dict_16_192_64_0p5_0p02_0036_0000" 5329
"../../../Engine/Content/EngineMaterials/Substrate/GLints/dict_16_192_64_0p5_0p02_0034_0000.uasset" 5330
"../../../Engine/Content/EngineMaterials/Substrate/GLints/dict_16_192_64_0p5_0p02_0033_0012.uasset" 5331
"../../../Engine/Content/EngineMaterials/Substrate/GLints/dict_16_192_64_0p5_0p02_0033_0013.uasset" 5332
"../../../Engine/Content/EngineMaterials/Substrate/GLints/dict_16_192_64_0p5_0p02_0033_0015.uasset" 5333
"../../../Engine/Content/EngineMaterials/Substrate/GLints/dict_16_192_64_0p5_0p02_0033_0014.uasset" 5334
"../../../Engine/Content/EngineMaterials/Substrate/GLints/dict_16_192_64_0p5_0p02_0033_0011.uasset" 5335
"/Engine/EngineMaterials/Substrate/GLints/dict_16_192_64_0p5_0p02_0034_0001" 5336
"/Engine/EngineMaterials/Substrate/GLints/dict_16_192_64_0p5_0p02_0034_0002" 5337
"/Engine/EngineMaterials/Substrate/GLints/dict_16_192_64_0p5_0p02_0034_0003" 5338
"/Engine/EngineMaterials/Substrate/GLints/dict_16_192_64_0p5_0p02_0034_0004" 5339
"/Engine/EngineMaterials/Substrate/GLints/dict_16_192_64_0p5_0p02_0034_0005" 5340
"/Engine/EngineMaterials/Substrate/GLints/dict_16_192_64_0p5_0p02_0034_0006" 5341
"/Engine/EngineMaterials/Substrate/GLints/dict_16_192_64_0p5_0p02_0034_0007" 5342
"/Engine/EngineMaterials/Substrate/GLints/dict_16_192_64_0p5_0p02_0034_0008" 5343
"/Engine/EngineMaterials/Substrate/GLints/dict_16_192_64_0p5_0p02_0034_0009" 5344
"/Engine/EngineMaterials/Substrate/GLints/dict_16_192_64_0p5_0p02_0034_0010" 5345
"/Engine/EngineMaterials/Substrate/GLints/dict_16_192_64_0p5_0p02_0034_0011" 5346
"/Engine/EngineMaterials/Substrate/GLints/dict_16_192_64_0p5_0p02_0034_0012" 5347
"/Engine/EngineMaterials/Substrate/GLints/dict_16_192_64_0p5_0p02_0034_0013" 5348
"/Engine/EngineMaterials/Substrate/GLints/dict_16_192_64_0p5_0p02_0034_0014" 5349
"/Engine/EngineMaterials/Substrate/GLints/dict_16_192_64_0p5_0p02_0034_0015" 5350
"/Engine/EngineMaterials/Substrate/GLints/dict_16_192_64_0p5_0p02_0035_0000" 5351
"/Engine/EngineMaterials/Substrate/GLints/dict_16_192_64_0p5_0p02_0035_0001" 5352
"/Engine/EngineMaterials/Substrate/GLints/dict_16_192_64_0p5_0p02_0035_0002" 5353
"/Engine/EngineMaterials/Substrate/GLints/dict_16_192_64_0p5_0p02_0035_0003" 5354
"/Engine/EngineMaterials/Substrate/GLints/dict_16_192_64_0p5_0p02_0035_0004" 5355
"/Engine/EngineMaterials/Substrate/GLints/dict_16_192_64_0p5_0p02_0035_0005" 5356
"/Engine/EngineMaterials/Substrate/GLints/dict_16_192_64_0p5_0p02_0035_0006" 5357
"/Engine/EngineMaterials/Substrate/GLints/dict_16_192_64_0p5_0p02_0035_0007" 5358
"/Engine/EngineMaterials/Substrate/GLints/dict_16_192_64_0p5_0p02_0033_0012" 5359
"/Engine/EngineMaterials/Substrate/GLints/dict_16_192_64_0p5_0p02_0033_0013" 5360
"/Engine/EngineMaterials/Substrate/GLints/dict_16_192_64_0p5_0p02_0035_0008" 5361
"/Engine/EngineMaterials/Substrate/GLints/dict_16_192_64_0p5_0p02_0035_0009" 5362
"/Engine/EngineMaterials/Substrate/GLints/dict_16_192_64_0p5_0p02_0034_0000" 5363
"/Engine/EngineMaterials/Substrate/GLints/dict_16_192_64_0p5_0p02_0035_0010" 5364
"../../../Engine/Content/EngineMaterials/Substrate/GLints/dict_16_192_64_0p5_0p02_0033_0005.uasset" 5365
"../../../Engine/Content/EngineMaterials/Substrate/GLints/dict_16_192_64_0p5_0p02_0033_0008.uasset" 5366
"../../../Engine/Content/EngineMaterials/Substrate/GLints/dict_16_192_64_0p5_0p02_0033_0001.uasset" 5367
"../../../Engine/Content/EngineMaterials/Substrate/GLints/dict_16_192_64_0p5_0p02_0033_0002.uasset" 5368
"../../../Engine/Content/EngineMaterials/Substrate/GLints/dict_16_192_64_0p5_0p02_0033_0010.uasset" 5369
"../../../Engine/Content/EngineMaterials/Substrate/GLints/dict_16_192_64_0p5_0p02_0032_0015.uasset" 5370
"../../../Engine/Content/EngineMaterials/Substrate/GLints/dict_16_192_64_0p5_0p02_0033_0007.uasset" 5371
"/Engine/EngineMaterials/Substrate/GLints/dict_16_192_64_0p5_0p02_0033_0011" 5372
"../../../Engine/Content/EngineMaterials/Substrate/GLints/dict_16_192_64_0p5_0p02_0032_0009.uasset" 5373
"../../../Engine/Content/EngineMaterials/Substrate/GLints/dict_16_192_64_0p5_0p02_0032_0008.uasset" 5374
"../../../Engine/Content/EngineMaterials/Substrate/GLints/dict_16_192_64_0p5_0p02_0033_0009.uasset" 5375
"../../../Engine/Content/EngineMaterials/Substrate/GLints/dict_16_192_64_0p5_0p02_0032_0013.uasset" 5376
"../../../Engine/Content/EngineMaterials/Substrate/GLints/dict_16_192_64_0p5_0p02_0032_0006.uasset" 5377
"../../../Engine/Content/EngineMaterials/Substrate/GLints/dict_16_192_64_0p5_0p02_0032_0007.uasset" 5378
"../../../Engine/Content/EngineMaterials/Substrate/GLints/dict_16_192_64_0p5_0p02_0032_0005.uasset" 5379
"../../../Engine/Content/EngineMaterials/Substrate/GLints/dict_16_192_64_0p5_0p02_0032_0004.uasset" 5380
"../../../Engine/Content/EngineMaterials/Substrate/GLints/dict_16_192_64_0p5_0p02_0032_0003.uasset" 5381
"../../../Engine/Content/EngineMaterials/Substrate/GLints/dict_16_192_64_0p5_0p02_0032_0002.uasset" 5382
"../../../Engine/Content/EngineMaterials/Substrate/GLints/dict_16_192_64_0p5_0p02_0032_0012.uasset" 5383
"../../../Engine/Content/EngineMaterials/Substrate/GLints/dict_16_192_64_0p5_0p02_0032_0001.uasset" 5384
"../../../Engine/Content/EngineMaterials/Substrate/GLints/dict_16_192_64_0p5_0p02_0031_0014.uasset" 5385
"../../../Engine/Content/EngineMaterials/Substrate/GLints/dict_16_192_64_0p5_0p02_0031_0015.uasset" 5386
"../../../Engine/Content/EngineMaterials/Substrate/GLints/dict_16_192_64_0p5_0p02_0032_0011.uasset" 5387
"../../../Engine/Content/EngineMaterials/Substrate/GLints/dict_16_192_64_0p5_0p02_0032_0000.uasset" 5388
"../../../Engine/Content/EngineMaterials/Substrate/GLints/dict_16_192_64_0p5_0p02_0033_0003.uasset" 5389
"/Engine/EngineMaterials/Substrate/GLints/dict_16_192_64_0p5_0p02_0033_0014" 5390
"../../../Engine/Content/EngineMaterials/Substrate/GLints/dict_16_192_64_0p5_0p02_0032_0010.uasset" 5391
"../../../Engine/Content/EngineMaterials/Substrate/GLints/dict_16_192_64_0p5_0p02_0033_0006.uasset" 5392
"../../../Engine/Content/EngineMaterials/Substrate/GLints/dict_16_192_64_0p5_0p02_0033_0000.uasset" 5393
"../../../Engine/Content/EngineMaterials/Substrate/GLints/dict_16_192_64_0p5_0p02_0032_0014.uasset" 5394
"../../../Engine/Content/EngineMaterials/Substrate/GLints/dict_16_192_64_0p5_0p02_0033_0004.uasset" 5395
"/Engine/EngineMaterials/Substrate/GLints/dict_16_192_64_0p5_0p02_0033_0015" 5396
"../../../Engine/Content/EngineMaterials/Substrate/GLints/dict_16_192_64_0p5_0p02_0031_0012.uasset" 5397
"../../../Engine/Content/EngineMaterials/Substrate/GLints/dict_16_192_64_0p5_0p02_0031_0011.uasset" 5398
"../../../Engine/Content/EngineMaterials/Substrate/GLints/dict_16_192_64_0p5_0p02_0031_0013.uasset" 5399
"/Engine/EngineMaterials/Substrate/GLints/dict_16_192_64_0p5_0p02_0031_0014" 5400
"/Engine/EngineMaterials/Substrate/GLints/dict_16_192_64_0p5_0p02_0031_0015" 5401
"/Engine/EngineMaterials/Substrate/GLints/dict_16_192_64_0p5_0p02_0032_0000" 5402
"/Engine/EngineMaterials/Substrate/GLints/dict_16_192_64_0p5_0p02_0032_0001" 5403
"/Engine/EngineMaterials/Substrate/GLints/dict_16_192_64_0p5_0p02_0032_0002" 5404
"/Engine/EngineMaterials/Substrate/GLints/dict_16_192_64_0p5_0p02_0032_0003" 5405
"/Engine/EngineMaterials/Substrate/GLints/dict_16_192_64_0p5_0p02_0032_0004" 5406
"/Engine/EngineMaterials/Substrate/GLints/dict_16_192_64_0p5_0p02_0032_0005" 5407
"/Engine/EngineMaterials/Substrate/GLints/dict_16_192_64_0p5_0p02_0032_0006" 5408
"/Engine/EngineMaterials/Substrate/GLints/dict_16_192_64_0p5_0p02_0032_0007" 5409
"/Engine/EngineMaterials/Substrate/GLints/dict_16_192_64_0p5_0p02_0032_0008" 5410
"/Engine/EngineMaterials/Substrate/GLints/dict_16_192_64_0p5_0p02_0032_0009" 5411
"/Engine/EngineMaterials/Substrate/GLints/dict_16_192_64_0p5_0p02_0032_0010" 5412
"/Engine/EngineMaterials/Substrate/GLints/dict_16_192_64_0p5_0p02_0032_0011" 5413
"/Engine/EngineMaterials/Substrate/GLints/dict_16_192_64_0p5_0p02_0032_0012" 5414
"/Engine/EngineMaterials/Substrate/GLints/dict_16_192_64_0p5_0p02_0032_0013" 5415
"/Engine/EngineMaterials/Substrate/GLints/dict_16_192_64_0p5_0p02_0032_0014" 5416
"/Engine/EngineMaterials/Substrate/GLints/dict_16_192_64_0p5_0p02_0032_0015" 5417
"/Engine/EngineMaterials/Substrate/GLints/dict_16_192_64_0p5_0p02_0033_0000" 5418
"/Engine/EngineMaterials/Substrate/GLints/dict_16_192_64_0p5_0p02_0033_0001" 5419
"/Engine/EngineMaterials/Substrate/GLints/dict_16_192_64_0p5_0p02_0033_0002" 5420
"/Engine/EngineMaterials/Substrate/GLints/dict_16_192_64_0p5_0p02_0033_0003" 5421
"/Engine/EngineMaterials/Substrate/GLints/dict_16_192_64_0p5_0p02_0033_0004" 5422
"/Engine/EngineMaterials/Substrate/GLints/dict_16_192_64_0p5_0p02_0033_0005" 5423
"/Engine/EngineMaterials/Substrate/GLints/dict_16_192_64_0p5_0p02_0033_0006" 5424
"/Engine/EngineMaterials/Substrate/GLints/dict_16_192_64_0p5_0p02_0033_0007" 5425
"/Engine/EngineMaterials/Substrate/GLints/dict_16_192_64_0p5_0p02_0033_0008" 5426
"/Engine/EngineMaterials/Substrate/GLints/dict_16_192_64_0p5_0p02_0033_0009" 5427
"/Engine/EngineMaterials/Substrate/GLints/dict_16_192_64_0p5_0p02_0033_0010" 5428
"../../../Engine/Content/EngineMaterials/Substrate/GLints/dict_16_192_64_0p5_0p02_0031_0009.uasset" 5429
"../../../Engine/Content/EngineMaterials/Substrate/GLints/dict_16_192_64_0p5_0p02_0031_0008.uasset" 5430
"../../../Engine/Content/EngineMaterials/Substrate/GLints/dict_16_192_64_0p5_0p02_0031_0004.uasset" 5431
"../../../Engine/Content/EngineMaterials/Substrate/GLints/dict_16_192_64_0p5_0p02_0031_0003.uasset" 5432
"../../../Engine/Content/EngineMaterials/Substrate/GLints/dict_16_192_64_0p5_0p02_0031_0006.uasset" 5433
"../../../Engine/Content/EngineMaterials/Substrate/GLints/dict_16_192_64_0p5_0p02_0031_0002.uasset" 5434
"../../../Engine/Content/EngineMaterials/Substrate/GLints/dict_16_192_64_0p5_0p02_0031_0001.uasset" 5435
"../../../Engine/Content/EngineMaterials/Substrate/GLints/dict_16_192_64_0p5_0p02_0030_0014.uasset" 5436
"../../../Engine/Content/EngineMaterials/Substrate/GLints/dict_16_192_64_0p5_0p02_0031_0007.uasset" 5437
"/Engine/EngineMaterials/Substrate/GLints/dict_16_192_64_0p5_0p02_0031_0011" 5438
"../../../Engine/Content/EngineMaterials/Substrate/GLints/dict_16_192_64_0p5_0p02_0030_0015.uasset" 5439
"../../../Engine/Content/EngineMaterials/Substrate/GLints/dict_16_192_64_0p5_0p02_0030_0013.uasset" 5440
"../../../Engine/Content/EngineMaterials/Substrate/GLints/dict_16_192_64_0p5_0p02_0031_0005.uasset" 5441
"../../../Engine/Content/EngineMaterials/Substrate/GLints/dict_16_192_64_0p5_0p02_0030_0011.uasset" 5442
"../../../Engine/Content/EngineMaterials/Substrate/GLints/dict_16_192_64_0p5_0p02_0030_0008.uasset" 5443
"../../../Engine/Content/EngineMaterials/Substrate/GLints/dict_16_192_64_0p5_0p02_0030_0009.uasset" 5444
"../../../Engine/Content/EngineMaterials/Substrate/GLints/dict_16_192_64_0p5_0p02_0030_0006.uasset" 5445
"../../../Engine/Content/EngineMaterials/Substrate/GLints/dict_16_192_64_0p5_0p02_0030_0005.uasset" 5446
"../../../Engine/Content/EngineMaterials/Substrate/GLints/dict_16_192_64_0p5_0p02_0031_0010.uasset" 5447
"../../../Engine/Content/EngineMaterials/Substrate/GLints/dict_16_192_64_0p5_0p02_0030_0007.uasset" 5448
"../../../Engine/Content/EngineMaterials/Substrate/GLints/dict_16_192_64_0p5_0p02_0030_0002.uasset" 5449
"../../../Engine/Content/EngineMaterials/Substrate/GLints/dict_16_192_64_0p5_0p02_0030_0003.uasset" 5450
"../../../Engine/Content/EngineMaterials/Substrate/GLints/dict_16_192_64_0p5_0p02_0030_0000.uasset" 5451
"../../../Engine/Content/EngineMaterials/Substrate/GLints/dict_16_192_64_0p5_0p02_0030_0004.uasset" 5452
"../../../Engine/Content/EngineMaterials/Substrate/GLints/dict_16_192_64_0p5_0p02_0030_0001.uasset" 5453
"../../../Engine/Content/EngineMaterials/Substrate/GLints/dict_16_192_64_0p5_0p02_0030_0010.uasset" 5454
"../../../Engine/Content/EngineMaterials/Substrate/GLints/dict_16_192_64_0p5_0p02_0031_0000.uasset" 5455
"../../../Engine/Content/EngineMaterials/Substrate/GLints/dict_16_192_64_0p5_0p02_0030_0012.uasset" 5456
"../../../Engine/Content/EngineMaterials/Substrate/GLints/dict_16_192_64_0p5_0p02_0029_0015.uasset" 5457
"../../../Engine/Content/EngineMaterials/Substrate/GLints/dict_16_192_64_0p5_0p02_0029_0014.uasset" 5458
"/Engine/EngineMaterials/Substrate/GLints/dict_16_192_64_0p5_0p02_0031_0012" 5459
"/Engine/EngineMaterials/Substrate/GLints/dict_16_192_64_0p5_0p02_0031_0013" 5460
"../../../Engine/Content/EngineMaterials/Substrate/GLints/dict_16_192_64_0p5_0p02_0029_0013.uasset" 5461
"../../../Engine/Content/EngineMaterials/Substrate/GLints/dict_16_192_64_0p5_0p02_0029_0012.uasset" 5462
"../../../Engine/Content/EngineMaterials/Substrate/GLints/dict_16_192_64_0p5_0p02_0029_0011.uasset" 5463
"/Engine/EngineMaterials/Substrate/GLints/dict_16_192_64_0p5_0p02_0029_0014" 5464
"/Engine/EngineMaterials/Substrate/GLints/dict_16_192_64_0p5_0p02_0029_0015" 5465
"/Engine/EngineMaterials/Substrate/GLints/dict_16_192_64_0p5_0p02_0030_0000" 5466
"/Engine/EngineMaterials/Substrate/GLints/dict_16_192_64_0p5_0p02_0030_0001" 5467
"/Engine/EngineMaterials/Substrate/GLints/dict_16_192_64_0p5_0p02_0030_0002" 5468
"/Engine/EngineMaterials/Substrate/GLints/dict_16_192_64_0p5_0p02_0030_0003" 5469
"/Engine/EngineMaterials/Substrate/GLints/dict_16_192_64_0p5_0p02_0030_0004" 5470
"/Engine/EngineMaterials/Substrate/GLints/dict_16_192_64_0p5_0p02_0030_0005" 5471
"/Engine/EngineMaterials/Substrate/GLints/dict_16_192_64_0p5_0p02_0030_0006" 5472
"/Engine/EngineMaterials/Substrate/GLints/dict_16_192_64_0p5_0p02_0030_0007" 5473
"/Engine/EngineMaterials/Substrate/GLints/dict_16_192_64_0p5_0p02_0030_0008" 5474
"/Engine/EngineMaterials/Substrate/GLints/dict_16_192_64_0p5_0p02_0030_0009" 5475
"/Engine/EngineMaterials/Substrate/GLints/dict_16_192_64_0p5_0p02_0030_0010" 5476
"/Engine/EngineMaterials/Substrate/GLints/dict_16_192_64_0p5_0p02_0030_0011" 5477
"/Engine/EngineMaterials/Substrate/GLints/dict_16_192_64_0p5_0p02_0030_0012" 5478
"/Engine/EngineMaterials/Substrate/GLints/dict_16_192_64_0p5_0p02_0030_0013" 5479
"/Engine/EngineMaterials/Substrate/GLints/dict_16_192_64_0p5_0p02_0030_0014" 5480
"/Engine/EngineMaterials/Substrate/GLints/dict_16_192_64_0p5_0p02_0030_0015" 5481
"/Engine/EngineMaterials/Substrate/GLints/dict_16_192_64_0p5_0p02_0031_0000" 5482
"/Engine/EngineMaterials/Substrate/GLints/dict_16_192_64_0p5_0p02_0031_0001" 5483
"/Engine/EngineMaterials/Substrate/GLints/dict_16_192_64_0p5_0p02_0031_0002" 5484
"/Engine/EngineMaterials/Substrate/GLints/dict_16_192_64_0p5_0p02_0031_0003" 5485
"/Engine/EngineMaterials/Substrate/GLints/dict_16_192_64_0p5_0p02_0031_0004" 5486
"/Engine/EngineMaterials/Substrate/GLints/dict_16_192_64_0p5_0p02_0031_0005" 5487
"/Engine/EngineMaterials/Substrate/GLints/dict_16_192_64_0p5_0p02_0031_0006" 5488
"/Engine/EngineMaterials/Substrate/GLints/dict_16_192_64_0p5_0p02_0031_0007" 5489
"/Engine/EngineMaterials/Substrate/GLints/dict_16_192_64_0p5_0p02_0031_0008" 5490
"/Engine/EngineMaterials/Substrate/GLints/dict_16_192_64_0p5_0p02_0031_0009" 5491
"/Engine/EngineMaterials/Substrate/GLints/dict_16_192_64_0p5_0p02_0031_0010" 5492
"../../../Engine/Content/EngineMaterials/Substrate/GLints/dict_16_192_64_0p5_0p02_0029_0010.uasset" 5493
"../../../Engine/Content/EngineMaterials/Substrate/GLints/dict_16_192_64_0p5_0p02_0029_0009.uasset" 5494
"../../../Engine/Content/EngineMaterials/Substrate/GLints/dict_16_192_64_0p5_0p02_0029_0008.uasset" 5495
"../../../Engine/Content/EngineMaterials/Substrate/GLints/dict_16_192_64_0p5_0p02_0029_0001.uasset" 5496
"../../../Engine/Content/EngineMaterials/Substrate/GLints/dict_16_192_64_0p5_0p02_0029_0005.uasset" 5497
"../../../Engine/Content/EngineMaterials/Substrate/GLints/dict_16_192_64_0p5_0p02_0029_0003.uasset" 5498
"../../../Engine/Content/EngineMaterials/Substrate/GLints/dict_16_192_64_0p5_0p02_0028_0014.uasset" 5499
"../../../Engine/Content/EngineMaterials/Substrate/GLints/dict_16_192_64_0p5_0p02_0029_0006.uasset" 5500
"../../../Engine/Content/EngineMaterials/Substrate/GLints/dict_16_192_64_0p5_0p02_0028_0015.uasset" 5501
"../../../Engine/Content/EngineMaterials/Substrate/GLints/dict_16_192_64_0p5_0p02_0029_0004.uasset" 5502
"../../../Engine/Content/EngineMaterials/Substrate/GLints/dict_16_192_64_0p5_0p02_0028_0012.uasset" 5503
"../../../Engine/Content/EngineMaterials/Substrate/GLints/dict_16_192_64_0p5_0p02_0028_0007.uasset" 5504
"../../../Engine/Content/EngineMaterials/Substrate/GLints/dict_16_192_64_0p5_0p02_0029_0000.uasset" 5505
"../../../Engine/Content/EngineMaterials/Substrate/GLints/dict_16_192_64_0p5_0p02_0028_0008.uasset" 5506
"../../../Engine/Content/EngineMaterials/Substrate/GLints/dict_16_192_64_0p5_0p02_0028_0013.uasset" 5507
"../../../Engine/Content/EngineMaterials/Substrate/GLints/dict_16_192_64_0p5_0p02_0029_0002.uasset" 5508
"../../../Engine/Content/EngineMaterials/Substrate/GLints/dict_16_192_64_0p5_0p02_0028_0010.uasset" 5509
"../../../Engine/Content/EngineMaterials/Substrate/GLints/dict_16_192_64_0p5_0p02_0028_0001.uasset" 5510
"../../../Engine/Content/EngineMaterials/Substrate/GLints/dict_16_192_64_0p5_0p02_0028_0011.uasset" 5511
"../../../Engine/Content/EngineMaterials/Substrate/GLints/dict_16_192_64_0p5_0p02_0028_0005.uasset" 5512
"../../../Engine/Content/EngineMaterials/Substrate/GLints/dict_16_192_64_0p5_0p02_0028_0004.uasset" 5513
"../../../Engine/Content/EngineMaterials/Substrate/GLints/dict_16_192_64_0p5_0p02_0027_0014.uasset" 5514
"/Engine/EngineMaterials/Substrate/GLints/dict_16_192_64_0p5_0p02_0029_0011" 5515
"../../../Engine/Content/EngineMaterials/Substrate/GLints/dict_16_192_64_0p5_0p02_0028_0006.uasset" 5516
"../../../Engine/Content/EngineMaterials/Substrate/GLints/dict_16_192_64_0p5_0p02_0028_0002.uasset" 5517
"../../../Engine/Content/EngineMaterials/Substrate/GLints/dict_16_192_64_0p5_0p02_0028_0000.uasset" 5518
"../../../Engine/Content/EngineMaterials/Substrate/GLints/dict_16_192_64_0p5_0p02_0028_0009.uasset" 5519
"../../../Engine/Content/EngineMaterials/Substrate/GLints/dict_16_192_64_0p5_0p02_0028_0003.uasset" 5520
"../../../Engine/Content/EngineMaterials/Substrate/GLints/dict_16_192_64_0p5_0p02_0029_0007.uasset" 5521
"../../../Engine/Content/EngineMaterials/Substrate/GLints/dict_16_192_64_0p5_0p02_0027_0015.uasset" 5522
"/Engine/EngineMaterials/Substrate/GLints/dict_16_192_64_0p5_0p02_0029_0012" 5523
"/Engine/EngineMaterials/Substrate/GLints/dict_16_192_64_0p5_0p02_0029_0008" 5524
"/Engine/EngineMaterials/Substrate/GLints/dict_16_192_64_0p5_0p02_0029_0013" 5525
"/Engine/EngineMaterials/Substrate/GLints/dict_16_192_64_0p5_0p02_0029_0009" 5526
"/Engine/EngineMaterials/Substrate/GLints/dict_16_192_64_0p5_0p02_0029_0010" 5527
"../../../Engine/Content/EngineMaterials/Substrate/GLints/dict_16_192_64_0p5_0p02_0027_0013.uasset" 5528
"../../../Engine/Content/EngineMaterials/Substrate/GLints/dict_16_192_64_0p5_0p02_0027_0011.uasset" 5529
"../../../Engine/Content/EngineMaterials/Substrate/GLints/dict_16_192_64_0p5_0p02_0027_0012.uasset" 5530
"../../../Engine/Content/EngineMaterials/Substrate/GLints/dict_16_192_64_0p5_0p02_0027_0010.uasset" 5531
"/Engine/EngineMaterials/Substrate/GLints/dict_16_192_64_0p5_0p02_0027_0014" 5532
"../../../Engine/Content/EngineMaterials/Substrate/GLints/dict_16_192_64_0p5_0p02_0027_0009.uasset" 5533
"../../../Engine/Content/EngineMaterials/Substrate/GLints/dict_16_192_64_0p5_0p02_0027_0008.uasset" 5534
"/Engine/EngineMaterials/Substrate/GLints/dict_16_192_64_0p5_0p02_0027_0015" 5535
"/Engine/EngineMaterials/Substrate/GLints/dict_16_192_64_0p5_0p02_0028_0000" 5536
"/Engine/EngineMaterials/Substrate/GLints/dict_16_192_64_0p5_0p02_0028_0001" 5537
"/Engine/EngineMaterials/Substrate/GLints/dict_16_192_64_0p5_0p02_0028_0002" 5538
"/Engine/EngineMaterials/Substrate/GLints/dict_16_192_64_0p5_0p02_0028_0003" 5539
"/Engine/EngineMaterials/Substrate/GLints/dict_16_192_64_0p5_0p02_0028_0004" 5540
"/Engine/EngineMaterials/Substrate/GLints/dict_16_192_64_0p5_0p02_0028_0005" 5541
"/Engine/EngineMaterials/Substrate/GLints/dict_16_192_64_0p5_0p02_0028_0006" 5542
"/Engine/EngineMaterials/Substrate/GLints/dict_16_192_64_0p5_0p02_0028_0007" 5543
"/Engine/EngineMaterials/Substrate/GLints/dict_16_192_64_0p5_0p02_0028_0008" 5544
"/Engine/EngineMaterials/Substrate/GLints/dict_16_192_64_0p5_0p02_0028_0009" 5545
"/Engine/EngineMaterials/Substrate/GLints/dict_16_192_64_0p5_0p02_0028_0010" 5546
"/Engine/EngineMaterials/Substrate/GLints/dict_16_192_64_0p5_0p02_0028_0011" 5547
"/Engine/EngineMaterials/Substrate/GLints/dict_16_192_64_0p5_0p02_0028_0012" 5548
"/Engine/EngineMaterials/Substrate/GLints/dict_16_192_64_0p5_0p02_0028_0013" 5549
"/Engine/EngineMaterials/Substrate/GLints/dict_16_192_64_0p5_0p02_0028_0014" 5550
"/Engine/EngineMaterials/Substrate/GLints/dict_16_192_64_0p5_0p02_0028_0015" 5551
"/Engine/EngineMaterials/Substrate/GLints/dict_16_192_64_0p5_0p02_0029_0000" 5552
"/Engine/EngineMaterials/Substrate/GLints/dict_16_192_64_0p5_0p02_0029_0001" 5553
"/Engine/EngineMaterials/Substrate/GLints/dict_16_192_64_0p5_0p02_0029_0002" 5554
"/Engine/EngineMaterials/Substrate/GLints/dict_16_192_64_0p5_0p02_0029_0003" 5555
"/Engine/EngineMaterials/Substrate/GLints/dict_16_192_64_0p5_0p02_0029_0004" 5556
"/Engine/EngineMaterials/Substrate/GLints/dict_16_192_64_0p5_0p02_0029_0005" 5557
"/Engine/EngineMaterials/Substrate/GLints/dict_16_192_64_0p5_0p02_0029_0006" 5558
"/Engine/EngineMaterials/Substrate/GLints/dict_16_192_64_0p5_0p02_0029_0007" 5559
"../../../Engine/Content/EngineMaterials/Substrate/GLints/dict_16_192_64_0p5_0p02_0027_0007.uasset" 5560
"../../../Engine/Content/EngineMaterials/Substrate/GLints/dict_16_192_64_0p5_0p02_0027_0005.uasset" 5561
"../../../Engine/Content/EngineMaterials/Substrate/GLints/dict_16_192_64_0p5_0p02_0027_0003.uasset" 5562
"../../../Engine/Content/EngineMaterials/Substrate/GLints/dict_16_192_64_0p5_0p02_0027_0000.uasset" 5563
"../../../Engine/Content/EngineMaterials/Substrate/GLints/dict_16_192_64_0p5_0p02_0026_0015.uasset" 5564
"../../../Engine/Content/EngineMaterials/Substrate/GLints/dict_16_192_64_0p5_0p02_0027_0002.uasset" 5565
"../../../Engine/Content/EngineMaterials/Substrate/GLints/dict_16_192_64_0p5_0p02_0026_0014.uasset" 5566
"/Engine/EngineMaterials/Substrate/GLints/dict_16_192_64_0p5_0p02_0027_0008" 5567
"../../../Engine/Content/EngineMaterials/Substrate/GLints/dict_16_192_64_0p5_0p02_0026_0011.uasset" 5568
"../../../Engine/Content/EngineMaterials/Substrate/GLints/dict_16_192_64_0p5_0p02_0027_0006.uasset" 5569
"../../../Engine/Content/EngineMaterials/Substrate/GLints/dict_16_192_64_0p5_0p02_0026_0010.uasset" 5570
"../../../Engine/Content/EngineMaterials/Substrate/GLints/dict_16_192_64_0p5_0p02_0026_0008.uasset" 5571
"../../../Engine/Content/EngineMaterials/Substrate/GLints/dict_16_192_64_0p5_0p02_0027_0001.uasset" 5572
"../../../Engine/Content/EngineMaterials/Substrate/GLints/dict_16_192_64_0p5_0p02_0026_0005.uasset" 5573
"../../../Engine/Content/EngineMaterials/Substrate/GLints/dict_16_192_64_0p5_0p02_0026_0009.uasset" 5574
"../../../Engine/Content/EngineMaterials/Substrate/GLints/dict_16_192_64_0p5_0p02_0026_0003.uasset" 5575
"../../../Engine/Content/EngineMaterials/Substrate/GLints/dict_16_192_64_0p5_0p02_0026_0012.uasset" 5576
"../../../Engine/Content/EngineMaterials/Substrate/GLints/dict_16_192_64_0p5_0p02_0026_0006.uasset" 5577
"../../../Engine/Content/EngineMaterials/Substrate/GLints/dict_16_192_64_0p5_0p02_0027_0004.uasset" 5578
"../../../Engine/Content/EngineMaterials/Substrate/GLints/dict_16_192_64_0p5_0p02_0025_0015.uasset" 5579
"../../../Engine/Content/EngineMaterials/Substrate/GLints/dict_16_192_64_0p5_0p02_0026_0013.uasset" 5580
"../../../Engine/Content/EngineMaterials/Substrate/GLints/dict_16_192_64_0p5_0p02_0026_0001.uasset" 5581
"../../../Engine/Content/EngineMaterials/Substrate/GLints/dict_16_192_64_0p5_0p02_0025_0014.uasset" 5582
"../../../Engine/Content/EngineMaterials/Substrate/GLints/dict_16_192_64_0p5_0p02_0026_0002.uasset" 5583
"/Engine/EngineMaterials/Substrate/GLints/dict_16_192_64_0p5_0p02_0027_0007" 5584
"../../../Engine/Content/EngineMaterials/Substrate/GLints/dict_16_192_64_0p5_0p02_0026_0004.uasset" 5585
"../../../Engine/Content/EngineMaterials/Substrate/GLints/dict_16_192_64_0p5_0p02_0026_0000.uasset" 5586
"../../../Engine/Content/EngineMaterials/Substrate/GLints/dict_16_192_64_0p5_0p02_0026_0007.uasset" 5587
"/Engine/EngineMaterials/Substrate/GLints/dict_16_192_64_0p5_0p02_0027_0009" 5588
"/Engine/EngineMaterials/Substrate/GLints/dict_16_192_64_0p5_0p02_0027_0010" 5589
"/Engine/EngineMaterials/Substrate/GLints/dict_16_192_64_0p5_0p02_0027_0011" 5590
"/Engine/EngineMaterials/Substrate/GLints/dict_16_192_64_0p5_0p02_0027_0012" 5591
"/Engine/EngineMaterials/Substrate/GLints/dict_16_192_64_0p5_0p02_0027_0013" 5592
"../../../Engine/Content/EngineMaterials/Substrate/GLints/dict_16_192_64_0p5_0p02_0025_0013.uasset" 5593
"../../../Engine/Content/EngineMaterials/Substrate/GLints/dict_16_192_64_0p5_0p02_0025_0012.uasset" 5594
"../../../Engine/Content/EngineMaterials/Substrate/GLints/dict_16_192_64_0p5_0p02_0025_0010.uasset" 5595
"/Engine/EngineMaterials/Substrate/GLints/dict_16_192_64_0p5_0p02_0025_0014" 5596
"../../../Engine/Content/EngineMaterials/Substrate/GLints/dict_16_192_64_0p5_0p02_0025_0011.uasset" 5597
"../../../Engine/Content/EngineMaterials/Substrate/GLints/dict_16_192_64_0p5_0p02_0025_0008.uasset" 5598
"../../../Engine/Content/EngineMaterials/Substrate/GLints/dict_16_192_64_0p5_0p02_0025_0009.uasset" 5599
"../../../Engine/Content/EngineMaterials/Substrate/GLints/dict_16_192_64_0p5_0p02_0025_0007.uasset" 5600
"/Engine/EngineMaterials/Substrate/GLints/dict_16_192_64_0p5_0p02_0025_0015" 5601
"/Engine/EngineMaterials/Substrate/GLints/dict_16_192_64_0p5_0p02_0026_0000" 5602
"/Engine/EngineMaterials/Substrate/GLints/dict_16_192_64_0p5_0p02_0026_0001" 5603
"/Engine/EngineMaterials/Substrate/GLints/dict_16_192_64_0p5_0p02_0026_0002" 5604
"/Engine/EngineMaterials/Substrate/GLints/dict_16_192_64_0p5_0p02_0026_0003" 5605
"/Engine/EngineMaterials/Substrate/GLints/dict_16_192_64_0p5_0p02_0026_0004" 5606
"/Engine/EngineMaterials/Substrate/GLints/dict_16_192_64_0p5_0p02_0026_0005" 5607
"/Engine/EngineMaterials/Substrate/GLints/dict_16_192_64_0p5_0p02_0026_0006" 5608
"/Engine/EngineMaterials/Substrate/GLints/dict_16_192_64_0p5_0p02_0026_0007" 5609
"/Engine/EngineMaterials/Substrate/GLints/dict_16_192_64_0p5_0p02_0026_0008" 5610
"/Engine/EngineMaterials/Substrate/GLints/dict_16_192_64_0p5_0p02_0026_0009" 5611
"/Engine/EngineMaterials/Substrate/GLints/dict_16_192_64_0p5_0p02_0026_0010" 5612
"/Engine/EngineMaterials/Substrate/GLints/dict_16_192_64_0p5_0p02_0026_0011" 5613
"/Engine/EngineMaterials/Substrate/GLints/dict_16_192_64_0p5_0p02_0026_0012" 5614
"/Engine/EngineMaterials/Substrate/GLints/dict_16_192_64_0p5_0p02_0026_0013" 5615
"/Engine/EngineMaterials/Substrate/GLints/dict_16_192_64_0p5_0p02_0026_0014" 5616
"/Engine/EngineMaterials/Substrate/GLints/dict_16_192_64_0p5_0p02_0026_0015" 5617
"/Engine/EngineMaterials/Substrate/GLints/dict_16_192_64_0p5_0p02_0027_0000" 5618
"/Engine/EngineMaterials/Substrate/GLints/dict_16_192_64_0p5_0p02_0027_0001" 5619
"/Engine/EngineMaterials/Substrate/GLints/dict_16_192_64_0p5_0p02_0027_0002" 5620
"/Engine/EngineMaterials/Substrate/GLints/dict_16_192_64_0p5_0p02_0027_0003" 5621
"/Engine/EngineMaterials/Substrate/GLints/dict_16_192_64_0p5_0p02_0027_0004" 5622
"/Engine/EngineMaterials/Substrate/GLints/dict_16_192_64_0p5_0p02_0027_0005" 5623
"/Engine/EngineMaterials/Substrate/GLints/dict_16_192_64_0p5_0p02_0027_0006" 5624
"../../../Engine/Content/EngineMaterials/Substrate/GLints/dict_16_192_64_0p5_0p02_0025_0006.uasset" 5625
"../../../Engine/Content/EngineMaterials/Substrate/GLints/dict_16_192_64_0p5_0p02_0025_0005.uasset" 5626
"../../../Engine/Content/EngineMaterials/Substrate/GLints/dict_16_192_64_0p5_0p02_0025_0002.uasset" 5627
"../../../Engine/Content/EngineMaterials/Substrate/GLints/dict_16_192_64_0p5_0p02_0025_0001.uasset" 5628
"../../../Engine/Content/EngineMaterials/Substrate/GLints/dict_16_192_64_0p5_0p02_0025_0000.uasset" 5629
"../../../Engine/Content/EngineMaterials/Substrate/GLints/dict_16_192_64_0p5_0p02_0025_0003.uasset" 5630
"../../../Engine/Content/EngineMaterials/Substrate/GLints/dict_16_192_64_0p5_0p02_0024_0015.uasset" 5631
"/Engine/EngineMaterials/Substrate/GLints/dict_16_192_64_0p5_0p02_0025_0007" 5632
"../../../Engine/Content/EngineMaterials/Substrate/GLints/dict_16_192_64_0p5_0p02_0024_0014.uasset" 5633
"../../../Engine/Content/EngineMaterials/Substrate/GLints/dict_16_192_64_0p5_0p02_0024_0013.uasset" 5634
"../../../Engine/Content/EngineMaterials/Substrate/GLints/dict_16_192_64_0p5_0p02_0024_0010.uasset" 5635
"../../../Engine/Content/EngineMaterials/Substrate/GLints/dict_16_192_64_0p5_0p02_0024_0008.uasset" 5636
"../../../Engine/Content/EngineMaterials/Substrate/GLints/dict_16_192_64_0p5_0p02_0025_0004.uasset" 5637
"../../../Engine/Content/EngineMaterials/Substrate/GLints/dict_16_192_64_0p5_0p02_0024_0009.uasset" 5638
"../../../Engine/Content/EngineMaterials/Substrate/GLints/dict_16_192_64_0p5_0p02_0024_0005.uasset" 5639
"../../../Engine/Content/EngineMaterials/Substrate/GLints/dict_16_192_64_0p5_0p02_0024_0006.uasset" 5640
"../../../Engine/Content/EngineMaterials/Substrate/GLints/dict_16_192_64_0p5_0p02_0024_0004.uasset" 5641
"../../../Engine/Content/EngineMaterials/Substrate/GLints/dict_16_192_64_0p5_0p02_0024_0001.uasset" 5642
"../../../Engine/Content/EngineMaterials/Substrate/GLints/dict_16_192_64_0p5_0p02_0024_0003.uasset" 5643
"/Engine/EngineMaterials/Substrate/GLints/dict_16_192_64_0p5_0p02_0025_0008" 5644
"../../../Engine/Content/EngineMaterials/Substrate/GLints/dict_16_192_64_0p5_0p02_0023_0014.uasset" 5645
"../../../Engine/Content/EngineMaterials/Substrate/GLints/dict_16_192_64_0p5_0p02_0024_0000.uasset" 5646
"../../../Engine/Content/EngineMaterials/Substrate/GLints/dict_16_192_64_0p5_0p02_0024_0002.uasset" 5647
"../../../Engine/Content/EngineMaterials/Substrate/GLints/dict_16_192_64_0p5_0p02_0024_0011.uasset" 5648
"../../../Engine/Content/EngineMaterials/Substrate/GLints/dict_16_192_64_0p5_0p02_0024_0012.uasset" 5649
"../../../Engine/Content/EngineMaterials/Substrate/GLints/dict_16_192_64_0p5_0p02_0024_0007.uasset" 5650
"../../../Engine/Content/EngineMaterials/Substrate/GLints/dict_16_192_64_0p5_0p02_0023_0015.uasset" 5651
"/Engine/EngineMaterials/Substrate/GLints/dict_16_192_64_0p5_0p02_0025_0009" 5652
"/Engine/EngineMaterials/Substrate/GLints/dict_16_192_64_0p5_0p02_0025_0010" 5653
"/Engine/EngineMaterials/Substrate/GLints/dict_16_192_64_0p5_0p02_0025_0011" 5654
"/Engine/EngineMaterials/Substrate/GLints/dict_16_192_64_0p5_0p02_0025_0012" 5655
"/Engine/EngineMaterials/Substrate/GLints/dict_16_192_64_0p5_0p02_0025_0013" 5656
"../../../Engine/Content/EngineMaterials/Substrate/GLints/dict_16_192_64_0p5_0p02_0023_0013.uasset" 5657
"../../../Engine/Content/EngineMaterials/Substrate/GLints/dict_16_192_64_0p5_0p02_0023_0012.uasset" 5658
"../../../Engine/Content/EngineMaterials/Substrate/GLints/dict_16_192_64_0p5_0p02_0023_0011.uasset" 5659
"../../../Engine/Content/EngineMaterials/Substrate/GLints/dict_16_192_64_0p5_0p02_0023_0009.uasset" 5660
"../../../Engine/Content/EngineMaterials/Substrate/GLints/dict_16_192_64_0p5_0p02_0023_0008.uasset" 5661
"/Engine/EngineMaterials/Substrate/GLints/dict_16_192_64_0p5_0p02_0023_0014" 5662
"../../../Engine/Content/EngineMaterials/Substrate/GLints/dict_16_192_64_0p5_0p02_0023_0010.uasset" 5663
"../../../Engine/Content/EngineMaterials/Substrate/GLints/dict_16_192_64_0p5_0p02_0023_0007.uasset" 5664
"/Engine/EngineMaterials/Substrate/GLints/dict_16_192_64_0p5_0p02_0023_0015" 5665
"/Engine/EngineMaterials/Substrate/GLints/dict_16_192_64_0p5_0p02_0024_0000" 5666
"/Engine/EngineMaterials/Substrate/GLints/dict_16_192_64_0p5_0p02_0024_0001" 5667
"/Engine/EngineMaterials/Substrate/GLints/dict_16_192_64_0p5_0p02_0024_0002" 5668
"/Engine/EngineMaterials/Substrate/GLints/dict_16_192_64_0p5_0p02_0024_0003" 5669
"/Engine/EngineMaterials/Substrate/GLints/dict_16_192_64_0p5_0p02_0024_0004" 5670
"/Engine/EngineMaterials/Substrate/GLints/dict_16_192_64_0p5_0p02_0024_0005" 5671
"/Engine/EngineMaterials/Substrate/GLints/dict_16_192_64_0p5_0p02_0024_0006" 5672
"/Engine/EngineMaterials/Substrate/GLints/dict_16_192_64_0p5_0p02_0024_0007" 5673
"/Engine/EngineMaterials/Substrate/GLints/dict_16_192_64_0p5_0p02_0024_0008" 5674
"/Engine/EngineMaterials/Substrate/GLints/dict_16_192_64_0p5_0p02_0024_0009" 5675
"/Engine/EngineMaterials/Substrate/GLints/dict_16_192_64_0p5_0p02_0024_0010" 5676
"/Engine/EngineMaterials/Substrate/GLints/dict_16_192_64_0p5_0p02_0024_0011" 5677
"/Engine/EngineMaterials/Substrate/GLints/dict_16_192_64_0p5_0p02_0024_0012" 5678
"/Engine/EngineMaterials/Substrate/GLints/dict_16_192_64_0p5_0p02_0024_0013" 5679
"/Engine/EngineMaterials/Substrate/GLints/dict_16_192_64_0p5_0p02_0024_0014" 5680
"/Engine/EngineMaterials/Substrate/GLints/dict_16_192_64_0p5_0p02_0024_0015" 5681
"/Engine/EngineMaterials/Substrate/GLints/dict_16_192_64_0p5_0p02_0025_0000" 5682
"/Engine/EngineMaterials/Substrate/GLints/dict_16_192_64_0p5_0p02_0025_0001" 5683
"/Engine/EngineMaterials/Substrate/GLints/dict_16_192_64_0p5_0p02_0025_0002" 5684
"/Engine/EngineMaterials/Substrate/GLints/dict_16_192_64_0p5_0p02_0025_0003" 5685
"/Engine/EngineMaterials/Substrate/GLints/dict_16_192_64_0p5_0p02_0025_0004" 5686
"/Engine/EngineMaterials/Substrate/GLints/dict_16_192_64_0p5_0p02_0025_0005" 5687
"/Engine/EngineMaterials/Substrate/GLints/dict_16_192_64_0p5_0p02_0025_0006" 5688
"../../../Engine/Content/EngineMaterials/Substrate/GLints/dict_16_192_64_0p5_0p02_0022_0014.uasset" 5689
"../../../Engine/Content/EngineMaterials/Substrate/GLints/dict_16_192_64_0p5_0p02_0022_0013.uasset" 5690
"../../../Engine/Content/EngineMaterials/Substrate/GLints/dict_16_192_64_0p5_0p02_0022_0011.uasset" 5691
"../../../Engine/Content/EngineMaterials/Substrate/GLints/dict_16_192_64_0p5_0p02_0022_0015.uasset" 5692
"/Engine/EngineMaterials/Substrate/GLints/dict_16_192_64_0p5_0p02_0023_0007" 5693
"../../../Engine/Content/EngineMaterials/Substrate/GLints/dict_16_192_64_0p5_0p02_0023_0000.uasset" 5694
"../../../Engine/Content/EngineMaterials/Substrate/GLints/dict_16_192_64_0p5_0p02_0023_0005.uasset" 5695
"../../../Engine/Content/EngineMaterials/Substrate/GLints/dict_16_192_64_0p5_0p02_0022_0009.uasset" 5696
"../../../Engine/Content/EngineMaterials/Substrate/GLints/dict_16_192_64_0p5_0p02_0022_0008.uasset" 5697
"../../../Engine/Content/EngineMaterials/Substrate/GLints/dict_16_192_64_0p5_0p02_0023_0002.uasset" 5698
"../../../Engine/Content/EngineMaterials/Substrate/GLints/dict_16_192_64_0p5_0p02_0022_0007.uasset" 5699
"../../../Engine/Content/EngineMaterials/Substrate/GLints/dict_16_192_64_0p5_0p02_0022_0005.uasset" 5700
"../../../Engine/Content/EngineMaterials/Substrate/GLints/dict_16_192_64_0p5_0p02_0023_0004.uasset" 5701
"../../../Engine/Content/EngineMaterials/Substrate/GLints/dict_16_192_64_0p5_0p02_0022_0004.uasset" 5702
"../../../Engine/Content/EngineMaterials/Substrate/GLints/dict_16_192_64_0p5_0p02_0022_0002.uasset" 5703
"../../../Engine/Content/EngineMaterials/Substrate/GLints/dict_16_192_64_0p5_0p02_0022_0003.uasset" 5704
"../../../Engine/Content/EngineMaterials/Substrate/GLints/dict_16_192_64_0p5_0p02_0022_0001.uasset" 5705
"../../../Engine/Content/EngineMaterials/Substrate/GLints/dict_16_192_64_0p5_0p02_0022_0006.uasset" 5706
"../../../Engine/Content/EngineMaterials/Substrate/GLints/dict_16_192_64_0p5_0p02_0022_0000.uasset" 5707
"../../../Engine/Content/EngineMaterials/Substrate/GLints/dict_16_192_64_0p5_0p02_0021_0014.uasset" 5708
"../../../Engine/Content/EngineMaterials/Substrate/GLints/dict_16_192_64_0p5_0p02_0022_0012.uasset" 5709
"../../../Engine/Content/EngineMaterials/Substrate/GLints/dict_16_192_64_0p5_0p02_0021_0015.uasset" 5710
"../../../Engine/Content/EngineMaterials/Substrate/GLints/dict_16_192_64_0p5_0p02_0022_0010.uasset" 5711
"/Engine/EngineMaterials/Substrate/GLints/dict_16_192_64_0p5_0p02_0023_0008" 5712
"../../../Engine/Content/EngineMaterials/Substrate/GLints/dict_16_192_64_0p5_0p02_0023_0003.uasset" 5713
"../../../Engine/Content/EngineMaterials/Substrate/GLints/dict_16_192_64_0p5_0p02_0023_0001.uasset" 5714
"../../../Engine/Content/EngineMaterials/Substrate/GLints/dict_16_192_64_0p5_0p02_0023_0006.uasset" 5715
"/Engine/EngineMaterials/Substrate/GLints/dict_16_192_64_0p5_0p02_0023_0009" 5716
"/Engine/EngineMaterials/Substrate/GLints/dict_16_192_64_0p5_0p02_0023_0010" 5717
"/Engine/EngineMaterials/Substrate/GLints/dict_16_192_64_0p5_0p02_0023_0011" 5718
"/Engine/EngineMaterials/Substrate/GLints/dict_16_192_64_0p5_0p02_0023_0012" 5719
"/Engine/EngineMaterials/Substrate/GLints/dict_16_192_64_0p5_0p02_0023_0013" 5720
"../../../Engine/Content/EngineMaterials/Substrate/GLints/dict_16_192_64_0p5_0p02_0021_0008.uasset" 5721
"../../../Engine/Content/EngineMaterials/Substrate/GLints/dict_16_192_64_0p5_0p02_0021_0011.uasset" 5722
"../../../Engine/Content/EngineMaterials/Substrate/GLints/dict_16_192_64_0p5_0p02_0021_0012.uasset" 5723
"/Engine/EngineMaterials/Substrate/GLints/dict_16_192_64_0p5_0p02_0021_0014" 5724
"../../../Engine/Content/EngineMaterials/Substrate/GLints/dict_16_192_64_0p5_0p02_0021_0013.uasset" 5725
"/Engine/EngineMaterials/Substrate/GLints/dict_16_192_64_0p5_0p02_0021_0015" 5726
"../../../Engine/Content/EngineMaterials/Substrate/GLints/dict_16_192_64_0p5_0p02_0021_0010.uasset" 5727
"../../../Engine/Content/EngineMaterials/Substrate/GLints/dict_16_192_64_0p5_0p02_0021_0007.uasset" 5728
"../../../Engine/Content/EngineMaterials/Substrate/GLints/dict_16_192_64_0p5_0p02_0021_0009.uasset" 5729
"/Engine/EngineMaterials/Substrate/GLints/dict_16_192_64_0p5_0p02_0022_0000" 5730
"/Engine/EngineMaterials/Substrate/GLints/dict_16_192_64_0p5_0p02_0022_0001" 5731
"/Engine/EngineMaterials/Substrate/GLints/dict_16_192_64_0p5_0p02_0022_0002" 5732
"/Engine/EngineMaterials/Substrate/GLints/dict_16_192_64_0p5_0p02_0022_0003" 5733
"/Engine/EngineMaterials/Substrate/GLints/dict_16_192_64_0p5_0p02_0022_0004" 5734
"/Engine/EngineMaterials/Substrate/GLints/dict_16_192_64_0p5_0p02_0022_0005" 5735
"/Engine/EngineMaterials/Substrate/GLints/dict_16_192_64_0p5_0p02_0022_0006" 5736
"/Engine/EngineMaterials/Substrate/GLints/dict_16_192_64_0p5_0p02_0022_0007" 5737
"/Engine/EngineMaterials/Substrate/GLints/dict_16_192_64_0p5_0p02_0022_0008" 5738
"/Engine/EngineMaterials/Substrate/GLints/dict_16_192_64_0p5_0p02_0022_0009" 5739
"/Engine/EngineMaterials/Substrate/GLints/dict_16_192_64_0p5_0p02_0022_0010" 5740
"/Engine/EngineMaterials/Substrate/GLints/dict_16_192_64_0p5_0p02_0022_0011" 5741
"/Engine/EngineMaterials/Substrate/GLints/dict_16_192_64_0p5_0p02_0022_0012" 5742
"/Engine/EngineMaterials/Substrate/GLints/dict_16_192_64_0p5_0p02_0022_0013" 5743
"/Engine/EngineMaterials/Substrate/GLints/dict_16_192_64_0p5_0p02_0022_0014" 5744
"/Engine/EngineMaterials/Substrate/GLints/dict_16_192_64_0p5_0p02_0022_0015" 5745
"/Engine/EngineMaterials/Substrate/GLints/dict_16_192_64_0p5_0p02_0023_0000" 5746
"/Engine/EngineMaterials/Substrate/GLints/dict_16_192_64_0p5_0p02_0023_0001" 5747
"/Engine/EngineMaterials/Substrate/GLints/dict_16_192_64_0p5_0p02_0023_0002" 5748
"/Engine/EngineMaterials/Substrate/GLints/dict_16_192_64_0p5_0p02_0023_0003" 5749
"/Engine/EngineMaterials/Substrate/GLints/dict_16_192_64_0p5_0p02_0023_0004" 5750
"/Engine/EngineMaterials/Substrate/GLints/dict_16_192_64_0p5_0p02_0023_0005" 5751
"/Engine/EngineMaterials/Substrate/GLints/dict_16_192_64_0p5_0p02_0023_0006" 5752
"../../../Engine/Content/EngineMaterials/Substrate/GLints/dict_16_192_64_0p5_0p02_0021_0004.uasset" 5753
"../../../Engine/Content/EngineMaterials/Substrate/GLints/dict_16_192_64_0p5_0p02_0021_0003.uasset" 5754
"../../../Engine/Content/EngineMaterials/Substrate/GLints/dict_16_192_64_0p5_0p02_0021_0000.uasset" 5755
"../../../Engine/Content/EngineMaterials/Substrate/GLints/dict_16_192_64_0p5_0p02_0021_0001.uasset" 5756
"../../../Engine/Content/EngineMaterials/Substrate/GLints/dict_16_192_64_0p5_0p02_0020_0014.uasset" 5757
"../../../Engine/Content/EngineMaterials/Substrate/GLints/dict_16_192_64_0p5_0p02_0020_0011.uasset" 5758
"../../../Engine/Content/EngineMaterials/Substrate/GLints/dict_16_192_64_0p5_0p02_0020_0012.uasset" 5759
"../../../Engine/Content/EngineMaterials/Substrate/GLints/dict_16_192_64_0p5_0p02_0020_0013.uasset" 5760
"../../../Engine/Content/EngineMaterials/Substrate/GLints/dict_16_192_64_0p5_0p02_0020_0009.uasset" 5761
"/Engine/EngineMaterials/Substrate/GLints/dict_16_192_64_0p5_0p02_0021_0007" 5762
"../../../Engine/Content/EngineMaterials/Substrate/GLints/dict_16_192_64_0p5_0p02_0020_0008.uasset" 5763
"../../../Engine/Content/EngineMaterials/Substrate/GLints/dict_16_192_64_0p5_0p02_0020_0006.uasset" 5764
"../../../Engine/Content/EngineMaterials/Substrate/GLints/dict_16_192_64_0p5_0p02_0020_0004.uasset" 5765
"../../../Engine/Content/EngineMaterials/Substrate/GLints/dict_16_192_64_0p5_0p02_0020_0003.uasset" 5766
"../../../Engine/Content/EngineMaterials/Substrate/GLints/dict_16_192_64_0p5_0p02_0021_0006.uasset" 5767
"../../../Engine/Content/EngineMaterials/Substrate/GLints/dict_16_192_64_0p5_0p02_0020_0010.uasset" 5768
"../../../Engine/Content/EngineMaterials/Substrate/GLints/dict_16_192_64_0p5_0p02_0020_0007.uasset" 5769
"../../../Engine/Content/EngineMaterials/Substrate/GLints/dict_16_192_64_0p5_0p02_0020_0000.uasset" 5770
"../../../Engine/Content/EngineMaterials/Substrate/GLints/dict_16_192_64_0p5_0p02_0020_0015.uasset" 5771
"../../../Engine/Content/EngineMaterials/Substrate/GLints/dict_16_192_64_0p5_0p02_0019_0014.uasset" 5772
"../../../Engine/Content/EngineMaterials/Substrate/GLints/dict_16_192_64_0p5_0p02_0019_0015.uasset" 5773
"../../../Engine/Content/EngineMaterials/Substrate/GLints/dict_16_192_64_0p5_0p02_0021_0005.uasset" 5774
"../../../Engine/Content/EngineMaterials/Substrate/GLints/dict_16_192_64_0p5_0p02_0020_0005.uasset" 5775
"../../../Engine/Content/EngineMaterials/Substrate/GLints/dict_16_192_64_0p5_0p02_0021_0002.uasset" 5776
"../../../Engine/Content/EngineMaterials/Substrate/GLints/dict_16_192_64_0p5_0p02_0020_0002.uasset" 5777
"../../../Engine/Content/EngineMaterials/Substrate/GLints/dict_16_192_64_0p5_0p02_0020_0001.uasset" 5778
"/Engine/EngineMaterials/Substrate/GLints/dict_16_192_64_0p5_0p02_0021_0008" 5779
"/Engine/EngineMaterials/Substrate/GLints/dict_16_192_64_0p5_0p02_0021_0009" 5780
"/Engine/EngineMaterials/Substrate/GLints/dict_16_192_64_0p5_0p02_0021_0010" 5781
"/Engine/EngineMaterials/Substrate/GLints/dict_16_192_64_0p5_0p02_0021_0011" 5782
"/Engine/EngineMaterials/Substrate/GLints/dict_16_192_64_0p5_0p02_0021_0012" 5783
"/Engine/EngineMaterials/Substrate/GLints/dict_16_192_64_0p5_0p02_0021_0013" 5784
"../../../Engine/Content/EngineMaterials/Substrate/GLints/dict_16_192_64_0p5_0p02_0019_0013.uasset" 5785
"../../../Engine/Content/EngineMaterials/Substrate/GLints/dict_16_192_64_0p5_0p02_0019_0010.uasset" 5786
"../../../Engine/Content/EngineMaterials/Substrate/GLints/dict_16_192_64_0p5_0p02_0019_0011.uasset" 5787
"../../../Engine/Content/EngineMaterials/Substrate/GLints/dict_16_192_64_0p5_0p02_0019_0009.uasset" 5788
"../../../Engine/Content/EngineMaterials/Substrate/GLints/dict_16_192_64_0p5_0p02_0019_0007.uasset" 5789
"/Engine/EngineMaterials/Substrate/GLints/dict_16_192_64_0p5_0p02_0019_0014" 5790
"../../../Engine/Content/EngineMaterials/Substrate/GLints/dict_16_192_64_0p5_0p02_0019_0008.uasset" 5791
"../../../Engine/Content/EngineMaterials/Substrate/GLints/dict_16_192_64_0p5_0p02_0019_0012.uasset" 5792
"/Engine/EngineMaterials/Substrate/GLints/dict_16_192_64_0p5_0p02_0019_0015" 5793
"/Engine/EngineMaterials/Substrate/GLints/dict_16_192_64_0p5_0p02_0020_0000" 5794
"/Engine/EngineMaterials/Substrate/GLints/dict_16_192_64_0p5_0p02_0020_0001" 5795
"/Engine/EngineMaterials/Substrate/GLints/dict_16_192_64_0p5_0p02_0020_0002" 5796
"/Engine/EngineMaterials/Substrate/GLints/dict_16_192_64_0p5_0p02_0020_0003" 5797
"/Engine/EngineMaterials/Substrate/GLints/dict_16_192_64_0p5_0p02_0020_0004" 5798
"/Engine/EngineMaterials/Substrate/GLints/dict_16_192_64_0p5_0p02_0020_0005" 5799
"/Engine/EngineMaterials/Substrate/GLints/dict_16_192_64_0p5_0p02_0020_0006" 5800
"/Engine/EngineMaterials/Substrate/GLints/dict_16_192_64_0p5_0p02_0020_0007" 5801
"/Engine/EngineMaterials/Substrate/GLints/dict_16_192_64_0p5_0p02_0020_0008" 5802
"/Engine/EngineMaterials/Substrate/GLints/dict_16_192_64_0p5_0p02_0020_0009" 5803
"/Engine/EngineMaterials/Substrate/GLints/dict_16_192_64_0p5_0p02_0020_0010" 5804
"/Engine/EngineMaterials/Substrate/GLints/dict_16_192_64_0p5_0p02_0020_0011" 5805
"/Engine/EngineMaterials/Substrate/GLints/dict_16_192_64_0p5_0p02_0020_0012" 5806
"/Engine/EngineMaterials/Substrate/GLints/dict_16_192_64_0p5_0p02_0020_0013" 5807
"/Engine/EngineMaterials/Substrate/GLints/dict_16_192_64_0p5_0p02_0020_0014" 5808
"/Engine/EngineMaterials/Substrate/GLints/dict_16_192_64_0p5_0p02_0020_0015" 5809
"/Engine/EngineMaterials/Substrate/GLints/dict_16_192_64_0p5_0p02_0021_0000" 5810
"/Engine/EngineMaterials/Substrate/GLints/dict_16_192_64_0p5_0p02_0021_0001" 5811
"/Engine/EngineMaterials/Substrate/GLints/dict_16_192_64_0p5_0p02_0021_0002" 5812
"/Engine/EngineMaterials/Substrate/GLints/dict_16_192_64_0p5_0p02_0021_0003" 5813
"/Engine/EngineMaterials/Substrate/GLints/dict_16_192_64_0p5_0p02_0021_0004" 5814
"/Engine/EngineMaterials/Substrate/GLints/dict_16_192_64_0p5_0p02_0021_0005" 5815
"/Engine/EngineMaterials/Substrate/GLints/dict_16_192_64_0p5_0p02_0021_0006" 5816
"../../../Engine/Content/EngineMaterials/Substrate/GLints/dict_16_192_64_0p5_0p02_0019_0006.uasset" 5817
"../../../Engine/Content/EngineMaterials/Substrate/GLints/dict_16_192_64_0p5_0p02_0019_0005.uasset" 5818
"../../../Engine/Content/EngineMaterials/Substrate/GLints/dict_16_192_64_0p5_0p02_0019_0000.uasset" 5819
"../../../Engine/Content/EngineMaterials/Substrate/GLints/dict_16_192_64_0p5_0p02_0018_0015.uasset" 5820
"../../../Engine/Content/EngineMaterials/Substrate/GLints/dict_16_192_64_0p5_0p02_0019_0003.uasset" 5821
"/Engine/EngineMaterials/Substrate/GLints/dict_16_192_64_0p5_0p02_0019_0007" 5822
"../../../Engine/Content/EngineMaterials/Substrate/GLints/dict_16_192_64_0p5_0p02_0019_0002.uasset" 5823
"../../../Engine/Content/EngineMaterials/Substrate/GLints/dict_16_192_64_0p5_0p02_0018_0008.uasset" 5824
"../../../Engine/Content/EngineMaterials/Substrate/GLints/dict_16_192_64_0p5_0p02_0018_0013.uasset" 5825
"../../../Engine/Content/EngineMaterials/Substrate/GLints/dict_16_192_64_0p5_0p02_0019_0004.uasset" 5826
"../../../Engine/Content/EngineMaterials/Substrate/GLints/dict_16_192_64_0p5_0p02_0018_0005.uasset" 5827
"../../../Engine/Content/EngineMaterials/Substrate/GLints/dict_16_192_64_0p5_0p02_0018_0004.uasset" 5828
"../../../Engine/Content/EngineMaterials/Substrate/GLints/dict_16_192_64_0p5_0p02_0018_0011.uasset" 5829
"../../../Engine/Content/EngineMaterials/Substrate/GLints/dict_16_192_64_0p5_0p02_0018_0012.uasset" 5830
"../../../Engine/Content/EngineMaterials/Substrate/GLints/dict_16_192_64_0p5_0p02_0018_0007.uasset" 5831
"../../../Engine/Content/EngineMaterials/Substrate/GLints/dict_16_192_64_0p5_0p02_0018_0009.uasset" 5832
"../../../Engine/Content/EngineMaterials/Substrate/GLints/dict_16_192_64_0p5_0p02_0017_0015.uasset" 5833
"../../../Engine/Content/EngineMaterials/Substrate/GLints/dict_16_192_64_0p5_0p02_0018_0010.uasset" 5834
"../../../Engine/Content/EngineMaterials/Substrate/GLints/dict_16_192_64_0p5_0p02_0017_0014.uasset" 5835
"../../../Engine/Content/EngineMaterials/Substrate/GLints/dict_16_192_64_0p5_0p02_0019_0001.uasset" 5836
"/Engine/EngineMaterials/Substrate/GLints/dict_16_192_64_0p5_0p02_0019_0008" 5837
"../../../Engine/Content/EngineMaterials/Substrate/GLints/dict_16_192_64_0p5_0p02_0018_0002.uasset" 5838
"../../../Engine/Content/EngineMaterials/Substrate/GLints/dict_16_192_64_0p5_0p02_0018_0006.uasset" 5839
"../../../Engine/Content/EngineMaterials/Substrate/GLints/dict_16_192_64_0p5_0p02_0018_0001.uasset" 5840
"../../../Engine/Content/EngineMaterials/Substrate/GLints/dict_16_192_64_0p5_0p02_0018_0000.uasset" 5841
"../../../Engine/Content/EngineMaterials/Substrate/GLints/dict_16_192_64_0p5_0p02_0018_0003.uasset" 5842
"../../../Engine/Content/EngineMaterials/Substrate/GLints/dict_16_192_64_0p5_0p02_0018_0014.uasset" 5843
"/Engine/EngineMaterials/Substrate/GLints/dict_16_192_64_0p5_0p02_0019_0009" 5844
"/Engine/EngineMaterials/Substrate/GLints/dict_16_192_64_0p5_0p02_0019_0010" 5845
"/Engine/EngineMaterials/Substrate/GLints/dict_16_192_64_0p5_0p02_0019_0011" 5846
"/Engine/EngineMaterials/Substrate/GLints/dict_16_192_64_0p5_0p02_0019_0012" 5847
"/Engine/EngineMaterials/Substrate/GLints/dict_16_192_64_0p5_0p02_0019_0013" 5848
"../../../Engine/Content/EngineMaterials/Substrate/GLints/dict_16_192_64_0p5_0p02_0017_0013.uasset" 5849
"../../../Engine/Content/EngineMaterials/Substrate/GLints/dict_16_192_64_0p5_0p02_0017_0012.uasset" 5850
"../../../Engine/Content/EngineMaterials/Substrate/GLints/dict_16_192_64_0p5_0p02_0017_0011.uasset" 5851
"../../../Engine/Content/EngineMaterials/Substrate/GLints/dict_16_192_64_0p5_0p02_0017_0010.uasset" 5852
"/Engine/EngineMaterials/Substrate/GLints/dict_16_192_64_0p5_0p02_0017_0014" 5853
"../../../Engine/Content/EngineMaterials/Substrate/GLints/dict_16_192_64_0p5_0p02_0017_0009.uasset" 5854
"../../../Engine/Content/EngineMaterials/Substrate/GLints/dict_16_192_64_0p5_0p02_0017_0008.uasset" 5855
"/Engine/EngineMaterials/Substrate/GLints/dict_16_192_64_0p5_0p02_0017_0015" 5856
"../../../Engine/Content/EngineMaterials/Substrate/GLints/dict_16_192_64_0p5_0p02_0017_0007.uasset" 5857
"/Engine/EngineMaterials/Substrate/GLints/dict_16_192_64_0p5_0p02_0018_0000" 5858
"/Engine/EngineMaterials/Substrate/GLints/dict_16_192_64_0p5_0p02_0018_0001" 5859
"/Engine/EngineMaterials/Substrate/GLints/dict_16_192_64_0p5_0p02_0018_0002" 5860
"/Engine/EngineMaterials/Substrate/GLints/dict_16_192_64_0p5_0p02_0018_0003" 5861
"/Engine/EngineMaterials/Substrate/GLints/dict_16_192_64_0p5_0p02_0018_0004" 5862
"/Engine/EngineMaterials/Substrate/GLints/dict_16_192_64_0p5_0p02_0018_0005" 5863
"/Engine/EngineMaterials/Substrate/GLints/dict_16_192_64_0p5_0p02_0018_0006" 5864
"/Engine/EngineMaterials/Substrate/GLints/dict_16_192_64_0p5_0p02_0018_0007" 5865
"/Engine/EngineMaterials/Substrate/GLints/dict_16_192_64_0p5_0p02_0018_0008" 5866
"/Engine/EngineMaterials/Substrate/GLints/dict_16_192_64_0p5_0p02_0018_0009" 5867
"/Engine/EngineMaterials/Substrate/GLints/dict_16_192_64_0p5_0p02_0018_0010" 5868
"/Engine/EngineMaterials/Substrate/GLints/dict_16_192_64_0p5_0p02_0018_0011" 5869
"/Engine/EngineMaterials/Substrate/GLints/dict_16_192_64_0p5_0p02_0018_0012" 5870
"/Engine/EngineMaterials/Substrate/GLints/dict_16_192_64_0p5_0p02_0018_0013" 5871
"/Engine/EngineMaterials/Substrate/GLints/dict_16_192_64_0p5_0p02_0018_0014" 5872
"/Engine/EngineMaterials/Substrate/GLints/dict_16_192_64_0p5_0p02_0018_0015" 5873
"/Engine/EngineMaterials/Substrate/GLints/dict_16_192_64_0p5_0p02_0019_0000" 5874
"/Engine/EngineMaterials/Substrate/GLints/dict_16_192_64_0p5_0p02_0019_0001" 5875
"/Engine/EngineMaterials/Substrate/GLints/dict_16_192_64_0p5_0p02_0019_0002" 5876
"/Engine/EngineMaterials/Substrate/GLints/dict_16_192_64_0p5_0p02_0019_0003" 5877
"/Engine/EngineMaterials/Substrate/GLints/dict_16_192_64_0p5_0p02_0019_0004" 5878
"/Engine/EngineMaterials/Substrate/GLints/dict_16_192_64_0p5_0p02_0019_0005" 5879
"/Engine/EngineMaterials/Substrate/GLints/dict_16_192_64_0p5_0p02_0019_0006" 5880
"../../../Engine/Content/EngineMaterials/Substrate/GLints/dict_16_192_64_0p5_0p02_0017_0005.uasset" 5881
"../../../Engine/Content/EngineMaterials/Substrate/GLints/dict_16_192_64_0p5_0p02_0017_0004.uasset" 5882
"../../../Engine/Content/EngineMaterials/Substrate/GLints/dict_16_192_64_0p5_0p02_0017_0003.uasset" 5883
"../../../Engine/Content/EngineMaterials/Substrate/GLints/dict_16_192_64_0p5_0p02_0017_0000.uasset" 5884
"../../../Engine/Content/EngineMaterials/Substrate/GLints/dict_16_192_64_0p5_0p02_0016_0015.uasset" 5885
"../../../Engine/Content/EngineMaterials/Substrate/GLints/dict_16_192_64_0p5_0p02_0017_0006.uasset" 5886
"../../../Engine/Content/EngineMaterials/Substrate/GLints/dict_16_192_64_0p5_0p02_0016_0010.uasset" 5887
"../../../Engine/Content/EngineMaterials/Substrate/GLints/dict_16_192_64_0p5_0p02_0016_0009.uasset" 5888
"/Engine/EngineMaterials/Substrate/GLints/dict_16_192_64_0p5_0p02_0017_0007" 5889
"../../../Engine/Content/EngineMaterials/Substrate/GLints/dict_16_192_64_0p5_0p02_0017_0002.uasset" 5890
"../../../Engine/Content/EngineMaterials/Substrate/GLints/dict_16_192_64_0p5_0p02_0016_0007.uasset" 5891
"../../../Engine/Content/EngineMaterials/Substrate/GLints/dict_16_192_64_0p5_0p02_0016_0005.uasset" 5892
"../../../Engine/Content/EngineMaterials/Substrate/GLints/dict_16_192_64_0p5_0p02_0016_0004.uasset" 5893
"../../../Engine/Content/EngineMaterials/Substrate/GLints/dict_16_192_64_0p5_0p02_0016_0003.uasset" 5894
"../../../Engine/Content/EngineMaterials/Substrate/GLints/dict_16_192_64_0p5_0p02_0016_0008.uasset" 5895
"../../../Engine/Content/EngineMaterials/Substrate/GLints/dict_16_192_64_0p5_0p02_0016_0012.uasset" 5896
"../../../Engine/Content/EngineMaterials/Substrate/GLints/dict_16_192_64_0p5_0p02_0016_0006.uasset" 5897
"../../../Engine/Content/EngineMaterials/Substrate/GLints/dict_16_192_64_0p5_0p02_0016_0013.uasset" 5898
"../../../Engine/Content/EngineMaterials/Substrate/GLints/dict_16_192_64_0p5_0p02_0016_0011.uasset" 5899
"../../../Engine/Content/EngineMaterials/Substrate/GLints/dict_16_192_64_0p5_0p02_0016_0002.uasset" 5900
"../../../Engine/Content/EngineMaterials/Substrate/GLints/dict_16_192_64_0p5_0p02_0015_0015.uasset" 5901
"/Engine/EngineMaterials/Substrate/GLints/dict_16_192_64_0p5_0p02_0017_0005" 5902
"../../../Engine/Content/EngineMaterials/Substrate/GLints/dict_16_192_64_0p5_0p02_0015_0014.uasset" 5903
"../../../Engine/Content/EngineMaterials/Substrate/GLints/dict_16_192_64_0p5_0p02_0016_0014.uasset" 5904
"../../../Engine/Content/EngineMaterials/Substrate/GLints/dict_16_192_64_0p5_0p02_0016_0000.uasset" 5905
"../../../Engine/Content/EngineMaterials/Substrate/GLints/dict_16_192_64_0p5_0p02_0017_0001.uasset" 5906
"../../../Engine/Content/EngineMaterials/Substrate/GLints/dict_16_192_64_0p5_0p02_0016_0001.uasset" 5907
"/Engine/EngineMaterials/Substrate/GLints/dict_16_192_64_0p5_0p02_0017_0008" 5908
"/Engine/EngineMaterials/Substrate/GLints/dict_16_192_64_0p5_0p02_0017_0009" 5909
"/Engine/EngineMaterials/Substrate/GLints/dict_16_192_64_0p5_0p02_0017_0010" 5910
"/Engine/EngineMaterials/Substrate/GLints/dict_16_192_64_0p5_0p02_0017_0011" 5911
"/Engine/EngineMaterials/Substrate/GLints/dict_16_192_64_0p5_0p02_0017_0012" 5912
"/Engine/EngineMaterials/Substrate/GLints/dict_16_192_64_0p5_0p02_0017_0013" 5913
"../../../Engine/Content/EngineMaterials/Substrate/GLints/dict_16_192_64_0p5_0p02_0015_0010.uasset" 5914
"../../../Engine/Content/EngineMaterials/Substrate/GLints/dict_16_192_64_0p5_0p02_0015_0013.uasset" 5915
"../../../Engine/Content/EngineMaterials/Substrate/GLints/dict_16_192_64_0p5_0p02_0015_0007.uasset" 5916
"../../../Engine/Content/EngineMaterials/Substrate/GLints/dict_16_192_64_0p5_0p02_0015_0006.uasset" 5917
"../../../Engine/Content/EngineMaterials/Substrate/GLints/dict_16_192_64_0p5_0p02_0015_0011.uasset" 5918
"../../../Engine/Content/EngineMaterials/Substrate/GLints/dict_16_192_64_0p5_0p02_0015_0012.uasset" 5919
"/Engine/EngineMaterials/Substrate/GLints/dict_16_192_64_0p5_0p02_0015_0014" 5920
"../../../Engine/Content/EngineMaterials/Substrate/GLints/dict_16_192_64_0p5_0p02_0015_0008.uasset" 5921
"../../../Engine/Content/EngineMaterials/Substrate/GLints/dict_16_192_64_0p5_0p02_0015_0009.uasset" 5922
"/Engine/EngineMaterials/Substrate/GLints/dict_16_192_64_0p5_0p02_0015_0015" 5923
"/Engine/EngineMaterials/Substrate/GLints/dict_16_192_64_0p5_0p02_0016_0000" 5924
"/Engine/EngineMaterials/Substrate/GLints/dict_16_192_64_0p5_0p02_0016_0001" 5925
"/Engine/EngineMaterials/Substrate/GLints/dict_16_192_64_0p5_0p02_0016_0002" 5926
"/Engine/EngineMaterials/Substrate/GLints/dict_16_192_64_0p5_0p02_0016_0003" 5927
"/Engine/EngineMaterials/Substrate/GLints/dict_16_192_64_0p5_0p02_0016_0004" 5928
"/Engine/EngineMaterials/Substrate/GLints/dict_16_192_64_0p5_0p02_0016_0005" 5929
"/Engine/EngineMaterials/Substrate/GLints/dict_16_192_64_0p5_0p02_0016_0006" 5930
"/Engine/EngineMaterials/Substrate/GLints/dict_16_192_64_0p5_0p02_0016_0007" 5931
"/Engine/EngineMaterials/Substrate/GLints/dict_16_192_64_0p5_0p02_0016_0008" 5932
"/Engine/EngineMaterials/Substrate/GLints/dict_16_192_64_0p5_0p02_0016_0009" 5933
"/Engine/EngineMaterials/Substrate/GLints/dict_16_192_64_0p5_0p02_0016_0010" 5934
"/Engine/EngineMaterials/Substrate/GLints/dict_16_192_64_0p5_0p02_0016_0011" 5935
"/Engine/EngineMaterials/Substrate/GLints/dict_16_192_64_0p5_0p02_0016_0012" 5936
"/Engine/EngineMaterials/Substrate/GLints/dict_16_192_64_0p5_0p02_0016_0013" 5937
"/Engine/EngineMaterials/Substrate/GLints/dict_16_192_64_0p5_0p02_0016_0014" 5938
"/Engine/EngineMaterials/Substrate/GLints/dict_16_192_64_0p5_0p02_0016_0015" 5939
"/Engine/EngineMaterials/Substrate/GLints/dict_16_192_64_0p5_0p02_0017_0000" 5940
"/Engine/EngineMaterials/Substrate/GLints/dict_16_192_64_0p5_0p02_0017_0001" 5941
"/Engine/EngineMaterials/Substrate/GLints/dict_16_192_64_0p5_0p02_0017_0002" 5942
"/Engine/EngineMaterials/Substrate/GLints/dict_16_192_64_0p5_0p02_0017_0003" 5943
"/Engine/EngineMaterials/Substrate/GLints/dict_16_192_64_0p5_0p02_0017_0004" 5944
"/Engine/EngineMaterials/Substrate/GLints/dict_16_192_64_0p5_0p02_0017_0006" 5945
"/Engine/EngineMaterials/Substrate/GLints/dict_16_192_64_0p5_0p02_0015_0010" 5946
"../../../Engine/Content/EngineMaterials/Substrate/GLints/dict_16_192_64_0p5_0p02_0015_0004.uasset" 5947
"../../../Engine/Content/EngineMaterials/Substrate/GLints/dict_16_192_64_0p5_0p02_0015_0000.uasset" 5948
"../../../Engine/Content/EngineMaterials/Substrate/GLints/dict_16_192_64_0p5_0p02_0014_0014.uasset" 5949
"../../../Engine/Content/EngineMaterials/Substrate/GLints/dict_16_192_64_0p5_0p02_0015_0005.uasset" 5950
"../../../Engine/Content/EngineMaterials/Substrate/GLints/dict_16_192_64_0p5_0p02_0014_0012.uasset" 5951
"/Engine/EngineMaterials/Substrate/GLints/dict_16_192_64_0p5_0p02_0015_0006" 5952
"../../../Engine/Content/EngineMaterials/Substrate/GLints/dict_16_192_64_0p5_0p02_0015_0001.uasset" 5953
"../../../Engine/Content/EngineMaterials/Substrate/GLints/dict_16_192_64_0p5_0p02_0014_0011.uasset" 5954
"../../../Engine/Content/EngineMaterials/Substrate/GLints/dict_16_192_64_0p5_0p02_0014_0015.uasset" 5955
"../../../Engine/Content/EngineMaterials/Substrate/GLints/dict_16_192_64_0p5_0p02_0014_0013.uasset" 5956
"../../../Engine/Content/EngineMaterials/Substrate/GLints/dict_16_192_64_0p5_0p02_0015_0003.uasset" 5957
"../../../Engine/Content/EngineMaterials/Substrate/GLints/dict_16_192_64_0p5_0p02_0014_0009.uasset" 5958
"../../../Engine/Content/EngineMaterials/Substrate/GLints/dict_16_192_64_0p5_0p02_0014_0008.uasset" 5959
"../../../Engine/Content/EngineMaterials/Substrate/GLints/dict_16_192_64_0p5_0p02_0014_0007.uasset" 5960
"../../../Engine/Content/EngineMaterials/Substrate/GLints/dict_16_192_64_0p5_0p02_0014_0006.uasset" 5961
"../../../Engine/Content/EngineMaterials/Substrate/GLints/dict_16_192_64_0p5_0p02_0014_0010.uasset" 5962
"../../../Engine/Content/EngineMaterials/Substrate/GLints/dict_16_192_64_0p5_0p02_0014_0005.uasset" 5963
"../../../Engine/Content/EngineMaterials/Substrate/GLints/dict_16_192_64_0p5_0p02_0014_0003.uasset" 5964
"../../../Engine/Content/EngineMaterials/Substrate/GLints/dict_16_192_64_0p5_0p02_0014_0004.uasset" 5965
"../../../Engine/Content/EngineMaterials/Substrate/GLints/dict_16_192_64_0p5_0p02_0014_0001.uasset" 5966
"../../../Engine/Content/EngineMaterials/Substrate/GLints/dict_16_192_64_0p5_0p02_0014_0002.uasset" 5967
"../../../Engine/Content/EngineMaterials/Substrate/GLints/dict_16_192_64_0p5_0p02_0014_0000.uasset" 5968
"../../../Engine/Content/EngineMaterials/Substrate/GLints/dict_16_192_64_0p5_0p02_0013_0015.uasset" 5969
"../../../Engine/Content/EngineMaterials/Substrate/GLints/dict_16_192_64_0p5_0p02_0013_0013.uasset" 5970
"../../../Engine/Content/EngineMaterials/Substrate/GLints/dict_16_192_64_0p5_0p02_0015_0002.uasset" 5971
"/Engine/EngineMaterials/Substrate/GLints/dict_16_192_64_0p5_0p02_0015_0007" 5972
"../../../Engine/Content/EngineMaterials/Substrate/GLints/dict_16_192_64_0p5_0p02_0013_0014.uasset" 5973
"/Engine/EngineMaterials/Substrate/GLints/dict_16_192_64_0p5_0p02_0015_0008" 5974
"/Engine/EngineMaterials/Substrate/GLints/dict_16_192_64_0p5_0p02_0015_0009" 5975
"/Engine/EngineMaterials/Substrate/GLints/dict_16_192_64_0p5_0p02_0015_0011" 5976
"/Engine/EngineMaterials/Substrate/GLints/dict_16_192_64_0p5_0p02_0015_0012" 5977
"/Engine/EngineMaterials/Substrate/GLints/dict_16_192_64_0p5_0p02_0015_0013" 5978
"../../../Engine/Content/EngineMaterials/Substrate/GLints/dict_16_192_64_0p5_0p02_0013_0009.uasset" 5979
"../../../Engine/Content/EngineMaterials/Substrate/GLints/dict_16_192_64_0p5_0p02_0013_0012.uasset" 5980
"../../../Engine/Content/EngineMaterials/Substrate/GLints/dict_16_192_64_0p5_0p02_0013_0006.uasset" 5981
"../../../Engine/Content/EngineMaterials/Substrate/GLints/dict_16_192_64_0p5_0p02_0013_0011.uasset" 5982
"../../../Engine/Content/EngineMaterials/Substrate/GLints/dict_16_192_64_0p5_0p02_0013_0010.uasset" 5983
"../../../Engine/Content/EngineMaterials/Substrate/GLints/dict_16_192_64_0p5_0p02_0013_0007.uasset" 5984
"../../../Engine/Content/EngineMaterials/Substrate/GLints/dict_16_192_64_0p5_0p02_0013_0008.uasset" 5985
"/Engine/EngineMaterials/Substrate/GLints/dict_16_192_64_0p5_0p02_0013_0013" 5986
"/Engine/EngineMaterials/Substrate/GLints/dict_16_192_64_0p5_0p02_0013_0014" 5987
"/Engine/EngineMaterials/Substrate/GLints/dict_16_192_64_0p5_0p02_0013_0015" 5988
"/Engine/EngineMaterials/Substrate/GLints/dict_16_192_64_0p5_0p02_0014_0000" 5989
"/Engine/EngineMaterials/Substrate/GLints/dict_16_192_64_0p5_0p02_0014_0001" 5990
"/Engine/EngineMaterials/Substrate/GLints/dict_16_192_64_0p5_0p02_0014_0002" 5991
"/Engine/EngineMaterials/Substrate/GLints/dict_16_192_64_0p5_0p02_0014_0003" 5992
"/Engine/EngineMaterials/Substrate/GLints/dict_16_192_64_0p5_0p02_0014_0004" 5993
"/Engine/EngineMaterials/Substrate/GLints/dict_16_192_64_0p5_0p02_0014_0005" 5994
"/Engine/EngineMaterials/Substrate/GLints/dict_16_192_64_0p5_0p02_0014_0006" 5995
"/Engine/EngineMaterials/Substrate/GLints/dict_16_192_64_0p5_0p02_0014_0007" 5996
"/Engine/EngineMaterials/Substrate/GLints/dict_16_192_64_0p5_0p02_0014_0008" 5997
"/Engine/EngineMaterials/Substrate/GLints/dict_16_192_64_0p5_0p02_0014_0009" 5998
"/Engine/EngineMaterials/Substrate/GLints/dict_16_192_64_0p5_0p02_0014_0010" 5999
"/Engine/EngineMaterials/Substrate/GLints/dict_16_192_64_0p5_0p02_0014_0011" 6000
"/Engine/EngineMaterials/Substrate/GLints/dict_16_192_64_0p5_0p02_0014_0012" 6001
"/Engine/EngineMaterials/Substrate/GLints/dict_16_192_64_0p5_0p02_0014_0013" 6002
"/Engine/EngineMaterials/Substrate/GLints/dict_16_192_64_0p5_0p02_0014_0014" 6003
"/Engine/EngineMaterials/Substrate/GLints/dict_16_192_64_0p5_0p02_0014_0015" 6004
"/Engine/EngineMaterials/Substrate/GLints/dict_16_192_64_0p5_0p02_0015_0000" 6005
"/Engine/EngineMaterials/Substrate/GLints/dict_16_192_64_0p5_0p02_0015_0001" 6006
"/Engine/EngineMaterials/Substrate/GLints/dict_16_192_64_0p5_0p02_0015_0002" 6007
"/Engine/EngineMaterials/Substrate/GLints/dict_16_192_64_0p5_0p02_0015_0003" 6008
"/Engine/EngineMaterials/Substrate/GLints/dict_16_192_64_0p5_0p02_0015_0004" 6009
"/Engine/EngineMaterials/Substrate/GLints/dict_16_192_64_0p5_0p02_0015_0005" 6010
"../../../Engine/Content/EngineMaterials/Substrate/GLints/dict_16_192_64_0p5_0p02_0013_0002.uasset" 6011
"../../../Engine/Content/EngineMaterials/Substrate/GLints/dict_16_192_64_0p5_0p02_0013_0003.uasset" 6012
"../../../Engine/Content/EngineMaterials/Substrate/GLints/dict_16_192_64_0p5_0p02_0013_0005.uasset" 6013
"../../../Engine/Content/EngineMaterials/Substrate/GLints/dict_16_192_64_0p5_0p02_0012_0012.uasset" 6014
"../../../Engine/Content/EngineMaterials/Substrate/GLints/dict_16_192_64_0p5_0p02_0013_0004.uasset" 6015
"../../../Engine/Content/EngineMaterials/Substrate/GLints/dict_16_192_64_0p5_0p02_0012_0011.uasset" 6016
"../../../Engine/Content/EngineMaterials/Substrate/GLints/dict_16_192_64_0p5_0p02_0012_0009.uasset" 6017
"../../../Engine/Content/EngineMaterials/Substrate/GLints/dict_16_192_64_0p5_0p02_0012_0015.uasset" 6018
"../../../Engine/Content/EngineMaterials/Substrate/GLints/dict_16_192_64_0p5_0p02_0012_0010.uasset" 6019
"/Engine/EngineMaterials/Substrate/GLints/dict_16_192_64_0p5_0p02_0013_0006" 6020
"../../../Engine/Content/EngineMaterials/Substrate/GLints/dict_16_192_64_0p5_0p02_0012_0014.uasset" 6021
"../../../Engine/Content/EngineMaterials/Substrate/GLints/dict_16_192_64_0p5_0p02_0012_0008.uasset" 6022
"../../../Engine/Content/EngineMaterials/Substrate/GLints/dict_16_192_64_0p5_0p02_0013_0001.uasset" 6023
"../../../Engine/Content/EngineMaterials/Substrate/GLints/dict_16_192_64_0p5_0p02_0012_0006.uasset" 6024
"../../../Engine/Content/EngineMaterials/Substrate/GLints/dict_16_192_64_0p5_0p02_0012_0004.uasset" 6025
"../../../Engine/Content/EngineMaterials/Substrate/GLints/dict_16_192_64_0p5_0p02_0012_0003.uasset" 6026
"../../../Engine/Content/EngineMaterials/Substrate/GLints/dict_16_192_64_0p5_0p02_0012_0001.uasset" 6027
"../../../Engine/Content/EngineMaterials/Substrate/GLints/dict_16_192_64_0p5_0p02_0011_0013.uasset" 6028
"../../../Engine/Content/EngineMaterials/Substrate/GLints/dict_16_192_64_0p5_0p02_0012_0000.uasset" 6029
"../../../Engine/Content/EngineMaterials/Substrate/GLints/dict_16_192_64_0p5_0p02_0012_0002.uasset" 6030
"../../../Engine/Content/EngineMaterials/Substrate/GLints/dict_16_192_64_0p5_0p02_0013_0000.uasset" 6031
"../../../Engine/Content/EngineMaterials/Substrate/GLints/dict_16_192_64_0p5_0p02_0011_0015.uasset" 6032
"../../../Engine/Content/EngineMaterials/Substrate/GLints/dict_16_192_64_0p5_0p02_0012_0005.uasset" 6033
"../../../Engine/Content/EngineMaterials/Substrate/GLints/dict_16_192_64_0p5_0p02_0012_0013.uasset" 6034
"../../../Engine/Content/EngineMaterials/Substrate/GLints/dict_16_192_64_0p5_0p02_0012_0007.uasset" 6035
"../../../Engine/Content/EngineMaterials/Substrate/GLints/dict_16_192_64_0p5_0p02_0011_0014.uasset" 6036
"/Engine/EngineMaterials/Substrate/GLints/dict_16_192_64_0p5_0p02_0013_0007" 6037
"/Engine/EngineMaterials/Substrate/GLints/dict_16_192_64_0p5_0p02_0013_0008" 6038
"/Engine/EngineMaterials/Substrate/GLints/dict_16_192_64_0p5_0p02_0013_0009" 6039
"/Engine/EngineMaterials/Substrate/GLints/dict_16_192_64_0p5_0p02_0013_0010" 6040
"/Engine/EngineMaterials/Substrate/GLints/dict_16_192_64_0p5_0p02_0013_0011" 6041
"/Engine/EngineMaterials/Substrate/GLints/dict_16_192_64_0p5_0p02_0013_0012" 6042
"../../../Engine/Content/EngineMaterials/Substrate/GLints/dict_16_192_64_0p5_0p02_0011_0012.uasset" 6043
"../../../Engine/Content/EngineMaterials/Substrate/GLints/dict_16_192_64_0p5_0p02_0011_0011.uasset" 6044
"../../../Engine/Content/EngineMaterials/Substrate/GLints/dict_16_192_64_0p5_0p02_0011_0010.uasset" 6045
"../../../Engine/Content/EngineMaterials/Substrate/GLints/dict_16_192_64_0p5_0p02_0011_0009.uasset" 6046
"../../../Engine/Content/EngineMaterials/Substrate/GLints/dict_16_192_64_0p5_0p02_0011_0007.uasset" 6047
"/Engine/EngineMaterials/Substrate/GLints/dict_16_192_64_0p5_0p02_0011_0013" 6048
"../../../Engine/Content/EngineMaterials/Substrate/GLints/dict_16_192_64_0p5_0p02_0011_0008.uasset" 6049
"../../../Engine/Content/EngineMaterials/Substrate/GLints/dict_16_192_64_0p5_0p02_0011_0006.uasset" 6050
"/Engine/EngineMaterials/Substrate/GLints/dict_16_192_64_0p5_0p02_0011_0014" 6051
"/Engine/EngineMaterials/Substrate/GLints/dict_16_192_64_0p5_0p02_0011_0015" 6052
"/Engine/EngineMaterials/Substrate/GLints/dict_16_192_64_0p5_0p02_0012_0000" 6053
"/Engine/EngineMaterials/Substrate/GLints/dict_16_192_64_0p5_0p02_0012_0001" 6054
"/Engine/EngineMaterials/Substrate/GLints/dict_16_192_64_0p5_0p02_0012_0002" 6055
"/Engine/EngineMaterials/Substrate/GLints/dict_16_192_64_0p5_0p02_0012_0003" 6056
"/Engine/EngineMaterials/Substrate/GLints/dict_16_192_64_0p5_0p02_0012_0004" 6057
"/Engine/EngineMaterials/Substrate/GLints/dict_16_192_64_0p5_0p02_0012_0005" 6058
"/Engine/EngineMaterials/Substrate/GLints/dict_16_192_64_0p5_0p02_0012_0006" 6059
"/Engine/EngineMaterials/Substrate/GLints/dict_16_192_64_0p5_0p02_0012_0007" 6060
"/Engine/EngineMaterials/Substrate/GLints/dict_16_192_64_0p5_0p02_0012_0008" 6061
"/Engine/EngineMaterials/Substrate/GLints/dict_16_192_64_0p5_0p02_0012_0009" 6062
"/Engine/EngineMaterials/Substrate/GLints/dict_16_192_64_0p5_0p02_0012_0010" 6063
"/Engine/EngineMaterials/Substrate/GLints/dict_16_192_64_0p5_0p02_0012_0011" 6064
"/Engine/EngineMaterials/Substrate/GLints/dict_16_192_64_0p5_0p02_0012_0012" 6065
"/Engine/EngineMaterials/Substrate/GLints/dict_16_192_64_0p5_0p02_0012_0013" 6066
"/Engine/EngineMaterials/Substrate/GLints/dict_16_192_64_0p5_0p02_0012_0014" 6067
"/Engine/EngineMaterials/Substrate/GLints/dict_16_192_64_0p5_0p02_0012_0015" 6068
"/Engine/EngineMaterials/Substrate/GLints/dict_16_192_64_0p5_0p02_0013_0000" 6069
"/Engine/EngineMaterials/Substrate/GLints/dict_16_192_64_0p5_0p02_0013_0001" 6070
"/Engine/EngineMaterials/Substrate/GLints/dict_16_192_64_0p5_0p02_0013_0002" 6071
"/Engine/EngineMaterials/Substrate/GLints/dict_16_192_64_0p5_0p02_0013_0003" 6072
"/Engine/EngineMaterials/Substrate/GLints/dict_16_192_64_0p5_0p02_0013_0004" 6073
"/Engine/EngineMaterials/Substrate/GLints/dict_16_192_64_0p5_0p02_0013_0005" 6074
"/Engine/EngineMaterials/Substrate/GLints/dict_16_192_64_0p5_0p02_0011_0012" 6075
"../../../Engine/Content/EngineMaterials/Substrate/GLints/dict_16_192_64_0p5_0p02_0011_0003.uasset" 6076
"../../../Engine/Content/EngineMaterials/Substrate/GLints/dict_16_192_64_0p5_0p02_0011_0004.uasset" 6077
"../../../Engine/Content/EngineMaterials/Substrate/GLints/dict_16_192_64_0p5_0p02_0011_0000.uasset" 6078
"../../../Engine/Content/EngineMaterials/Substrate/GLints/dict_16_192_64_0p5_0p02_0010_0013.uasset" 6079
"../../../Engine/Content/EngineMaterials/Substrate/GLints/dict_16_192_64_0p5_0p02_0010_0010.uasset" 6080
"../../../Engine/Content/EngineMaterials/Substrate/GLints/dict_16_192_64_0p5_0p02_0010_0014.uasset" 6081
"../../../Engine/Content/EngineMaterials/Substrate/GLints/dict_16_192_64_0p5_0p02_0010_0011.uasset" 6082
"../../../Engine/Content/EngineMaterials/Substrate/GLints/dict_16_192_64_0p5_0p02_0010_0009.uasset" 6083
"../../../Engine/Content/EngineMaterials/Substrate/GLints/dict_16_192_64_0p5_0p02_0011_0005.uasset" 6084
"../../../Engine/Content/EngineMaterials/Substrate/GLints/dict_16_192_64_0p5_0p02_0010_0015.uasset" 6085
"../../../Engine/Content/EngineMaterials/Substrate/GLints/dict_16_192_64_0p5_0p02_0010_0007.uasset" 6086
"../../../Engine/Content/EngineMaterials/Substrate/GLints/dict_16_192_64_0p5_0p02_0010_0006.uasset" 6087
"/Engine/EngineMaterials/Substrate/GLints/dict_16_192_64_0p5_0p02_0011_0006" 6088
"../../../Engine/Content/EngineMaterials/Substrate/GLints/dict_16_192_64_0p5_0p02_0010_0005.uasset" 6089
"../../../Engine/Content/EngineMaterials/Substrate/GLints/dict_16_192_64_0p5_0p02_0011_0002.uasset" 6090
"../../../Engine/Content/EngineMaterials/Substrate/GLints/dict_16_192_64_0p5_0p02_0010_0004.uasset" 6091
"../../../Engine/Content/EngineMaterials/Substrate/GLints/dict_16_192_64_0p5_0p02_0010_0008.uasset" 6092
"../../../Engine/Content/EngineMaterials/Substrate/GLints/dict_16_192_64_0p5_0p02_0010_0003.uasset" 6093
"../../../Engine/Content/EngineMaterials/Substrate/GLints/dict_16_192_64_0p5_0p02_0010_0000.uasset" 6094
"../../../Engine/Content/EngineMaterials/Substrate/GLints/dict_16_192_64_0p5_0p02_0010_0002.uasset" 6095
"../../../Engine/Content/EngineMaterials/Substrate/GLints/dict_16_192_64_0p5_0p02_0009_0015.uasset" 6096
"../../../Engine/Content/EngineMaterials/Substrate/GLints/dict_16_192_64_0p5_0p02_0010_0001.uasset" 6097
"../../../Engine/Content/EngineMaterials/Substrate/GLints/dict_16_192_64_0p5_0p02_0009_0012.uasset" 6098
"../../../Engine/Content/EngineMaterials/Substrate/GLints/dict_16_192_64_0p5_0p02_0009_0013.uasset" 6099
"../../../Engine/Content/EngineMaterials/Substrate/GLints/dict_16_192_64_0p5_0p02_0009_0014.uasset" 6100
"../../../Engine/Content/EngineMaterials/Substrate/GLints/dict_16_192_64_0p5_0p02_0010_0012.uasset" 6101
"../../../Engine/Content/EngineMaterials/Substrate/GLints/dict_16_192_64_0p5_0p02_0011_0001.uasset" 6102
"/Engine/EngineMaterials/Substrate/GLints/dict_16_192_64_0p5_0p02_0011_0007" 6103
"/Engine/EngineMaterials/Substrate/GLints/dict_16_192_64_0p5_0p02_0011_0003" 6104
"/Engine/EngineMaterials/Substrate/GLints/dict_16_192_64_0p5_0p02_0011_0008" 6105
"/Engine/EngineMaterials/Substrate/GLints/dict_16_192_64_0p5_0p02_0011_0009" 6106
"/Engine/EngineMaterials/Substrate/GLints/dict_16_192_64_0p5_0p02_0011_0004" 6107
"/Engine/EngineMaterials/Substrate/GLints/dict_16_192_64_0p5_0p02_0011_0010" 6108
"/Engine/EngineMaterials/Substrate/GLints/dict_16_192_64_0p5_0p02_0011_0011" 6109
"../../../Engine/Content/EngineMaterials/Substrate/GLints/dict_16_192_64_0p5_0p02_0009_0011.uasset" 6110
"../../../Engine/Content/EngineMaterials/Substrate/GLints/dict_16_192_64_0p5_0p02_0009_0010.uasset" 6111
"../../../Engine/Content/EngineMaterials/Substrate/GLints/dict_16_192_64_0p5_0p02_0009_0009.uasset" 6112
"../../../Engine/Content/EngineMaterials/Substrate/GLints/dict_16_192_64_0p5_0p02_0009_0005.uasset" 6113
"../../../Engine/Content/EngineMaterials/Substrate/GLints/dict_16_192_64_0p5_0p02_0009_0007.uasset" 6114
"../../../Engine/Content/EngineMaterials/Substrate/GLints/dict_16_192_64_0p5_0p02_0009_0006.uasset" 6115
"/Engine/EngineMaterials/Substrate/GLints/dict_16_192_64_0p5_0p02_0009_0012" 6116
"../../../Engine/Content/EngineMaterials/Substrate/GLints/dict_16_192_64_0p5_0p02_0009_0008.uasset" 6117
"../../../Engine/Content/EngineMaterials/Substrate/GLints/dict_16_192_64_0p5_0p02_0009_0004.uasset" 6118
"/Engine/EngineMaterials/Substrate/GLints/dict_16_192_64_0p5_0p02_0009_0013" 6119
"/Engine/EngineMaterials/Substrate/GLints/dict_16_192_64_0p5_0p02_0009_0014" 6120
"/Engine/EngineMaterials/Substrate/GLints/dict_16_192_64_0p5_0p02_0009_0015" 6121
"/Engine/EngineMaterials/Substrate/GLints/dict_16_192_64_0p5_0p02_0010_0000" 6122
"/Engine/EngineMaterials/Substrate/GLints/dict_16_192_64_0p5_0p02_0010_0001" 6123
"/Engine/EngineMaterials/Substrate/GLints/dict_16_192_64_0p5_0p02_0010_0002" 6124
"/Engine/EngineMaterials/Substrate/GLints/dict_16_192_64_0p5_0p02_0010_0003" 6125
"/Engine/EngineMaterials/Substrate/GLints/dict_16_192_64_0p5_0p02_0010_0004" 6126
"/Engine/EngineMaterials/Substrate/GLints/dict_16_192_64_0p5_0p02_0010_0005" 6127
"/Engine/EngineMaterials/Substrate/GLints/dict_16_192_64_0p5_0p02_0010_0006" 6128
"/Engine/EngineMaterials/Substrate/GLints/dict_16_192_64_0p5_0p02_0010_0007" 6129
"/Engine/EngineMaterials/Substrate/GLints/dict_16_192_64_0p5_0p02_0010_0008" 6130
"/Engine/EngineMaterials/Substrate/GLints/dict_16_192_64_0p5_0p02_0010_0009" 6131
"/Engine/EngineMaterials/Substrate/GLints/dict_16_192_64_0p5_0p02_0010_0010" 6132
"/Engine/EngineMaterials/Substrate/GLints/dict_16_192_64_0p5_0p02_0010_0011" 6133
"/Engine/EngineMaterials/Substrate/GLints/dict_16_192_64_0p5_0p02_0010_0012" 6134
"/Engine/EngineMaterials/Substrate/GLints/dict_16_192_64_0p5_0p02_0010_0013" 6135
"/Engine/EngineMaterials/Substrate/GLints/dict_16_192_64_0p5_0p02_0010_0014" 6136
"/Engine/EngineMaterials/Substrate/GLints/dict_16_192_64_0p5_0p02_0010_0015" 6137
"/Engine/EngineMaterials/Substrate/GLints/dict_16_192_64_0p5_0p02_0011_0000" 6138
"/Engine/EngineMaterials/Substrate/GLints/dict_16_192_64_0p5_0p02_0011_0001" 6139
"/Engine/EngineMaterials/Substrate/GLints/dict_16_192_64_0p5_0p02_0011_0002" 6140
"/Engine/EngineMaterials/Substrate/GLints/dict_16_192_64_0p5_0p02_0009_0011" 6141
"/Engine/EngineMaterials/Substrate/GLints/dict_16_192_64_0p5_0p02_0011_0005" 6142
"../../../Engine/Content/EngineMaterials/Substrate/GLints/dict_16_192_64_0p5_0p02_0009_0003.uasset" 6143
"../../../Engine/Content/EngineMaterials/Substrate/GLints/dict_16_192_64_0p5_0p02_0009_0002.uasset" 6144
"../../../Engine/Content/EngineMaterials/Substrate/GLints/dict_16_192_64_0p5_0p02_0008_0014.uasset" 6145
"../../../Engine/Content/EngineMaterials/Substrate/GLints/dict_16_192_64_0p5_0p02_0009_0000.uasset" 6146
"../../../Engine/Content/EngineMaterials/Substrate/GLints/dict_16_192_64_0p5_0p02_0008_0011.uasset" 6147
"../../../Engine/Content/EngineMaterials/Substrate/GLints/dict_16_192_64_0p5_0p02_0008_0010.uasset" 6148
"../../../Engine/Content/EngineMaterials/Substrate/GLints/dict_16_192_64_0p5_0p02_0008_0009.uasset" 6149
"../../../Engine/Content/EngineMaterials/Substrate/GLints/dict_16_192_64_0p5_0p02_0008_0007.uasset" 6150
"../../../Engine/Content/EngineMaterials/Substrate/GLints/dict_16_192_64_0p5_0p02_0008_0006.uasset" 6151
"../../../Engine/Content/EngineMaterials/Substrate/GLints/dict_16_192_64_0p5_0p02_0008_0015.uasset" 6152
"../../../Engine/Content/EngineMaterials/Substrate/GLints/dict_16_192_64_0p5_0p02_0008_0012.uasset" 6153
"../../../Engine/Content/EngineMaterials/Substrate/GLints/dict_16_192_64_0p5_0p02_0008_0004.uasset" 6154
"../../../Engine/Content/EngineMaterials/Substrate/GLints/dict_16_192_64_0p5_0p02_0008_0013.uasset" 6155
"/Engine/EngineMaterials/Substrate/GLints/dict_16_192_64_0p5_0p02_0009_0004" 6156
"../../../Engine/Content/EngineMaterials/Substrate/GLints/dict_16_192_64_0p5_0p02_0008_0001.uasset" 6157
"../../../Engine/Content/EngineMaterials/Substrate/GLints/dict_16_192_64_0p5_0p02_0008_0003.uasset" 6158
"../../../Engine/Content/EngineMaterials/Substrate/GLints/dict_16_192_64_0p5_0p02_0008_0000.uasset" 6159
"../../../Engine/Content/EngineMaterials/Substrate/GLints/dict_16_192_64_0p5_0p02_0007_0015.uasset" 6160
"../../../Engine/Content/EngineMaterials/Substrate/GLints/dict_16_192_64_0p5_0p02_0008_0005.uasset" 6161
"../../../Engine/Content/EngineMaterials/Substrate/GLints/dict_16_192_64_0p5_0p02_0007_0012.uasset" 6162
"../../../Engine/Content/EngineMaterials/Substrate/GLints/dict_16_192_64_0p5_0p02_0007_0011.uasset" 6163
"../../../Engine/Content/EngineMaterials/Substrate/GLints/dict_16_192_64_0p5_0p02_0009_0001.uasset" 6164
"../../../Engine/Content/EngineMaterials/Substrate/GLints/dict_16_192_64_0p5_0p02_0007_0014.uasset" 6165
"../../../Engine/Content/EngineMaterials/Substrate/GLints/dict_16_192_64_0p5_0p02_0007_0013.uasset" 6166
"../../../Engine/Content/EngineMaterials/Substrate/GLints/dict_16_192_64_0p5_0p02_0008_0002.uasset" 6167
"../../../Engine/Content/EngineMaterials/Substrate/GLints/dict_16_192_64_0p5_0p02_0008_0008.uasset" 6168
"/Engine/EngineMaterials/Substrate/GLints/dict_16_192_64_0p5_0p02_0009_0005" 6169
"/Engine/EngineMaterials/Substrate/GLints/dict_16_192_64_0p5_0p02_0009_0006" 6170
"/Engine/EngineMaterials/Substrate/GLints/dict_16_192_64_0p5_0p02_0009_0007" 6171
"/Engine/EngineMaterials/Substrate/GLints/dict_16_192_64_0p5_0p02_0009_0008" 6172
"/Engine/EngineMaterials/Substrate/GLints/dict_16_192_64_0p5_0p02_0009_0009" 6173
"/Engine/EngineMaterials/Substrate/GLints/dict_16_192_64_0p5_0p02_0009_0010" 6174
"/Engine/EngineMaterials/Substrate/GLints/dict_16_192_64_0p5_0p02_0009_0002" 6175
"/Engine/EngineMaterials/Substrate/GLints/dict_16_192_64_0p5_0p02_0009_0003" 6176
"../../../Engine/Content/EngineMaterials/Substrate/GLints/dict_16_192_64_0p5_0p02_0007_0009.uasset" 6177
"../../../Engine/Content/EngineMaterials/Substrate/GLints/dict_16_192_64_0p5_0p02_0007_0008.uasset" 6178
"../../../Engine/Content/EngineMaterials/Substrate/GLints/dict_16_192_64_0p5_0p02_0007_0006.uasset" 6179
"../../../Engine/Content/EngineMaterials/Substrate/GLints/dict_16_192_64_0p5_0p02_0007_0004.uasset" 6180
"../../../Engine/Content/EngineMaterials/Substrate/GLints/dict_16_192_64_0p5_0p02_0007_0007.uasset" 6181
"../../../Engine/Content/EngineMaterials/Substrate/GLints/dict_16_192_64_0p5_0p02_0007_0002.uasset" 6182
"../../../Engine/Content/EngineMaterials/Substrate/GLints/dict_16_192_64_0p5_0p02_0007_0010.uasset" 6183
"../../../Engine/Content/EngineMaterials/Substrate/GLints/dict_16_192_64_0p5_0p02_0007_0003.uasset" 6184
"../../../Engine/Content/EngineMaterials/Substrate/GLints/dict_16_192_64_0p5_0p02_0007_0005.uasset" 6185
"/Engine/EngineMaterials/Substrate/GLints/dict_16_192_64_0p5_0p02_0007_0011" 6186
"/Engine/EngineMaterials/Substrate/GLints/dict_16_192_64_0p5_0p02_0007_0012" 6187
"/Engine/EngineMaterials/Substrate/GLints/dict_16_192_64_0p5_0p02_0007_0013" 6188
"/Engine/EngineMaterials/Substrate/GLints/dict_16_192_64_0p5_0p02_0007_0014" 6189
"/Engine/EngineMaterials/Substrate/GLints/dict_16_192_64_0p5_0p02_0007_0015" 6190
"/Engine/EngineMaterials/Substrate/GLints/dict_16_192_64_0p5_0p02_0008_0000" 6191
"/Engine/EngineMaterials/Substrate/GLints/dict_16_192_64_0p5_0p02_0008_0001" 6192
"/Engine/EngineMaterials/Substrate/GLints/dict_16_192_64_0p5_0p02_0008_0002" 6193
"/Engine/EngineMaterials/Substrate/GLints/dict_16_192_64_0p5_0p02_0008_0003" 6194
"/Engine/EngineMaterials/Substrate/GLints/dict_16_192_64_0p5_0p02_0008_0004" 6195
"/Engine/EngineMaterials/Substrate/GLints/dict_16_192_64_0p5_0p02_0008_0005" 6196
"/Engine/EngineMaterials/Substrate/GLints/dict_16_192_64_0p5_0p02_0008_0006" 6197
"/Engine/EngineMaterials/Substrate/GLints/dict_16_192_64_0p5_0p02_0008_0007" 6198
"/Engine/EngineMaterials/Substrate/GLints/dict_16_192_64_0p5_0p02_0008_0008" 6199
"/Engine/EngineMaterials/Substrate/GLints/dict_16_192_64_0p5_0p02_0008_0009" 6200
"/Engine/EngineMaterials/Substrate/GLints/dict_16_192_64_0p5_0p02_0008_0010" 6201
"/Engine/EngineMaterials/Substrate/GLints/dict_16_192_64_0p5_0p02_0008_0011" 6202
"/Engine/EngineMaterials/Substrate/GLints/dict_16_192_64_0p5_0p02_0008_0012" 6203
"/Engine/EngineMaterials/Substrate/GLints/dict_16_192_64_0p5_0p02_0008_0013" 6204
"/Engine/EngineMaterials/Substrate/GLints/dict_16_192_64_0p5_0p02_0008_0014" 6205
"/Engine/EngineMaterials/Substrate/GLints/dict_16_192_64_0p5_0p02_0008_0015" 6206
"/Engine/EngineMaterials/Substrate/GLints/dict_16_192_64_0p5_0p02_0009_0000" 6207
"/Engine/EngineMaterials/Substrate/GLints/dict_16_192_64_0p5_0p02_0009_0001" 6208
"../../../Engine/Content/EngineMaterials/Substrate/GLints/dict_16_192_64_0p5_0p02_0006_0015.uasset" 6209
"../../../Engine/Content/EngineMaterials/Substrate/GLints/dict_16_192_64_0p5_0p02_0006_0010.uasset" 6210
"../../../Engine/Content/EngineMaterials/Substrate/GLints/dict_16_192_64_0p5_0p02_0007_0001.uasset" 6211
"../../../Engine/Content/EngineMaterials/Substrate/GLints/dict_16_192_64_0p5_0p02_0006_0013.uasset" 6212
"../../../Engine/Content/EngineMaterials/Substrate/GLints/dict_16_192_64_0p5_0p02_0006_0014.uasset" 6213
"/Engine/EngineMaterials/Substrate/GLints/dict_16_192_64_0p5_0p02_0007_0002" 6214
"../../../Engine/Content/EngineMaterials/Substrate/GLints/dict_16_192_64_0p5_0p02_0006_0006.uasset" 6215
"../../../Engine/Content/EngineMaterials/Substrate/GLints/dict_16_192_64_0p5_0p02_0006_0001.uasset" 6216
"../../../Engine/Content/EngineMaterials/Substrate/GLints/dict_16_192_64_0p5_0p02_0006_0005.uasset" 6217
"../../../Engine/Content/EngineMaterials/Substrate/GLints/dict_16_192_64_0p5_0p02_0006_0004.uasset" 6218
"/Engine/EngineMaterials/Substrate/GLints/dict_16_192_64_0p5_0p02_0007_0003" 6219
"../../../Engine/Content/EngineMaterials/Substrate/GLints/dict_16_192_64_0p5_0p02_0006_0011.uasset" 6220
"../../../Engine/Content/EngineMaterials/Substrate/GLints/dict_16_192_64_0p5_0p02_0007_0000.uasset" 6221
"../../../Engine/Content/EngineMaterials/Substrate/GLints/dict_16_192_64_0p5_0p02_0006_0012.uasset" 6222
"../../../Engine/Content/EngineMaterials/Substrate/GLints/dict_16_192_64_0p5_0p02_0005_0013.uasset" 6223
"../../../Engine/Content/EngineMaterials/Substrate/GLints/dict_16_192_64_0p5_0p02_0005_0015.uasset" 6224
"../../../Engine/Content/EngineMaterials/Substrate/GLints/dict_16_192_64_0p5_0p02_0006_0003.uasset" 6225
"../../../Engine/Content/EngineMaterials/Substrate/GLints/dict_16_192_64_0p5_0p02_0006_0007.uasset" 6226
"../../../Engine/Content/EngineMaterials/Substrate/GLints/dict_16_192_64_0p5_0p02_0006_0009.uasset" 6227
"../../../Engine/Content/EngineMaterials/Substrate/GLints/dict_16_192_64_0p5_0p02_0006_0002.uasset" 6228
"../../../Engine/Content/EngineMaterials/Substrate/GLints/dict_16_192_64_0p5_0p02_0006_0008.uasset" 6229
"../../../Engine/Content/EngineMaterials/Substrate/GLints/dict_16_192_64_0p5_0p02_0005_0014.uasset" 6230
"../../../Engine/Content/EngineMaterials/Substrate/GLints/dict_16_192_64_0p5_0p02_0006_0000.uasset" 6231
"../../../Engine/Content/EngineMaterials/Substrate/GLints/dict_16_192_64_0p5_0p02_0005_0011.uasset" 6232
"../../../Engine/Content/EngineMaterials/Substrate/GLints/dict_16_192_64_0p5_0p02_0005_0012.uasset" 6233
"/Engine/EngineMaterials/Substrate/GLints/dict_16_192_64_0p5_0p02_0007_0004" 6234
"/Engine/EngineMaterials/Substrate/GLints/dict_16_192_64_0p5_0p02_0007_0005" 6235
"/Engine/EngineMaterials/Substrate/GLints/dict_16_192_64_0p5_0p02_0007_0006" 6236
"/Engine/EngineMaterials/Substrate/GLints/dict_16_192_64_0p5_0p02_0007_0007" 6237
"/Engine/EngineMaterials/Substrate/GLints/dict_16_192_64_0p5_0p02_0007_0008" 6238
"/Engine/EngineMaterials/Substrate/GLints/dict_16_192_64_0p5_0p02_0007_0009" 6239
"/Engine/EngineMaterials/Substrate/GLints/dict_16_192_64_0p5_0p02_0007_0010" 6240
"../../../Engine/Content/EngineMaterials/Substrate/GLints/dict_16_192_64_0p5_0p02_0005_0008.uasset" 6241
"../../../Engine/Content/EngineMaterials/Substrate/GLints/dict_16_192_64_0p5_0p02_0005_0010.uasset" 6242
"../../../Engine/Content/EngineMaterials/Substrate/GLints/dict_16_192_64_0p5_0p02_0005_0007.uasset" 6243
"/Engine/EngineMaterials/Substrate/GLints/dict_16_192_64_0p5_0p02_0005_0011" 6244
"../../../Engine/Content/EngineMaterials/Substrate/GLints/dict_16_192_64_0p5_0p02_0005_0006.uasset" 6245
"../../../Engine/Content/EngineMaterials/Substrate/GLints/dict_16_192_64_0p5_0p02_0005_0003.uasset" 6246
"../../../Engine/Content/EngineMaterials/Substrate/GLints/dict_16_192_64_0p5_0p02_0005_0002.uasset" 6247
"../../../Engine/Content/EngineMaterials/Substrate/GLints/dict_16_192_64_0p5_0p02_0005_0009.uasset" 6248
"../../../Engine/Content/EngineMaterials/Substrate/GLints/dict_16_192_64_0p5_0p02_0005_0005.uasset" 6249
"../../../Engine/Content/EngineMaterials/Substrate/GLints/dict_16_192_64_0p5_0p02_0005_0004.uasset" 6250
"/Engine/EngineMaterials/Substrate/GLints/dict_16_192_64_0p5_0p02_0005_0012" 6251
"/Engine/EngineMaterials/Substrate/GLints/dict_16_192_64_0p5_0p02_0005_0013" 6252
"/Engine/EngineMaterials/Substrate/GLints/dict_16_192_64_0p5_0p02_0005_0014" 6253
"/Engine/EngineMaterials/Substrate/GLints/dict_16_192_64_0p5_0p02_0005_0015" 6254
"/Engine/EngineMaterials/Substrate/GLints/dict_16_192_64_0p5_0p02_0006_0000" 6255
"/Engine/EngineMaterials/Substrate/GLints/dict_16_192_64_0p5_0p02_0006_0001" 6256
"/Engine/EngineMaterials/Substrate/GLints/dict_16_192_64_0p5_0p02_0006_0002" 6257
"/Engine/EngineMaterials/Substrate/GLints/dict_16_192_64_0p5_0p02_0006_0003" 6258
"/Engine/EngineMaterials/Substrate/GLints/dict_16_192_64_0p5_0p02_0006_0004" 6259
"/Engine/EngineMaterials/Substrate/GLints/dict_16_192_64_0p5_0p02_0006_0005" 6260
"/Engine/EngineMaterials/Substrate/GLints/dict_16_192_64_0p5_0p02_0006_0006" 6261
"/Engine/EngineMaterials/Substrate/GLints/dict_16_192_64_0p5_0p02_0006_0007" 6262
"/Engine/EngineMaterials/Substrate/GLints/dict_16_192_64_0p5_0p02_0006_0008" 6263
"/Engine/EngineMaterials/Substrate/GLints/dict_16_192_64_0p5_0p02_0006_0009" 6264
"/Engine/EngineMaterials/Substrate/GLints/dict_16_192_64_0p5_0p02_0006_0010" 6265
"/Engine/EngineMaterials/Substrate/GLints/dict_16_192_64_0p5_0p02_0006_0011" 6266
"/Engine/EngineMaterials/Substrate/GLints/dict_16_192_64_0p5_0p02_0006_0012" 6267
"/Engine/EngineMaterials/Substrate/GLints/dict_16_192_64_0p5_0p02_0006_0013" 6268
"/Engine/EngineMaterials/Substrate/GLints/dict_16_192_64_0p5_0p02_0006_0014" 6269
"/Engine/EngineMaterials/Substrate/GLints/dict_16_192_64_0p5_0p02_0006_0015" 6270
"/Engine/EngineMaterials/Substrate/GLints/dict_16_192_64_0p5_0p02_0007_0000" 6271
"/Engine/EngineMaterials/Substrate/GLints/dict_16_192_64_0p5_0p02_0007_0001" 6272
"../../../Engine/Content/EngineMaterials/Substrate/GLints/dict_16_192_64_0p5_0p02_0004_0015.uasset" 6273
"../../../Engine/Content/EngineMaterials/Substrate/GLints/dict_16_192_64_0p5_0p02_0005_0000.uasset" 6274
"../../../Engine/Content/EngineMaterials/Substrate/GLints/dict_16_192_64_0p5_0p02_0004_0008.uasset" 6275
"../../../Engine/Content/EngineMaterials/Substrate/GLints/dict_16_192_64_0p5_0p02_0004_0013.uasset" 6276
"../../../Engine/Content/EngineMaterials/Substrate/GLints/dict_16_192_64_0p5_0p02_0005_0001.uasset" 6277
"../../../Engine/Content/EngineMaterials/Substrate/GLints/dict_16_192_64_0p5_0p02_0004_0012.uasset" 6278
"/Engine/EngineMaterials/Substrate/GLints/dict_16_192_64_0p5_0p02_0005_0002" 6279
"../../../Engine/Content/EngineMaterials/Substrate/GLints/dict_16_192_64_0p5_0p02_0004_0007.uasset" 6280
"../../../Engine/Content/EngineMaterials/Substrate/GLints/dict_16_192_64_0p5_0p02_0004_0005.uasset" 6281
"../../../Engine/Content/EngineMaterials/Substrate/GLints/dict_16_192_64_0p5_0p02_0004_0006.uasset" 6282
"../../../Engine/Content/EngineMaterials/Substrate/GLints/dict_16_192_64_0p5_0p02_0004_0004.uasset" 6283
"../../../Engine/Content/EngineMaterials/Substrate/GLints/dict_16_192_64_0p5_0p02_0004_0003.uasset" 6284
"../../../Engine/Content/EngineMaterials/Substrate/GLints/dict_16_192_64_0p5_0p02_0004_0002.uasset" 6285
"../../../Engine/Content/EngineMaterials/Substrate/GLints/dict_16_192_64_0p5_0p02_0003_0015.uasset" 6286
"../../../Engine/Content/EngineMaterials/Substrate/GLints/dict_16_192_64_0p5_0p02_0004_0000.uasset" 6287
"../../../Engine/Content/EngineMaterials/Substrate/GLints/dict_16_192_64_0p5_0p02_0003_0013.uasset" 6288
"../../../Engine/Content/EngineMaterials/Substrate/GLints/dict_16_192_64_0p5_0p02_0004_0011.uasset" 6289
"../../../Engine/Content/EngineMaterials/Substrate/GLints/dict_16_192_64_0p5_0p02_0003_0011.uasset" 6290
"../../../Engine/Content/EngineMaterials/Substrate/GLints/dict_16_192_64_0p5_0p02_0004_0014.uasset" 6291
"../../../Engine/Content/EngineMaterials/Substrate/GLints/dict_16_192_64_0p5_0p02_0004_0010.uasset" 6292
"../../../Engine/Content/EngineMaterials/Substrate/GLints/dict_16_192_64_0p5_0p02_0003_0012.uasset" 6293
"../../../Engine/Content/EngineMaterials/Substrate/GLints/dict_16_192_64_0p5_0p02_0003_0014.uasset" 6294
"/Engine/EngineMaterials/Substrate/GLints/dict_16_192_64_0p5_0p02_0005_0003" 6295
"../../../Engine/Content/EngineMaterials/Substrate/GLints/dict_16_192_64_0p5_0p02_0004_0009.uasset" 6296
"../../../Engine/Content/EngineMaterials/Substrate/GLints/dict_16_192_64_0p5_0p02_0004_0001.uasset" 6297
"/Engine/EngineMaterials/Substrate/GLints/dict_16_192_64_0p5_0p02_0005_0004" 6298
"/Engine/EngineMaterials/Substrate/GLints/dict_16_192_64_0p5_0p02_0005_0005" 6299
"/Engine/EngineMaterials/Substrate/GLints/dict_16_192_64_0p5_0p02_0005_0006" 6300
"/Engine/EngineMaterials/Substrate/GLints/dict_16_192_64_0p5_0p02_0005_0007" 6301
"/Engine/EngineMaterials/Substrate/GLints/dict_16_192_64_0p5_0p02_0005_0008" 6302
"/Engine/EngineMaterials/Substrate/GLints/dict_16_192_64_0p5_0p02_0005_0009" 6303
"/Engine/EngineMaterials/Substrate/GLints/dict_16_192_64_0p5_0p02_0005_0010" 6304
"../../../Engine/Content/EngineMaterials/Substrate/GLints/dict_16_192_64_0p5_0p02_0003_0010.uasset" 6305
"../../../Engine/Content/EngineMaterials/Substrate/GLints/dict_16_192_64_0p5_0p02_0003_0007.uasset" 6306
"../../../Engine/Content/EngineMaterials/Substrate/GLints/dict_16_192_64_0p5_0p02_0003_0006.uasset" 6307
"../../../Engine/Content/EngineMaterials/Substrate/GLints/dict_16_192_64_0p5_0p02_0003_0005.uasset" 6308
"/Engine/EngineMaterials/Substrate/GLints/dict_16_192_64_0p5_0p02_0003_0011" 6309
"../../../Engine/Content/EngineMaterials/Substrate/GLints/dict_16_192_64_0p5_0p02_0003_0008.uasset" 6310
"../../../Engine/Content/EngineMaterials/Substrate/GLints/dict_16_192_64_0p5_0p02_0003_0002.uasset" 6311
"../../../Engine/Content/EngineMaterials/Substrate/GLints/dict_16_192_64_0p5_0p02_0003_0009.uasset" 6312
"../../../Engine/Content/EngineMaterials/Substrate/GLints/dict_16_192_64_0p5_0p02_0003_0004.uasset" 6313
"../../../Engine/Content/EngineMaterials/Substrate/GLints/dict_16_192_64_0p5_0p02_0003_0003.uasset" 6314
"/Engine/EngineMaterials/Substrate/GLints/dict_16_192_64_0p5_0p02_0003_0012" 6315
"/Engine/EngineMaterials/Substrate/GLints/dict_16_192_64_0p5_0p02_0003_0013" 6316
"/Engine/EngineMaterials/Substrate/GLints/dict_16_192_64_0p5_0p02_0003_0014" 6317
"/Engine/EngineMaterials/Substrate/GLints/dict_16_192_64_0p5_0p02_0003_0015" 6318
"/Engine/EngineMaterials/Substrate/GLints/dict_16_192_64_0p5_0p02_0004_0000" 6319
"/Engine/EngineMaterials/Substrate/GLints/dict_16_192_64_0p5_0p02_0004_0001" 6320
"/Engine/EngineMaterials/Substrate/GLints/dict_16_192_64_0p5_0p02_0004_0002" 6321
"/Engine/EngineMaterials/Substrate/GLints/dict_16_192_64_0p5_0p02_0004_0003" 6322
"/Engine/EngineMaterials/Substrate/GLints/dict_16_192_64_0p5_0p02_0004_0004" 6323
"/Engine/EngineMaterials/Substrate/GLints/dict_16_192_64_0p5_0p02_0004_0005" 6324
"/Engine/EngineMaterials/Substrate/GLints/dict_16_192_64_0p5_0p02_0004_0006" 6325
"/Engine/EngineMaterials/Substrate/GLints/dict_16_192_64_0p5_0p02_0004_0007" 6326
"/Engine/EngineMaterials/Substrate/GLints/dict_16_192_64_0p5_0p02_0004_0008" 6327
"/Engine/EngineMaterials/Substrate/GLints/dict_16_192_64_0p5_0p02_0004_0009" 6328
"/Engine/EngineMaterials/Substrate/GLints/dict_16_192_64_0p5_0p02_0004_0010" 6329
"/Engine/EngineMaterials/Substrate/GLints/dict_16_192_64_0p5_0p02_0004_0011" 6330
"/Engine/EngineMaterials/Substrate/GLints/dict_16_192_64_0p5_0p02_0004_0012" 6331
"/Engine/EngineMaterials/Substrate/GLints/dict_16_192_64_0p5_0p02_0004_0013" 6332
"/Engine/EngineMaterials/Substrate/GLints/dict_16_192_64_0p5_0p02_0004_0014" 6333
"/Engine/EngineMaterials/Substrate/GLints/dict_16_192_64_0p5_0p02_0004_0015" 6334
"/Engine/EngineMaterials/Substrate/GLints/dict_16_192_64_0p5_0p02_0005_0000" 6335
"/Engine/EngineMaterials/Substrate/GLints/dict_16_192_64_0p5_0p02_0005_0001" 6336
"../../../Engine/Content/EngineMaterials/Substrate/GLints/dict_16_192_64_0p5_0p02_0003_0001.uasset" 6337
"../../../Engine/Content/EngineMaterials/Substrate/GLints/dict_16_192_64_0p5_0p02_0003_0000.uasset" 6338
"../../../Engine/Content/EngineMaterials/Substrate/GLints/dict_16_192_64_0p5_0p02_0002_0015.uasset" 6339
"../../../Engine/Content/EngineMaterials/Substrate/GLints/dict_16_192_64_0p5_0p02_0002_0009.uasset" 6340
"../../../Engine/Content/EngineMaterials/Substrate/GLints/dict_16_192_64_0p5_0p02_0002_0011.uasset" 6341
"../../../Engine/Content/EngineMaterials/Substrate/GLints/dict_16_192_64_0p5_0p02_0002_0012.uasset" 6342
"../../../Engine/Content/EngineMaterials/Substrate/GLints/dict_16_192_64_0p5_0p02_0002_0014.uasset" 6343
"/Engine/EngineMaterials/Substrate/GLints/dict_16_192_64_0p5_0p02_0003_0002" 6344
"../../../Engine/Content/EngineMaterials/Substrate/GLints/dict_16_192_64_0p5_0p02_0002_0003.uasset" 6345
"../../../Engine/Content/EngineMaterials/Substrate/GLints/dict_16_192_64_0p5_0p02_0002_0002.uasset" 6346
"../../../Engine/Content/EngineMaterials/Substrate/GLints/dict_16_192_64_0p5_0p02_0002_0004.uasset" 6347
"../../../Engine/Content/EngineMaterials/Substrate/GLints/dict_16_192_64_0p5_0p02_0002_0005.uasset" 6348
"../../../Engine/Content/EngineMaterials/Substrate/GLints/dict_16_192_64_0p5_0p02_0002_0001.uasset" 6349
"../../../Engine/Content/EngineMaterials/Substrate/GLints/dict_16_192_64_0p5_0p02_0002_0000.uasset" 6350
"../../../Engine/Content/EngineMaterials/Substrate/GLints/dict_16_192_64_0p5_0p02_0002_0010.uasset" 6351
"../../../Engine/Content/EngineMaterials/Substrate/GLints/dict_16_192_64_0p5_0p02_0001_0014.uasset" 6352
"../../../Engine/Content/EngineMaterials/Substrate/GLints/dict_16_192_64_0p5_0p02_0002_0013.uasset" 6353
"../../../Engine/Content/EngineMaterials/Substrate/GLints/dict_16_192_64_0p5_0p02_0001_0012.uasset" 6354
"../../../Engine/Content/EngineMaterials/Substrate/GLints/dict_16_192_64_0p5_0p02_0001_0015.uasset" 6355
"../../../Engine/Content/EngineMaterials/Substrate/GLints/dict_16_192_64_0p5_0p02_0002_0006.uasset" 6356
"../../../Engine/Content/EngineMaterials/Substrate/GLints/dict_16_192_64_0p5_0p02_0002_0007.uasset" 6357
"../../../Engine/Content/EngineMaterials/Substrate/GLints/dict_16_192_64_0p5_0p02_0001_0013.uasset" 6358
"../../../Engine/Content/EngineMaterials/Substrate/GLints/dict_16_192_64_0p5_0p02_0001_0011.uasset" 6359
"../../../Engine/Content/EngineMaterials/Substrate/GLints/dict_16_192_64_0p5_0p02_0002_0008.uasset" 6360
"/Engine/EngineMaterials/Substrate/GLints/dict_16_192_64_0p5_0p02_0003_0003" 6361
"/Engine/EngineMaterials/Substrate/GLints/dict_16_192_64_0p5_0p02_0003_0004" 6362
"/Engine/EngineMaterials/Substrate/GLints/dict_16_192_64_0p5_0p02_0003_0005" 6363
"/Engine/EngineMaterials/Substrate/GLints/dict_16_192_64_0p5_0p02_0003_0006" 6364
"/Engine/EngineMaterials/Substrate/GLints/dict_16_192_64_0p5_0p02_0003_0007" 6365
"/Engine/EngineMaterials/Substrate/GLints/dict_16_192_64_0p5_0p02_0003_0008" 6366
"/Engine/EngineMaterials/Substrate/GLints/dict_16_192_64_0p5_0p02_0003_0009" 6367
"/Engine/EngineMaterials/Substrate/GLints/dict_16_192_64_0p5_0p02_0003_0010" 6368
"../../../Engine/Content/EngineMaterials/Substrate/GLints/dict_16_192_64_0p5_0p02_0001_0009.uasset" 6369
"../../../Engine/Content/EngineMaterials/Substrate/GLints/dict_16_192_64_0p5_0p02_0001_0008.uasset" 6370
"../../../Engine/Content/EngineMaterials/Substrate/GLints/dict_16_192_64_0p5_0p02_0001_0003.uasset" 6371
"../../../Engine/Content/EngineMaterials/Substrate/GLints/dict_16_192_64_0p5_0p02_0001_0007.uasset" 6372
"../../../Engine/Content/EngineMaterials/Substrate/GLints/dict_16_192_64_0p5_0p02_0001_0002.uasset" 6373
"/Engine/EngineMaterials/Substrate/GLints/dict_16_192_64_0p5_0p02_0001_0011" 6374
"../../../Engine/Content/EngineMaterials/Substrate/GLints/dict_16_192_64_0p5_0p02_0001_0005.uasset" 6375
"../../../Engine/Content/EngineMaterials/Substrate/GLints/dict_16_192_64_0p5_0p02_0001_0006.uasset" 6376
"../../../Engine/Content/EngineMaterials/Substrate/GLints/dict_16_192_64_0p5_0p02_0001_0010.uasset" 6377
"../../../Engine/Content/EngineMaterials/Substrate/GLints/dict_16_192_64_0p5_0p02_0001_0004.uasset" 6378
"/Engine/EngineMaterials/Substrate/GLints/dict_16_192_64_0p5_0p02_0001_0012" 6379
"/Engine/EngineMaterials/Substrate/GLints/dict_16_192_64_0p5_0p02_0001_0013" 6380
"/Engine/EngineMaterials/Substrate/GLints/dict_16_192_64_0p5_0p02_0001_0014" 6381
"/Engine/EngineMaterials/Substrate/GLints/dict_16_192_64_0p5_0p02_0001_0015" 6382
"/Engine/EngineMaterials/Substrate/GLints/dict_16_192_64_0p5_0p02_0002_0000" 6383
"/Engine/EngineMaterials/Substrate/GLints/dict_16_192_64_0p5_0p02_0002_0001" 6384
"/Engine/EngineMaterials/Substrate/GLints/dict_16_192_64_0p5_0p02_0002_0002" 6385
"/Engine/EngineMaterials/Substrate/GLints/dict_16_192_64_0p5_0p02_0002_0003" 6386
"/Engine/EngineMaterials/Substrate/GLints/dict_16_192_64_0p5_0p02_0002_0004" 6387
"/Engine/EngineMaterials/Substrate/GLints/dict_16_192_64_0p5_0p02_0002_0005" 6388
"/Engine/EngineMaterials/Substrate/GLints/dict_16_192_64_0p5_0p02_0002_0006" 6389
"/Engine/EngineMaterials/Substrate/GLints/dict_16_192_64_0p5_0p02_0002_0007" 6390
"/Engine/EngineMaterials/Substrate/GLints/dict_16_192_64_0p5_0p02_0002_0008" 6391
"/Engine/EngineMaterials/Substrate/GLints/dict_16_192_64_0p5_0p02_0002_0009" 6392
"/Engine/EngineMaterials/Substrate/GLints/dict_16_192_64_0p5_0p02_0002_0010" 6393
"/Engine/EngineMaterials/Substrate/GLints/dict_16_192_64_0p5_0p02_0002_0011" 6394
"/Engine/EngineMaterials/Substrate/GLints/dict_16_192_64_0p5_0p02_0002_0012" 6395
"/Engine/EngineMaterials/Substrate/GLints/dict_16_192_64_0p5_0p02_0002_0013" 6396
"/Engine/EngineMaterials/Substrate/GLints/dict_16_192_64_0p5_0p02_0002_0014" 6397
"/Engine/EngineMaterials/Substrate/GLints/dict_16_192_64_0p5_0p02_0002_0015" 6398
"/Engine/EngineMaterials/Substrate/GLints/dict_16_192_64_0p5_0p02_0003_0000" 6399
"/Engine/EngineMaterials/Substrate/GLints/dict_16_192_64_0p5_0p02_0003_0001" 6400
"../../../Engine/Content/EngineMaterials/Substrate/GLints/dict_16_192_64_0p5_0p02_0001_0000.uasset" 6401
"../../../Engine/Content/EngineMaterials/Substrate/GLints/dict_16_192_64_0p5_0p02_0000_0015.uasset" 6402
"../../../Engine/Content/EngineMaterials/Substrate/GLints/dict_16_192_64_0p5_0p02_0000_0011.uasset" 6403
"../../../Engine/Content/EngineMaterials/Substrate/GLints/dict_16_192_64_0p5_0p02_0001_0001.uasset" 6404
"../../../Engine/Content/EngineMaterials/Substrate/GLints/dict_16_192_64_0p5_0p02_0000_0013.uasset" 6405
"../../../Engine/Content/EngineMaterials/Substrate/GLints/dict_16_192_64_0p5_0p02_0000_0009.uasset" 6406
"../../../Engine/Content/EngineMaterials/Substrate/GLints/dict_16_192_64_0p5_0p02_0000_0007.uasset" 6407
"../../../Engine/Content/EngineMaterials/Substrate/GLints/dict_16_192_64_0p5_0p02_0000_0012.uasset" 6408
"../../../Engine/Content/EngineMaterials/Substrate/GLints/dict_16_192_64_0p5_0p02_0000_0014.uasset" 6409
"../../../Engine/Content/EngineMaterials/Substrate/GLints/dict_16_192_64_0p5_0p02_0000_0002.uasset" 6410
"../../../Engine/Content/EngineMaterials/Substrate/GLints/dict_16_192_64_0p5_0p02_0000_0004.uasset" 6411
"/Engine/EngineMaterials/Substrate/GLints/dict_16_192_64_0p5_0p02_0001_0002" 6412
"../../../Engine/Content/EngineMaterials/Substrate/GLints/dict_16_192_64_0p5_0p02_0000_0001.uasset" 6413
"../../../Engine/Content/EngineMaterials/Substrate/GLints/dict_16_192_64_0p5_0p02_0000_0000.uasset" 6414
"../../../Engine/Content/EngineMaterials/Substrate/GLints/AGlintTex2dArray.uasset" 6415
"../../../Engine/Content/EngineMaterials/Substrate/Glints2/dict_0007_0254.uasset" 6416
"../../../Engine/Content/EngineMaterials/Substrate/Glints2/dict_0007_0255.uasset" 6417
"../../../Engine/Content/EngineMaterials/Substrate/GLints/dict_16_192_64_0p5_0p02_0000_0010.uasset" 6418
"../../../Engine/Content/EngineMaterials/Substrate/GLints/dict_16_192_64_0p5_0p02_0000_0008.uasset" 6419
"../../../Engine/Content/EngineMaterials/Substrate/Glints2/dict_0007_0252.uasset" 6420
"../../../Engine/Content/EngineMaterials/Substrate/GLints/dict_16_192_64_0p5_0p02_0000_0006.uasset" 6421
"../../../Engine/Content/EngineMaterials/Substrate/Glints2/dict_0007_0253.uasset" 6422
"../../../Engine/Content/EngineMaterials/Substrate/GLints/dict_16_192_64_0p5_0p02_0000_0005.uasset" 6423
"../../../Engine/Content/EngineMaterials/Substrate/GLints/dict_16_192_64_0p5_0p02_0000_0003.uasset" 6424
"/Engine/EngineMaterials/Substrate/GLints/dict_16_192_64_0p5_0p02_0001_0003" 6425
"/Engine/EngineMaterials/Substrate/GLints/dict_16_192_64_0p5_0p02_0001_0004" 6426
"/Engine/EngineMaterials/Substrate/GLints/dict_16_192_64_0p5_0p02_0001_0005" 6427
"/Engine/EngineMaterials/Substrate/GLints/dict_16_192_64_0p5_0p02_0001_0006" 6428
"/Engine/EngineMaterials/Substrate/GLints/dict_16_192_64_0p5_0p02_0001_0007" 6429
"/Engine/EngineMaterials/Substrate/GLints/dict_16_192_64_0p5_0p02_0001_0008" 6430
"/Engine/EngineMaterials/Substrate/GLints/dict_16_192_64_0p5_0p02_0001_0009" 6431
"/Engine/EngineMaterials/Substrate/GLints/dict_16_192_64_0p5_0p02_0001_0010" 6432
"../../../Engine/Content/EngineMaterials/Substrate/Glints2/dict_0007_0250.uasset" 6433
"../../../Engine/Content/EngineMaterials/Substrate/Glints2/dict_0007_0246.uasset" 6434
"../../../Engine/Content/EngineMaterials/Substrate/Glints2/dict_0007_0248.uasset" 6435
"../../../Engine/Content/EngineMaterials/Substrate/Glints2/dict_0007_0249.uasset" 6436
"../../../Engine/Content/EngineMaterials/Substrate/Glints2/dict_0007_0243.uasset" 6437
"../../../Engine/Content/EngineMaterials/Substrate/Glints2/dict_0007_0251.uasset" 6438
"/Engine/EngineMaterials/Substrate/Glints2/dict_0007_0252" 6439
"../../../Engine/Content/EngineMaterials/Substrate/Glints2/dict_0007_0247.uasset" 6440
"../../../Engine/Content/EngineMaterials/Substrate/Glints2/dict_0007_0244.uasset" 6441
"../../../Engine/Content/EngineMaterials/Substrate/Glints2/dict_0007_0245.uasset" 6442
"/Engine/EngineMaterials/Substrate/Glints2/dict_0007_0253" 6443
"/Engine/EngineMaterials/Substrate/Glints2/dict_0007_0254" 6444
"/Engine/EngineMaterials/Substrate/Glints2/dict_0007_0255" 6445
"/Engine/EngineMaterials/Substrate/GLints/AGlintTex2dArray" 6446
"../../../Engine/Content/EngineMaterials/Substrate/Glints2/dict_0007_0237.uasset" 6447
"../../../Engine/Content/EngineMaterials/Substrate/Glints2/dict_0007_0229.uasset" 6448
"../../../Engine/Content/EngineMaterials/Substrate/Glints2/dict_0007_0231.uasset" 6449
"../../../Engine/Content/EngineMaterials/Substrate/Glints2/dict_0007_0228.uasset" 6450
"../../../Engine/Content/EngineMaterials/Substrate/Glints2/dict_0007_0234.uasset" 6451
"../../../Engine/Content/EngineMaterials/Substrate/Glints2/dict_0007_0238.uasset" 6452
"../../../Engine/Content/EngineMaterials/Substrate/Glints2/dict_0007_0236.uasset" 6453
"../../../Engine/Content/EngineMaterials/Substrate/Glints2/dict_0007_0230.uasset" 6454
"../../../Engine/Content/EngineMaterials/Substrate/Glints2/dict_0007_0227.uasset" 6455
"../../../Engine/Content/EngineMaterials/Substrate/Glints2/dict_0007_0226.uasset" 6456
"../../../Engine/Content/EngineMaterials/Substrate/Glints2/dict_0007_0225.uasset" 6457
"../../../Engine/Content/EngineMaterials/Substrate/Glints2/dict_0007_0224.uasset" 6458
"../../../Engine/Content/EngineMaterials/Substrate/Glints2/dict_0007_0223.uasset" 6459
"../../../Engine/Content/EngineMaterials/Substrate/Glints2/dict_0007_0240.uasset" 6460
"../../../Engine/Content/EngineMaterials/Substrate/Glints2/dict_0007_0222.uasset" 6461
"../../../Engine/Content/EngineMaterials/Substrate/Glints2/dict_0007_0220.uasset" 6462
"../../../Engine/Content/EngineMaterials/Substrate/Glints2/dict_0007_0221.uasset" 6463
"../../../Engine/Content/EngineMaterials/Substrate/Glints2/dict_0007_0241.uasset" 6464
"../../../Engine/Content/EngineMaterials/Substrate/Glints2/dict_0007_0239.uasset" 6465
"../../../Engine/Content/EngineMaterials/Substrate/Glints2/dict_0007_0242.uasset" 6466
"../../../Engine/Content/EngineMaterials/Substrate/Glints2/dict_0007_0235.uasset" 6467
"../../../Engine/Content/EngineMaterials/Substrate/Glints2/dict_0007_0232.uasset" 6468
"../../../Engine/Content/EngineMaterials/Substrate/Glints2/dict_0007_0233.uasset" 6469
"/Engine/EngineMaterials/Substrate/Glints2/dict_0007_0243" 6470
"/Engine/EngineMaterials/Substrate/Glints2/dict_0007_0244" 6471
"/Engine/EngineMaterials/Substrate/Glints2/dict_0007_0245" 6472
"/Engine/EngineMaterials/Substrate/Glints2/dict_0007_0246" 6473
"/Engine/EngineMaterials/Substrate/Glints2/dict_0007_0247" 6474
"/Engine/EngineMaterials/Substrate/Glints2/dict_0007_0248" 6475
"/Engine/EngineMaterials/Substrate/Glints2/dict_0007_0249" 6476
"/Engine/EngineMaterials/Substrate/Glints2/dict_0007_0250" 6477
"/Engine/EngineMaterials/Substrate/Glints2/dict_0007_0251" 6478
"../../../Engine/Content/EngineMaterials/Substrate/Glints2/dict_0007_0214.uasset" 6479
"/Engine/EngineMaterials/Substrate/Glints2/dict_0007_0220" 6480
"../../../Engine/Content/EngineMaterials/Substrate/Glints2/dict_0007_0218.uasset" 6481
"../../../Engine/Content/EngineMaterials/Substrate/Glints2/dict_0007_0219.uasset" 6482
"../../../Engine/Content/EngineMaterials/Substrate/Glints2/dict_0007_0212.uasset" 6483
"../../../Engine/Content/EngineMaterials/Substrate/Glints2/dict_0007_0211.uasset" 6484
"../../../Engine/Content/EngineMaterials/Substrate/Glints2/dict_0007_0217.uasset" 6485
"../../../Engine/Content/EngineMaterials/Substrate/Glints2/dict_0007_0213.uasset" 6486
"../../../Engine/Content/EngineMaterials/Substrate/Glints2/dict_0007_0216.uasset" 6487
"/Engine/EngineMaterials/Substrate/Glints2/dict_0007_0221" 6488
"../../../Engine/Content/EngineMaterials/Substrate/Glints2/dict_0007_0215.uasset" 6489
"/Engine/EngineMaterials/Substrate/Glints2/dict_0007_0222" 6490
"/Engine/EngineMaterials/Substrate/Glints2/dict_0007_0223" 6491
"/Engine/EngineMaterials/Substrate/Glints2/dict_0007_0224" 6492
"/Engine/EngineMaterials/Substrate/Glints2/dict_0007_0225" 6493
"/Engine/EngineMaterials/Substrate/Glints2/dict_0007_0226" 6494
"/Engine/EngineMaterials/Substrate/Glints2/dict_0007_0227" 6495
"/Engine/EngineMaterials/Substrate/Glints2/dict_0007_0228" 6496
"/Engine/EngineMaterials/Substrate/Glints2/dict_0007_0229" 6497
"/Engine/EngineMaterials/Substrate/Glints2/dict_0007_0230" 6498
"/Engine/EngineMaterials/Substrate/Glints2/dict_0007_0231" 6499
"/Engine/EngineMaterials/Substrate/Glints2/dict_0007_0232" 6500
"/Engine/EngineMaterials/Substrate/Glints2/dict_0007_0233" 6501
"/Engine/EngineMaterials/Substrate/Glints2/dict_0007_0234" 6502
"/Engine/EngineMaterials/Substrate/Glints2/dict_0007_0235" 6503
"/Engine/EngineMaterials/Substrate/Glints2/dict_0007_0236" 6504
"/Engine/EngineMaterials/Substrate/Glints2/dict_0007_0237" 6505
"/Engine/EngineMaterials/Substrate/Glints2/dict_0007_0238" 6506
"/Engine/EngineMaterials/Substrate/Glints2/dict_0007_0239" 6507
"/Engine/EngineMaterials/Substrate/Glints2/dict_0007_0240" 6508
"/Engine/EngineMaterials/Substrate/Glints2/dict_0007_0241" 6509
"/Engine/EngineMaterials/Substrate/Glints2/dict_0007_0242" 6510
"../../../Engine/Content/EngineMaterials/Substrate/Glints2/dict_0007_0210.uasset" 6511
"../../../Engine/Content/EngineMaterials/Substrate/Glints2/dict_0007_0208.uasset" 6512
"../../../Engine/Content/EngineMaterials/Substrate/Glints2/dict_0007_0206.uasset" 6513
"../../../Engine/Content/EngineMaterials/Substrate/Glints2/dict_0007_0199.uasset" 6514
"../../../Engine/Content/EngineMaterials/Substrate/Glints2/dict_0007_0202.uasset" 6515
"../../../Engine/Content/EngineMaterials/Substrate/Glints2/dict_0007_0204.uasset" 6516
"../../../Engine/Content/EngineMaterials/Substrate/Glints2/dict_0007_0198.uasset" 6517
"../../../Engine/Content/EngineMaterials/Substrate/Glints2/dict_0007_0197.uasset" 6518
"../../../Engine/Content/EngineMaterials/Substrate/Glints2/dict_0007_0205.uasset" 6519
"../../../Engine/Content/EngineMaterials/Substrate/Glints2/dict_0007_0209.uasset" 6520
"/Engine/EngineMaterials/Substrate/Glints2/dict_0007_0211" 6521
"../../../Engine/Content/EngineMaterials/Substrate/Glints2/dict_0007_0194.uasset" 6522
"../../../Engine/Content/EngineMaterials/Substrate/Glints2/dict_0007_0193.uasset" 6523
"../../../Engine/Content/EngineMaterials/Substrate/Glints2/dict_0007_0207.uasset" 6524
"../../../Engine/Content/EngineMaterials/Substrate/Glints2/dict_0007_0192.uasset" 6525
"../../../Engine/Content/EngineMaterials/Substrate/Glints2/dict_0007_0191.uasset" 6526
"../../../Engine/Content/EngineMaterials/Substrate/Glints2/dict_0007_0200.uasset" 6527
"../../../Engine/Content/EngineMaterials/Substrate/Glints2/dict_0007_0201.uasset" 6528
"../../../Engine/Content/EngineMaterials/Substrate/Glints2/dict_0007_0203.uasset" 6529
"../../../Engine/Content/EngineMaterials/Substrate/Glints2/dict_0007_0196.uasset" 6530
"../../../Engine/Content/EngineMaterials/Substrate/Glints2/dict_0007_0189.uasset" 6531
"../../../Engine/Content/EngineMaterials/Substrate/Glints2/dict_0007_0195.uasset" 6532
"../../../Engine/Content/EngineMaterials/Substrate/Glints2/dict_0007_0188.uasset" 6533
"/Engine/EngineMaterials/Substrate/Glints2/dict_0007_0212" 6534
"../../../Engine/Content/EngineMaterials/Substrate/Glints2/dict_0007_0190.uasset" 6535
"/Engine/EngineMaterials/Substrate/Glints2/dict_0007_0213" 6536
"/Engine/EngineMaterials/Substrate/Glints2/dict_0007_0214" 6537
"/Engine/EngineMaterials/Substrate/Glints2/dict_0007_0215" 6538
"/Engine/EngineMaterials/Substrate/Glints2/dict_0007_0216" 6539
"/Engine/EngineMaterials/Substrate/Glints2/dict_0007_0217" 6540
"/Engine/EngineMaterials/Substrate/Glints2/dict_0007_0218" 6541
"/Engine/EngineMaterials/Substrate/Glints2/dict_0007_0219" 6542
"../../../Engine/Content/EngineMaterials/Substrate/Glints2/dict_0007_0186.uasset" 6543
"../../../Engine/Content/EngineMaterials/Substrate/Glints2/dict_0007_0187.uasset" 6544
"../../../Engine/Content/EngineMaterials/Substrate/Glints2/dict_0007_0185.uasset" 6545
"../../../Engine/Content/EngineMaterials/Substrate/Glints2/dict_0007_0183.uasset" 6546
"../../../Engine/Content/EngineMaterials/Substrate/Glints2/dict_0007_0182.uasset" 6547
"/Engine/EngineMaterials/Substrate/Glints2/dict_0007_0188" 6548
"../../../Engine/Content/EngineMaterials/Substrate/Glints2/dict_0007_0184.uasset" 6549
"/Engine/EngineMaterials/Substrate/Glints2/dict_0007_0189" 6550
"../../../Engine/Content/EngineMaterials/Substrate/Glints2/dict_0007_0181.uasset" 6551
"../../../Engine/Content/EngineMaterials/Substrate/Glints2/dict_0007_0179.uasset" 6552
"../../../Engine/Content/EngineMaterials/Substrate/Glints2/dict_0007_0180.uasset" 6553
"/Engine/EngineMaterials/Substrate/Glints2/dict_0007_0190" 6554
"/Engine/EngineMaterials/Substrate/Glints2/dict_0007_0191" 6555
"/Engine/EngineMaterials/Substrate/Glints2/dict_0007_0192" 6556
"/Engine/EngineMaterials/Substrate/Glints2/dict_0007_0193" 6557
"/Engine/EngineMaterials/Substrate/Glints2/dict_0007_0194" 6558
"/Engine/EngineMaterials/Substrate/Glints2/dict_0007_0195" 6559
"/Engine/EngineMaterials/Substrate/Glints2/dict_0007_0196" 6560
"/Engine/EngineMaterials/Substrate/Glints2/dict_0007_0197" 6561
"/Engine/EngineMaterials/Substrate/Glints2/dict_0007_0198" 6562
"/Engine/EngineMaterials/Substrate/Glints2/dict_0007_0199" 6563
"/Engine/EngineMaterials/Substrate/Glints2/dict_0007_0200" 6564
"/Engine/EngineMaterials/Substrate/Glints2/dict_0007_0201" 6565
"/Engine/EngineMaterials/Substrate/Glints2/dict_0007_0202" 6566
"/Engine/EngineMaterials/Substrate/Glints2/dict_0007_0203" 6567
"/Engine/EngineMaterials/Substrate/Glints2/dict_0007_0204" 6568
"/Engine/EngineMaterials/Substrate/Glints2/dict_0007_0205" 6569
"/Engine/EngineMaterials/Substrate/Glints2/dict_0007_0206" 6570
"/Engine/EngineMaterials/Substrate/Glints2/dict_0007_0207" 6571
"/Engine/EngineMaterials/Substrate/Glints2/dict_0007_0208" 6572
"/Engine/EngineMaterials/Substrate/Glints2/dict_0007_0209" 6573
"/Engine/EngineMaterials/Substrate/Glints2/dict_0007_0210" 6574
"../../../Engine/Content/EngineMaterials/Substrate/Glints2/dict_0007_0178.uasset" 6575
"../../../Engine/Content/EngineMaterials/Substrate/Glints2/dict_0007_0177.uasset" 6576
"../../../Engine/Content/EngineMaterials/Substrate/Glints2/dict_0007_0176.uasset" 6577
"../../../Engine/Content/EngineMaterials/Substrate/Glints2/dict_0007_0174.uasset" 6578
"../../../Engine/Content/EngineMaterials/Substrate/Glints2/dict_0007_0172.uasset" 6579
"../../../Engine/Content/EngineMaterials/Substrate/Glints2/dict_0007_0169.uasset" 6580
"../../../Engine/Content/EngineMaterials/Substrate/Glints2/dict_0007_0173.uasset" 6581
"../../../Engine/Content/EngineMaterials/Substrate/Glints2/dict_0007_0165.uasset" 6582
"../../../Engine/Content/EngineMaterials/Substrate/Glints2/dict_0007_0164.uasset" 6583
"../../../Engine/Content/EngineMaterials/Substrate/Glints2/dict_0007_0163.uasset" 6584
"../../../Engine/Content/EngineMaterials/Substrate/Glints2/dict_0007_0162.uasset" 6585
"../../../Engine/Content/EngineMaterials/Substrate/Glints2/dict_0007_0161.uasset" 6586
"../../../Engine/Content/EngineMaterials/Substrate/Glints2/dict_0007_0171.uasset" 6587
"../../../Engine/Content/EngineMaterials/Substrate/Glints2/dict_0007_0158.uasset" 6588
"../../../Engine/Content/EngineMaterials/Substrate/Glints2/dict_0007_0157.uasset" 6589
"../../../Engine/Content/EngineMaterials/Substrate/Glints2/dict_0007_0166.uasset" 6590
"/Engine/EngineMaterials/Substrate/Glints2/dict_0007_0179" 6591
"../../../Engine/Content/EngineMaterials/Substrate/Glints2/dict_0007_0160.uasset" 6592
"../../../Engine/Content/EngineMaterials/Substrate/Glints2/dict_0007_0168.uasset" 6593
"../../../Engine/Content/EngineMaterials/Substrate/Glints2/dict_0007_0156.uasset" 6594
"../../../Engine/Content/EngineMaterials/Substrate/Glints2/dict_0007_0159.uasset" 6595
"../../../Engine/Content/EngineMaterials/Substrate/Glints2/dict_0007_0170.uasset" 6596
"../../../Engine/Content/EngineMaterials/Substrate/Glints2/dict_0007_0167.uasset" 6597
"../../../Engine/Content/EngineMaterials/Substrate/Glints2/dict_0007_0175.uasset" 6598
"/Engine/EngineMaterials/Substrate/Glints2/dict_0007_0180" 6599
"/Engine/EngineMaterials/Substrate/Glints2/dict_0007_0181" 6600
"/Engine/EngineMaterials/Substrate/Glints2/dict_0007_0182" 6601
"/Engine/EngineMaterials/Substrate/Glints2/dict_0007_0183" 6602
"/Engine/EngineMaterials/Substrate/Glints2/dict_0007_0184" 6603
"/Engine/EngineMaterials/Substrate/Glints2/dict_0007_0185" 6604
"/Engine/EngineMaterials/Substrate/Glints2/dict_0007_0186" 6605
"/Engine/EngineMaterials/Substrate/Glints2/dict_0007_0187" 6606
"../../../Engine/Content/EngineMaterials/Substrate/Glints2/dict_0007_0155.uasset" 6607
"../../../Engine/Content/EngineMaterials/Substrate/Glints2/dict_0007_0154.uasset" 6608
"../../../Engine/Content/EngineMaterials/Substrate/Glints2/dict_0007_0148.uasset" 6609
"../../../Engine/Content/EngineMaterials/Substrate/Glints2/dict_0007_0149.uasset" 6610
"../../../Engine/Content/EngineMaterials/Substrate/Glints2/dict_0007_0152.uasset" 6611
"../../../Engine/Content/EngineMaterials/Substrate/Glints2/dict_0007_0150.uasset" 6612
"../../../Engine/Content/EngineMaterials/Substrate/Glints2/dict_0007_0151.uasset" 6613
"/Engine/EngineMaterials/Substrate/Glints2/dict_0007_0156" 6614
"../../../Engine/Content/EngineMaterials/Substrate/Glints2/dict_0007_0147.uasset" 6615
"../../../Engine/Content/EngineMaterials/Substrate/Glints2/dict_0007_0153.uasset" 6616
"/Engine/EngineMaterials/Substrate/Glints2/dict_0007_0157" 6617
"/Engine/EngineMaterials/Substrate/Glints2/dict_0007_0158" 6618
"/Engine/EngineMaterials/Substrate/Glints2/dict_0007_0159" 6619
"/Engine/EngineMaterials/Substrate/Glints2/dict_0007_0160" 6620
"/Engine/EngineMaterials/Substrate/Glints2/dict_0007_0161" 6621
"/Engine/EngineMaterials/Substrate/Glints2/dict_0007_0162" 6622
"/Engine/EngineMaterials/Substrate/Glints2/dict_0007_0163" 6623
"/Engine/EngineMaterials/Substrate/Glints2/dict_0007_0164" 6624
"/Engine/EngineMaterials/Substrate/Glints2/dict_0007_0165" 6625
"/Engine/EngineMaterials/Substrate/Glints2/dict_0007_0166" 6626
"/Engine/EngineMaterials/Substrate/Glints2/dict_0007_0167" 6627
"/Engine/EngineMaterials/Substrate/Glints2/dict_0007_0168" 6628
"/Engine/EngineMaterials/Substrate/Glints2/dict_0007_0169" 6629
"/Engine/EngineMaterials/Substrate/Glints2/dict_0007_0170" 6630
"/Engine/EngineMaterials/Substrate/Glints2/dict_0007_0171" 6631
"/Engine/EngineMaterials/Substrate/Glints2/dict_0007_0172" 6632
"/Engine/EngineMaterials/Substrate/Glints2/dict_0007_0173" 6633
"/Engine/EngineMaterials/Substrate/Glints2/dict_0007_0174" 6634
"/Engine/EngineMaterials/Substrate/Glints2/dict_0007_0175" 6635
"/Engine/EngineMaterials/Substrate/Glints2/dict_0007_0176" 6636
"/Engine/EngineMaterials/Substrate/Glints2/dict_0007_0177" 6637
"/Engine/EngineMaterials/Substrate/Glints2/dict_0007_0178" 6638
"../../../Engine/Content/EngineMaterials/Substrate/Glints2/dict_0007_0146.uasset" 6639
"../../../Engine/Content/EngineMaterials/Substrate/Glints2/dict_0007_0138.uasset" 6640
"../../../Engine/Content/EngineMaterials/Substrate/Glints2/dict_0007_0142.uasset" 6641
"../../../Engine/Content/EngineMaterials/Substrate/Glints2/dict_0007_0141.uasset" 6642
"../../../Engine/Content/EngineMaterials/Substrate/Glints2/dict_0007_0135.uasset" 6643
"../../../Engine/Content/EngineMaterials/Substrate/Glints2/dict_0007_0143.uasset" 6644
"/Engine/EngineMaterials/Substrate/Glints2/dict_0007_0147" 6645
"../../../Engine/Content/EngineMaterials/Substrate/Glints2/dict_0007_0132.uasset" 6646
"../../../Engine/Content/EngineMaterials/Substrate/Glints2/dict_0007_0130.uasset" 6647
"../../../Engine/Content/EngineMaterials/Substrate/Glints2/dict_0007_0145.uasset" 6648
"../../../Engine/Content/EngineMaterials/Substrate/Glints2/dict_0007_0129.uasset" 6649
"../../../Engine/Content/EngineMaterials/Substrate/Glints2/dict_0007_0128.uasset" 6650
"../../../Engine/Content/EngineMaterials/Substrate/Glints2/dict_0007_0134.uasset" 6651
"../../../Engine/Content/EngineMaterials/Substrate/Glints2/dict_0007_0126.uasset" 6652
"../../../Engine/Content/EngineMaterials/Substrate/Glints2/dict_0007_0139.uasset" 6653
"../../../Engine/Content/EngineMaterials/Substrate/Glints2/dict_0007_0125.uasset" 6654
"../../../Engine/Content/EngineMaterials/Substrate/Glints2/dict_0007_0137.uasset" 6655
"../../../Engine/Content/EngineMaterials/Substrate/Glints2/dict_0007_0140.uasset" 6656
"../../../Engine/Content/EngineMaterials/Substrate/Glints2/dict_0007_0131.uasset" 6657
"../../../Engine/Content/EngineMaterials/Substrate/Glints2/dict_0007_0124.uasset" 6658
"../../../Engine/Content/EngineMaterials/Substrate/Glints2/dict_0007_0127.uasset" 6659
"../../../Engine/Content/EngineMaterials/Substrate/Glints2/dict_0007_0144.uasset" 6660
"../../../Engine/Content/EngineMaterials/Substrate/Glints2/dict_0007_0133.uasset" 6661
"/Engine/EngineMaterials/Substrate/Glints2/dict_0007_0148" 6662
"../../../Engine/Content/EngineMaterials/Substrate/Glints2/dict_0007_0136.uasset" 6663
"/Engine/EngineMaterials/Substrate/Glints2/dict_0007_0149" 6664
"/Engine/EngineMaterials/Substrate/Glints2/dict_0007_0150" 6665
"/Engine/EngineMaterials/Substrate/Glints2/dict_0007_0151" 6666
"/Engine/EngineMaterials/Substrate/Glints2/dict_0007_0152" 6667
"/Engine/EngineMaterials/Substrate/Glints2/dict_0007_0153" 6668
"/Engine/EngineMaterials/Substrate/Glints2/dict_0007_0154" 6669
"/Engine/EngineMaterials/Substrate/Glints2/dict_0007_0155" 6670
"../../../Engine/Content/EngineMaterials/Substrate/Glints2/dict_0007_0122.uasset" 6671
"../../../Engine/Content/EngineMaterials/Substrate/Glints2/dict_0007_0121.uasset" 6672
"../../../Engine/Content/EngineMaterials/Substrate/Glints2/dict_0007_0123.uasset" 6673
"../../../Engine/Content/EngineMaterials/Substrate/Glints2/dict_0007_0118.uasset" 6674
"../../../Engine/Content/EngineMaterials/Substrate/Glints2/dict_0007_0119.uasset" 6675
"../../../Engine/Content/EngineMaterials/Substrate/Glints2/dict_0007_0117.uasset" 6676
"../../../Engine/Content/EngineMaterials/Substrate/Glints2/dict_0007_0115.uasset" 6677
"/Engine/EngineMaterials/Substrate/Glints2/dict_0007_0124" 6678
"../../../Engine/Content/EngineMaterials/Substrate/Glints2/dict_0007_0120.uasset" 6679
"../../../Engine/Content/EngineMaterials/Substrate/Glints2/dict_0007_0116.uasset" 6680
"/Engine/EngineMaterials/Substrate/Glints2/dict_0007_0125" 6681
"/Engine/EngineMaterials/Substrate/Glints2/dict_0007_0126" 6682
"/Engine/EngineMaterials/Substrate/Glints2/dict_0007_0127" 6683
"/Engine/EngineMaterials/Substrate/Glints2/dict_0007_0128" 6684
"/Engine/EngineMaterials/Substrate/Glints2/dict_0007_0129" 6685
"/Engine/EngineMaterials/Substrate/Glints2/dict_0007_0130" 6686
"/Engine/EngineMaterials/Substrate/Glints2/dict_0007_0131" 6687
"/Engine/EngineMaterials/Substrate/Glints2/dict_0007_0132" 6688
"/Engine/EngineMaterials/Substrate/Glints2/dict_0007_0133" 6689
"/Engine/EngineMaterials/Substrate/Glints2/dict_0007_0134" 6690
"/Engine/EngineMaterials/Substrate/Glints2/dict_0007_0135" 6691
"/Engine/EngineMaterials/Substrate/Glints2/dict_0007_0136" 6692
"/Engine/EngineMaterials/Substrate/Glints2/dict_0007_0137" 6693
"/Engine/EngineMaterials/Substrate/Glints2/dict_0007_0138" 6694
"/Engine/EngineMaterials/Substrate/Glints2/dict_0007_0139" 6695
"/Engine/EngineMaterials/Substrate/Glints2/dict_0007_0140" 6696
"/Engine/EngineMaterials/Substrate/Glints2/dict_0007_0141" 6697
"/Engine/EngineMaterials/Substrate/Glints2/dict_0007_0142" 6698
"/Engine/EngineMaterials/Substrate/Glints2/dict_0007_0143" 6699
"/Engine/EngineMaterials/Substrate/Glints2/dict_0007_0144" 6700
"/Engine/EngineMaterials/Substrate/Glints2/dict_0007_0145" 6701
"/Engine/EngineMaterials/Substrate/Glints2/dict_0007_0146" 6702
"../../../Engine/Content/EngineMaterials/Substrate/Glints2/dict_0007_0113.uasset" 6703
"../../../Engine/Content/EngineMaterials/Substrate/Glints2/dict_0007_0108.uasset" 6704
"../../../Engine/Content/EngineMaterials/Substrate/Glints2/dict_0007_0109.uasset" 6705
"/Engine/EngineMaterials/Substrate/Glints2/dict_0007_0115" 6706
"../../../Engine/Content/EngineMaterials/Substrate/Glints2/dict_0007_0110.uasset" 6707
"../../../Engine/Content/EngineMaterials/Substrate/Glints2/dict_0007_0107.uasset" 6708
"../../../Engine/Content/EngineMaterials/Substrate/Glints2/dict_0007_0098.uasset" 6709
"../../../Engine/Content/EngineMaterials/Substrate/Glints2/dict_0007_0099.uasset" 6710
"../../../Engine/Content/EngineMaterials/Substrate/Glints2/dict_0007_0097.uasset" 6711
"../../../Engine/Content/EngineMaterials/Substrate/Glints2/dict_0007_0104.uasset" 6712
"../../../Engine/Content/EngineMaterials/Substrate/Glints2/dict_0007_0111.uasset" 6713
"../../../Engine/Content/EngineMaterials/Substrate/Glints2/dict_0007_0105.uasset" 6714
"../../../Engine/Content/EngineMaterials/Substrate/Glints2/dict_0007_0095.uasset" 6715
"../../../Engine/Content/EngineMaterials/Substrate/Glints2/dict_0007_0093.uasset" 6716
"../../../Engine/Content/EngineMaterials/Substrate/Glints2/dict_0007_0112.uasset" 6717
"../../../Engine/Content/EngineMaterials/Substrate/Glints2/dict_0007_0100.uasset" 6718
"../../../Engine/Content/EngineMaterials/Substrate/Glints2/dict_0007_0092.uasset" 6719
"/Engine/EngineMaterials/Substrate/Glints2/dict_0007_0116" 6720
"../../../Engine/Content/EngineMaterials/Substrate/Glints2/dict_0007_0106.uasset" 6721
"../../../Engine/Content/EngineMaterials/Substrate/Glints2/dict_0007_0102.uasset" 6722
"../../../Engine/Content/EngineMaterials/Substrate/Glints2/dict_0007_0096.uasset" 6723
"../../../Engine/Content/EngineMaterials/Substrate/Glints2/dict_0007_0103.uasset" 6724
"../../../Engine/Content/EngineMaterials/Substrate/Glints2/dict_0007_0101.uasset" 6725
"../../../Engine/Content/EngineMaterials/Substrate/Glints2/dict_0007_0114.uasset" 6726
"../../../Engine/Content/EngineMaterials/Substrate/Glints2/dict_0007_0094.uasset" 6727
"/Engine/EngineMaterials/Substrate/Glints2/dict_0007_0117" 6728
"/Engine/EngineMaterials/Substrate/Glints2/dict_0007_0118" 6729
"/Engine/EngineMaterials/Substrate/Glints2/dict_0007_0119" 6730
"/Engine/EngineMaterials/Substrate/Glints2/dict_0007_0120" 6731
"/Engine/EngineMaterials/Substrate/Glints2/dict_0007_0121" 6732
"/Engine/EngineMaterials/Substrate/Glints2/dict_0007_0122" 6733
"/Engine/EngineMaterials/Substrate/Glints2/dict_0007_0123" 6734
"../../../Engine/Content/EngineMaterials/Substrate/Glints2/dict_0007_0088.uasset" 6735
"../../../Engine/Content/EngineMaterials/Substrate/Glints2/dict_0007_0091.uasset" 6736
"../../../Engine/Content/EngineMaterials/Substrate/Glints2/dict_0007_0087.uasset" 6737
"../../../Engine/Content/EngineMaterials/Substrate/Glints2/dict_0007_0086.uasset" 6738
"../../../Engine/Content/EngineMaterials/Substrate/Glints2/dict_0007_0090.uasset" 6739
"/Engine/EngineMaterials/Substrate/Glints2/dict_0007_0092" 6740
"../../../Engine/Content/EngineMaterials/Substrate/Glints2/dict_0007_0085.uasset" 6741
"../../../Engine/Content/EngineMaterials/Substrate/Glints2/dict_0007_0083.uasset" 6742
"../../../Engine/Content/EngineMaterials/Substrate/Glints2/dict_0007_0089.uasset" 6743
"../../../Engine/Content/EngineMaterials/Substrate/Glints2/dict_0007_0084.uasset" 6744
"/Engine/EngineMaterials/Substrate/Glints2/dict_0007_0093" 6745
"/Engine/EngineMaterials/Substrate/Glints2/dict_0007_0094" 6746
"/Engine/EngineMaterials/Substrate/Glints2/dict_0007_0095" 6747
"/Engine/EngineMaterials/Substrate/Glints2/dict_0007_0096" 6748
"/Engine/EngineMaterials/Substrate/Glints2/dict_0007_0097" 6749
"/Engine/EngineMaterials/Substrate/Glints2/dict_0007_0098" 6750
"/Engine/EngineMaterials/Substrate/Glints2/dict_0007_0099" 6751
"/Engine/EngineMaterials/Substrate/Glints2/dict_0007_0100" 6752
"/Engine/EngineMaterials/Substrate/Glints2/dict_0007_0101" 6753
"/Engine/EngineMaterials/Substrate/Glints2/dict_0007_0102" 6754
"/Engine/EngineMaterials/Substrate/Glints2/dict_0007_0103" 6755
"/Engine/EngineMaterials/Substrate/Glints2/dict_0007_0104" 6756
"/Engine/EngineMaterials/Substrate/Glints2/dict_0007_0105" 6757
"/Engine/EngineMaterials/Substrate/Glints2/dict_0007_0106" 6758
"/Engine/EngineMaterials/Substrate/Glints2/dict_0007_0107" 6759
"/Engine/EngineMaterials/Substrate/Glints2/dict_0007_0108" 6760
"/Engine/EngineMaterials/Substrate/Glints2/dict_0007_0109" 6761
"/Engine/EngineMaterials/Substrate/Glints2/dict_0007_0110" 6762
"/Engine/EngineMaterials/Substrate/Glints2/dict_0007_0111" 6763
"/Engine/EngineMaterials/Substrate/Glints2/dict_0007_0112" 6764
"/Engine/EngineMaterials/Substrate/Glints2/dict_0007_0113" 6765
"/Engine/EngineMaterials/Substrate/Glints2/dict_0007_0114" 6766
"../../../Engine/Content/EngineMaterials/Substrate/Glints2/dict_0007_0077.uasset" 6767
"../../../Engine/Content/EngineMaterials/Substrate/Glints2/dict_0007_0081.uasset" 6768
"../../../Engine/Content/EngineMaterials/Substrate/Glints2/dict_0007_0070.uasset" 6769
"../../../Engine/Content/EngineMaterials/Substrate/Glints2/dict_0007_0071.uasset" 6770
"../../../Engine/Content/EngineMaterials/Substrate/Glints2/dict_0007_0082.uasset" 6771
"../../../Engine/Content/EngineMaterials/Substrate/Glints2/dict_0007_0074.uasset" 6772
"../../../Engine/Content/EngineMaterials/Substrate/Glints2/dict_0007_0079.uasset" 6773
"../../../Engine/Content/EngineMaterials/Substrate/Glints2/dict_0007_0075.uasset" 6774
"/Engine/EngineMaterials/Substrate/Glints2/dict_0007_0083" 6775
"../../../Engine/Content/EngineMaterials/Substrate/Glints2/dict_0007_0080.uasset" 6776
"../../../Engine/Content/EngineMaterials/Substrate/Glints2/dict_0007_0067.uasset" 6777
"../../../Engine/Content/EngineMaterials/Substrate/Glints2/dict_0007_0065.uasset" 6778
"../../../Engine/Content/EngineMaterials/Substrate/Glints2/dict_0007_0064.uasset" 6779
"../../../Engine/Content/EngineMaterials/Substrate/Glints2/dict_0007_0063.uasset" 6780
"../../../Engine/Content/EngineMaterials/Substrate/Glints2/dict_0007_0062.uasset" 6781
"../../../Engine/Content/EngineMaterials/Substrate/Glints2/dict_0007_0073.uasset" 6782
"../../../Engine/Content/EngineMaterials/Substrate/Glints2/dict_0007_0069.uasset" 6783
"../../../Engine/Content/EngineMaterials/Substrate/Glints2/dict_0007_0076.uasset" 6784
"../../../Engine/Content/EngineMaterials/Substrate/Glints2/dict_0007_0060.uasset" 6785
"../../../Engine/Content/EngineMaterials/Substrate/Glints2/dict_0007_0066.uasset" 6786
"../../../Engine/Content/EngineMaterials/Substrate/Glints2/dict_0007_0061.uasset" 6787
"../../../Engine/Content/EngineMaterials/Substrate/Glints2/dict_0007_0072.uasset" 6788
"../../../Engine/Content/EngineMaterials/Substrate/Glints2/dict_0007_0068.uasset" 6789
"../../../Engine/Content/EngineMaterials/Substrate/Glints2/dict_0007_0078.uasset" 6790
"/Engine/EngineMaterials/Substrate/Glints2/dict_0007_0084" 6791
"/Engine/EngineMaterials/Substrate/Glints2/dict_0007_0085" 6792
"/Engine/EngineMaterials/Substrate/Glints2/dict_0007_0086" 6793
"/Engine/EngineMaterials/Substrate/Glints2/dict_0007_0087" 6794
"/Engine/EngineMaterials/Substrate/Glints2/dict_0007_0088" 6795
"/Engine/EngineMaterials/Substrate/Glints2/dict_0007_0089" 6796
"/Engine/EngineMaterials/Substrate/Glints2/dict_0007_0090" 6797
"/Engine/EngineMaterials/Substrate/Glints2/dict_0007_0091" 6798
"../../../Engine/Content/EngineMaterials/Substrate/Glints2/dict_0007_0058.uasset" 6799
"../../../Engine/Content/EngineMaterials/Substrate/Glints2/dict_0007_0057.uasset" 6800
"../../../Engine/Content/EngineMaterials/Substrate/Glints2/dict_0007_0053.uasset" 6801
"../../../Engine/Content/EngineMaterials/Substrate/Glints2/dict_0007_0059.uasset" 6802
"/Engine/EngineMaterials/Substrate/Glints2/dict_0007_0060" 6803
"../../../Engine/Content/EngineMaterials/Substrate/Glints2/dict_0007_0056.uasset" 6804
"../../../Engine/Content/EngineMaterials/Substrate/Glints2/dict_0007_0055.uasset" 6805
"../../../Engine/Content/EngineMaterials/Substrate/Glints2/dict_0007_0052.uasset" 6806
"../../../Engine/Content/EngineMaterials/Substrate/Glints2/dict_0007_0051.uasset" 6807
"../../../Engine/Content/EngineMaterials/Substrate/Glints2/dict_0007_0054.uasset" 6808
"/Engine/EngineMaterials/Substrate/Glints2/dict_0007_0061" 6809
"/Engine/EngineMaterials/Substrate/Glints2/dict_0007_0062" 6810
"/Engine/EngineMaterials/Substrate/Glints2/dict_0007_0063" 6811
"/Engine/EngineMaterials/Substrate/Glints2/dict_0007_0064" 6812
"/Engine/EngineMaterials/Substrate/Glints2/dict_0007_0065" 6813
"/Engine/EngineMaterials/Substrate/Glints2/dict_0007_0066" 6814
"/Engine/EngineMaterials/Substrate/Glints2/dict_0007_0067" 6815
"/Engine/EngineMaterials/Substrate/Glints2/dict_0007_0068" 6816
"/Engine/EngineMaterials/Substrate/Glints2/dict_0007_0069" 6817
"/Engine/EngineMaterials/Substrate/Glints2/dict_0007_0070" 6818
"/Engine/EngineMaterials/Substrate/Glints2/dict_0007_0071" 6819
"/Engine/EngineMaterials/Substrate/Glints2/dict_0007_0072" 6820
"/Engine/EngineMaterials/Substrate/Glints2/dict_0007_0073" 6821
"/Engine/EngineMaterials/Substrate/Glints2/dict_0007_0074" 6822
"/Engine/EngineMaterials/Substrate/Glints2/dict_0007_0075" 6823
"/Engine/EngineMaterials/Substrate/Glints2/dict_0007_0076" 6824
"/Engine/EngineMaterials/Substrate/Glints2/dict_0007_0077" 6825
"/Engine/EngineMaterials/Substrate/Glints2/dict_0007_0078" 6826
"/Engine/EngineMaterials/Substrate/Glints2/dict_0007_0079" 6827
"/Engine/EngineMaterials/Substrate/Glints2/dict_0007_0080" 6828
"/Engine/EngineMaterials/Substrate/Glints2/dict_0007_0081" 6829
"/Engine/EngineMaterials/Substrate/Glints2/dict_0007_0082" 6830
"../../../Engine/Content/EngineMaterials/Substrate/Glints2/dict_0007_0050.uasset" 6831
"../../../Engine/Content/EngineMaterials/Substrate/Glints2/dict_0007_0048.uasset" 6832
"../../../Engine/Content/EngineMaterials/Substrate/Glints2/dict_0007_0044.uasset" 6833
"../../../Engine/Content/EngineMaterials/Substrate/Glints2/dict_0007_0040.uasset" 6834
"../../../Engine/Content/EngineMaterials/Substrate/Glints2/dict_0007_0039.uasset" 6835
"/Engine/EngineMaterials/Substrate/Glints2/dict_0007_0051" 6836
"../../../Engine/Content/EngineMaterials/Substrate/Glints2/dict_0007_0047.uasset" 6837
"../../../Engine/Content/EngineMaterials/Substrate/Glints2/dict_0007_0036.uasset" 6838
"../../../Engine/Content/EngineMaterials/Substrate/Glints2/dict_0007_0035.uasset" 6839
"../../../Engine/Content/EngineMaterials/Substrate/Glints2/dict_0007_0034.uasset" 6840
"../../../Engine/Content/EngineMaterials/Substrate/Glints2/dict_0007_0032.uasset" 6841
"../../../Engine/Content/EngineMaterials/Substrate/Glints2/dict_0007_0033.uasset" 6842
"../../../Engine/Content/EngineMaterials/Substrate/Glints2/dict_0007_0042.uasset" 6843
"../../../Engine/Content/EngineMaterials/Substrate/Glints2/dict_0007_0031.uasset" 6844
"../../../Engine/Content/EngineMaterials/Substrate/Glints2/dict_0007_0030.uasset" 6845
"../../../Engine/Content/EngineMaterials/Substrate/Glints2/dict_0007_0045.uasset" 6846
"../../../Engine/Content/EngineMaterials/Substrate/Glints2/dict_0007_0029.uasset" 6847
"../../../Engine/Content/EngineMaterials/Substrate/Glints2/dict_0007_0041.uasset" 6848
"../../../Engine/Content/EngineMaterials/Substrate/Glints2/dict_0007_0049.uasset" 6849
"../../../Engine/Content/EngineMaterials/Substrate/Glints2/dict_0007_0028.uasset" 6850
"../../../Engine/Content/EngineMaterials/Substrate/Glints2/dict_0007_0046.uasset" 6851
"../../../Engine/Content/EngineMaterials/Substrate/Glints2/dict_0007_0038.uasset" 6852
"../../../Engine/Content/EngineMaterials/Substrate/Glints2/dict_0007_0037.uasset" 6853
"../../../Engine/Content/EngineMaterials/Substrate/Glints2/dict_0007_0043.uasset" 6854
"/Engine/EngineMaterials/Substrate/Glints2/dict_0007_0052" 6855
"/Engine/EngineMaterials/Substrate/Glints2/dict_0007_0053" 6856
"/Engine/EngineMaterials/Substrate/Glints2/dict_0007_0054" 6857
"/Engine/EngineMaterials/Substrate/Glints2/dict_0007_0055" 6858
"/Engine/EngineMaterials/Substrate/Glints2/dict_0007_0056" 6859
"/Engine/EngineMaterials/Substrate/Glints2/dict_0007_0057" 6860
"/Engine/EngineMaterials/Substrate/Glints2/dict_0007_0058" 6861
"/Engine/EngineMaterials/Substrate/Glints2/dict_0007_0059" 6862
"../../../Engine/Content/EngineMaterials/Substrate/Glints2/dict_0007_0027.uasset" 6863
"../../../Engine/Content/EngineMaterials/Substrate/Glints2/dict_0007_0026.uasset" 6864
"../../../Engine/Content/EngineMaterials/Substrate/Glints2/dict_0007_0023.uasset" 6865
"../../../Engine/Content/EngineMaterials/Substrate/Glints2/dict_0007_0025.uasset" 6866
"../../../Engine/Content/EngineMaterials/Substrate/Glints2/dict_0007_0021.uasset" 6867
"/Engine/EngineMaterials/Substrate/Glints2/dict_0007_0028" 6868
"../../../Engine/Content/EngineMaterials/Substrate/Glints2/dict_0007_0024.uasset" 6869
"../../../Engine/Content/EngineMaterials/Substrate/Glints2/dict_0007_0022.uasset" 6870
"../../../Engine/Content/EngineMaterials/Substrate/Glints2/dict_0007_0020.uasset" 6871
"../../../Engine/Content/EngineMaterials/Substrate/Glints2/dict_0007_0019.uasset" 6872
"/Engine/EngineMaterials/Substrate/Glints2/dict_0007_0029" 6873
"/Engine/EngineMaterials/Substrate/Glints2/dict_0007_0030" 6874
"/Engine/EngineMaterials/Substrate/Glints2/dict_0007_0031" 6875
"/Engine/EngineMaterials/Substrate/Glints2/dict_0007_0032" 6876
"/Engine/EngineMaterials/Substrate/Glints2/dict_0007_0033" 6877
"/Engine/EngineMaterials/Substrate/Glints2/dict_0007_0034" 6878
"/Engine/EngineMaterials/Substrate/Glints2/dict_0007_0035" 6879
"/Engine/EngineMaterials/Substrate/Glints2/dict_0007_0036" 6880
"/Engine/EngineMaterials/Substrate/Glints2/dict_0007_0037" 6881
"/Engine/EngineMaterials/Substrate/Glints2/dict_0007_0038" 6882
"/Engine/EngineMaterials/Substrate/Glints2/dict_0007_0039" 6883
"/Engine/EngineMaterials/Substrate/Glints2/dict_0007_0040" 6884
"/Engine/EngineMaterials/Substrate/Glints2/dict_0007_0041" 6885
"/Engine/EngineMaterials/Substrate/Glints2/dict_0007_0042" 6886
"/Engine/EngineMaterials/Substrate/Glints2/dict_0007_0043" 6887
"/Engine/EngineMaterials/Substrate/Glints2/dict_0007_0044" 6888
"/Engine/EngineMaterials/Substrate/Glints2/dict_0007_0045" 6889
"/Engine/EngineMaterials/Substrate/Glints2/dict_0007_0046" 6890
"/Engine/EngineMaterials/Substrate/Glints2/dict_0007_0047" 6891
"/Engine/EngineMaterials/Substrate/Glints2/dict_0007_0048" 6892
"/Engine/EngineMaterials/Substrate/Glints2/dict_0007_0049" 6893
"/Engine/EngineMaterials/Substrate/Glints2/dict_0007_0050" 6894
"../../../Engine/Content/EngineMaterials/Substrate/Glints2/dict_0007_0018.uasset" 6895
"../../../Engine/Content/EngineMaterials/Substrate/Glints2/dict_0007_0011.uasset" 6896
"../../../Engine/Content/EngineMaterials/Substrate/Glints2/dict_0007_0008.uasset" 6897
"../../../Engine/Content/EngineMaterials/Substrate/Glints2/dict_0007_0009.uasset" 6898
"../../../Engine/Content/EngineMaterials/Substrate/Glints2/dict_0007_0015.uasset" 6899
"../../../Engine/Content/EngineMaterials/Substrate/Glints2/dict_0007_0006.uasset" 6900
"/Engine/EngineMaterials/Substrate/Glints2/dict_0007_0019" 6901
"../../../Engine/Content/EngineMaterials/Substrate/Glints2/dict_0007_0005.uasset" 6902
"../../../Engine/Content/EngineMaterials/Substrate/Glints2/dict_0007_0004.uasset" 6903
"../../../Engine/Content/EngineMaterials/Substrate/Glints2/dict_0007_0013.uasset" 6904
"../../../Engine/Content/EngineMaterials/Substrate/Glints2/dict_0007_0002.uasset" 6905
"../../../Engine/Content/EngineMaterials/Substrate/Glints2/dict_0007_0010.uasset" 6906
"../../../Engine/Content/EngineMaterials/Substrate/Glints2/dict_0007_0000.uasset" 6907
"../../../Engine/Content/EngineMaterials/Substrate/Glints2/dict_0007_0016.uasset" 6908
"../../../Engine/Content/EngineMaterials/Substrate/Glints2/dict_0006_0254.uasset" 6909
"../../../Engine/Content/EngineMaterials/Substrate/Glints2/dict_0007_0001.uasset" 6910
"../../../Engine/Content/EngineMaterials/Substrate/Glints2/dict_0006_0255.uasset" 6911
"../../../Engine/Content/EngineMaterials/Substrate/Glints2/dict_0007_0017.uasset" 6912
"../../../Engine/Content/EngineMaterials/Substrate/Glints2/dict_0007_0003.uasset" 6913
"../../../Engine/Content/EngineMaterials/Substrate/Glints2/dict_0007_0014.uasset" 6914
"../../../Engine/Content/EngineMaterials/Substrate/Glints2/dict_0006_0252.uasset" 6915
"../../../Engine/Content/EngineMaterials/Substrate/Glints2/dict_0007_0012.uasset" 6916
"/Engine/EngineMaterials/Substrate/Glints2/dict_0007_0020" 6917
"../../../Engine/Content/EngineMaterials/Substrate/Glints2/dict_0006_0253.uasset" 6918
"../../../Engine/Content/EngineMaterials/Substrate/Glints2/dict_0007_0007.uasset" 6919
"/Engine/EngineMaterials/Substrate/Glints2/dict_0007_0021" 6920
"/Engine/EngineMaterials/Substrate/Glints2/dict_0007_0022" 6921
"/Engine/EngineMaterials/Substrate/Glints2/dict_0007_0023" 6922
"/Engine/EngineMaterials/Substrate/Glints2/dict_0007_0024" 6923
"/Engine/EngineMaterials/Substrate/Glints2/dict_0007_0025" 6924
"/Engine/EngineMaterials/Substrate/Glints2/dict_0007_0026" 6925
"/Engine/EngineMaterials/Substrate/Glints2/dict_0007_0027" 6926
"../../../Engine/Content/EngineMaterials/Substrate/Glints2/dict_0006_0249.uasset" 6927
"../../../Engine/Content/EngineMaterials/Substrate/Glints2/dict_0006_0246.uasset" 6928
"/Engine/EngineMaterials/Substrate/Glints2/dict_0006_0252" 6929
"../../../Engine/Content/EngineMaterials/Substrate/Glints2/dict_0006_0251.uasset" 6930
"../../../Engine/Content/EngineMaterials/Substrate/Glints2/dict_0006_0243.uasset" 6931
"../../../Engine/Content/EngineMaterials/Substrate/Glints2/dict_0006_0245.uasset" 6932
"../../../Engine/Content/EngineMaterials/Substrate/Glints2/dict_0006_0247.uasset" 6933
"../../../Engine/Content/EngineMaterials/Substrate/Glints2/dict_0006_0248.uasset" 6934
"../../../Engine/Content/EngineMaterials/Substrate/Glints2/dict_0006_0250.uasset" 6935
"../../../Engine/Content/EngineMaterials/Substrate/Glints2/dict_0006_0244.uasset" 6936
"/Engine/EngineMaterials/Substrate/Glints2/dict_0006_0253" 6937
"/Engine/EngineMaterials/Substrate/Glints2/dict_0006_0254" 6938
"/Engine/EngineMaterials/Substrate/Glints2/dict_0006_0255" 6939
"/Engine/EngineMaterials/Substrate/Glints2/dict_0007_0000" 6940
"/Engine/EngineMaterials/Substrate/Glints2/dict_0007_0001" 6941
"/Engine/EngineMaterials/Substrate/Glints2/dict_0007_0002" 6942
"/Engine/EngineMaterials/Substrate/Glints2/dict_0007_0003" 6943
"/Engine/EngineMaterials/Substrate/Glints2/dict_0007_0004" 6944
"/Engine/EngineMaterials/Substrate/Glints2/dict_0007_0005" 6945
"/Engine/EngineMaterials/Substrate/Glints2/dict_0007_0006" 6946
"/Engine/EngineMaterials/Substrate/Glints2/dict_0007_0007" 6947
"/Engine/EngineMaterials/Substrate/Glints2/dict_0007_0008" 6948
"/Engine/EngineMaterials/Substrate/Glints2/dict_0007_0009" 6949
"/Engine/EngineMaterials/Substrate/Glints2/dict_0007_0010" 6950
"/Engine/EngineMaterials/Substrate/Glints2/dict_0007_0011" 6951
"/Engine/EngineMaterials/Substrate/Glints2/dict_0007_0012" 6952
"/Engine/EngineMaterials/Substrate/Glints2/dict_0007_0013" 6953
"/Engine/EngineMaterials/Substrate/Glints2/dict_0007_0014" 6954
"/Engine/EngineMaterials/Substrate/Glints2/dict_0007_0015" 6955
"/Engine/EngineMaterials/Substrate/Glints2/dict_0007_0016" 6956
"/Engine/EngineMaterials/Substrate/Glints2/dict_0007_0017" 6957
"/Engine/EngineMaterials/Substrate/Glints2/dict_0007_0018" 6958
"../../../Engine/Content/EngineMaterials/Substrate/Glints2/dict_0006_0242.uasset" 6959
"../../../Engine/Content/EngineMaterials/Substrate/Glints2/dict_0006_0240.uasset" 6960
"../../../Engine/Content/EngineMaterials/Substrate/Glints2/dict_0006_0239.uasset" 6961
"../../../Engine/Content/EngineMaterials/Substrate/Glints2/dict_0006_0238.uasset" 6962
"../../../Engine/Content/EngineMaterials/Substrate/Glints2/dict_0006_0237.uasset" 6963
"../../../Engine/Content/EngineMaterials/Substrate/Glints2/dict_0006_0236.uasset" 6964
"../../../Engine/Content/EngineMaterials/Substrate/Glints2/dict_0006_0233.uasset" 6965
"../../../Engine/Content/EngineMaterials/Substrate/Glints2/dict_0006_0235.uasset" 6966
"../../../Engine/Content/EngineMaterials/Substrate/Glints2/dict_0006_0230.uasset" 6967
"../../../Engine/Content/EngineMaterials/Substrate/Glints2/dict_0006_0234.uasset" 6968
"../../../Engine/Content/EngineMaterials/Substrate/Glints2/dict_0006_0232.uasset" 6969
"../../../Engine/Content/EngineMaterials/Substrate/Glints2/dict_0006_0228.uasset" 6970
"../../../Engine/Content/EngineMaterials/Substrate/Glints2/dict_0006_0229.uasset" 6971
"../../../Engine/Content/EngineMaterials/Substrate/Glints2/dict_0006_0227.uasset" 6972
"../../../Engine/Content/EngineMaterials/Substrate/Glints2/dict_0006_0224.uasset" 6973
"../../../Engine/Content/EngineMaterials/Substrate/Glints2/dict_0006_0226.uasset" 6974
"/Engine/EngineMaterials/Substrate/Glints2/dict_0006_0243" 6975
"../../../Engine/Content/EngineMaterials/Substrate/Glints2/dict_0006_0222.uasset" 6976
"../../../Engine/Content/EngineMaterials/Substrate/Glints2/dict_0006_0221.uasset" 6977
"../../../Engine/Content/EngineMaterials/Substrate/Glints2/dict_0006_0241.uasset" 6978
"../../../Engine/Content/EngineMaterials/Substrate/Glints2/dict_0006_0225.uasset" 6979
"../../../Engine/Content/EngineMaterials/Substrate/Glints2/dict_0006_0220.uasset" 6980
"../../../Engine/Content/EngineMaterials/Substrate/Glints2/dict_0006_0223.uasset" 6981
"../../../Engine/Content/EngineMaterials/Substrate/Glints2/dict_0006_0231.uasset" 6982
"/Engine/EngineMaterials/Substrate/Glints2/dict_0006_0244" 6983
"/Engine/EngineMaterials/Substrate/Glints2/dict_0006_0245" 6984
"/Engine/EngineMaterials/Substrate/Glints2/dict_0006_0246" 6985
"/Engine/EngineMaterials/Substrate/Glints2/dict_0006_0247" 6986
"/Engine/EngineMaterials/Substrate/Glints2/dict_0006_0248" 6987
"/Engine/EngineMaterials/Substrate/Glints2/dict_0006_0249" 6988
"/Engine/EngineMaterials/Substrate/Glints2/dict_0006_0250" 6989
"/Engine/EngineMaterials/Substrate/Glints2/dict_0006_0251" 6990
"../../../Engine/Content/EngineMaterials/Substrate/Glints2/dict_0006_0219.uasset" 6991
"../../../Engine/Content/EngineMaterials/Substrate/Glints2/dict_0006_0217.uasset" 6992
"../../../Engine/Content/EngineMaterials/Substrate/Glints2/dict_0006_0215.uasset" 6993
"../../../Engine/Content/EngineMaterials/Substrate/Glints2/dict_0006_0214.uasset" 6994
"../../../Engine/Content/EngineMaterials/Substrate/Glints2/dict_0006_0211.uasset" 6995
"../../../Engine/Content/EngineMaterials/Substrate/Glints2/dict_0006_0213.uasset" 6996
"../../../Engine/Content/EngineMaterials/Substrate/Glints2/dict_0006_0212.uasset" 6997
"../../../Engine/Content/EngineMaterials/Substrate/Glints2/dict_0006_0216.uasset" 6998
"../../../Engine/Content/EngineMaterials/Substrate/Glints2/dict_0006_0218.uasset" 6999
"/Engine/EngineMaterials/Substrate/Glints2/dict_0006_0220" 7000
"/Engine/EngineMaterials/Substrate/Glints2/dict_0006_0221" 7001
"/Engine/EngineMaterials/Substrate/Glints2/dict_0006_0222" 7002
"/Engine/EngineMaterials/Substrate/Glints2/dict_0006_0223" 7003
"/Engine/EngineMaterials/Substrate/Glints2/dict_0006_0224" 7004
"/Engine/EngineMaterials/Substrate/Glints2/dict_0006_0225" 7005
"/Engine/EngineMaterials/Substrate/Glints2/dict_0006_0226" 7006
"/Engine/EngineMaterials/Substrate/Glints2/dict_0006_0227" 7007
"/Engine/EngineMaterials/Substrate/Glints2/dict_0006_0228" 7008
"/Engine/EngineMaterials/Substrate/Glints2/dict_0006_0229" 7009
"/Engine/EngineMaterials/Substrate/Glints2/dict_0006_0230" 7010
"/Engine/EngineMaterials/Substrate/Glints2/dict_0006_0231" 7011
"/Engine/EngineMaterials/Substrate/Glints2/dict_0006_0232" 7012
"/Engine/EngineMaterials/Substrate/Glints2/dict_0006_0233" 7013
"/Engine/EngineMaterials/Substrate/Glints2/dict_0006_0234" 7014
"/Engine/EngineMaterials/Substrate/Glints2/dict_0006_0235" 7015
"/Engine/EngineMaterials/Substrate/Glints2/dict_0006_0236" 7016
"/Engine/EngineMaterials/Substrate/Glints2/dict_0006_0237" 7017
"/Engine/EngineMaterials/Substrate/Glints2/dict_0006_0238" 7018
"/Engine/EngineMaterials/Substrate/Glints2/dict_0006_0239" 7019
"/Engine/EngineMaterials/Substrate/Glints2/dict_0006_0240" 7020
"/Engine/EngineMaterials/Substrate/Glints2/dict_0006_0241" 7021
"/Engine/EngineMaterials/Substrate/Glints2/dict_0006_0242" 7022
"../../../Engine/Content/EngineMaterials/Substrate/Glints2/dict_0006_0207.uasset" 7023
"../../../Engine/Content/EngineMaterials/Substrate/Glints2/dict_0006_0202.uasset" 7024
"../../../Engine/Content/EngineMaterials/Substrate/Glints2/dict_0006_0201.uasset" 7025
"../../../Engine/Content/EngineMaterials/Substrate/Glints2/dict_0006_0203.uasset" 7026
"/Engine/EngineMaterials/Substrate/Glints2/dict_0006_0211" 7027
"../../../Engine/Content/EngineMaterials/Substrate/Glints2/dict_0006_0200.uasset" 7028
"../../../Engine/Content/EngineMaterials/Substrate/Glints2/dict_0006_0205.uasset" 7029
"../../../Engine/Content/EngineMaterials/Substrate/Glints2/dict_0006_0198.uasset" 7030
"../../../Engine/Content/EngineMaterials/Substrate/Glints2/dict_0006_0204.uasset" 7031
"../../../Engine/Content/EngineMaterials/Substrate/Glints2/dict_0006_0199.uasset" 7032
"../../../Engine/Content/EngineMaterials/Substrate/Glints2/dict_0006_0208.uasset" 7033
"../../../Engine/Content/EngineMaterials/Substrate/Glints2/dict_0006_0195.uasset" 7034
"../../../Engine/Content/EngineMaterials/Substrate/Glints2/dict_0006_0194.uasset" 7035
"../../../Engine/Content/EngineMaterials/Substrate/Glints2/dict_0006_0192.uasset" 7036
"../../../Engine/Content/EngineMaterials/Substrate/Glints2/dict_0006_0193.uasset" 7037
"../../../Engine/Content/EngineMaterials/Substrate/Glints2/dict_0006_0210.uasset" 7038
"../../../Engine/Content/EngineMaterials/Substrate/Glints2/dict_0006_0190.uasset" 7039
"../../../Engine/Content/EngineMaterials/Substrate/Glints2/dict_0006_0196.uasset" 7040
"../../../Engine/Content/EngineMaterials/Substrate/Glints2/dict_0006_0197.uasset" 7041
"../../../Engine/Content/EngineMaterials/Substrate/Glints2/dict_0006_0189.uasset" 7042
"../../../Engine/Content/EngineMaterials/Substrate/Glints2/dict_0006_0188.uasset" 7043
"../../../Engine/Content/EngineMaterials/Substrate/Glints2/dict_0006_0209.uasset" 7044
"../../../Engine/Content/EngineMaterials/Substrate/Glints2/dict_0006_0191.uasset" 7045
"../../../Engine/Content/EngineMaterials/Substrate/Glints2/dict_0006_0206.uasset" 7046
"/Engine/EngineMaterials/Substrate/Glints2/dict_0006_0212" 7047
"/Engine/EngineMaterials/Substrate/Glints2/dict_0006_0213" 7048
"/Engine/EngineMaterials/Substrate/Glints2/dict_0006_0214" 7049
"/Engine/EngineMaterials/Substrate/Glints2/dict_0006_0215" 7050
"/Engine/EngineMaterials/Substrate/Glints2/dict_0006_0216" 7051
"/Engine/EngineMaterials/Substrate/Glints2/dict_0006_0217" 7052
"/Engine/EngineMaterials/Substrate/Glints2/dict_0006_0218" 7053
"/Engine/EngineMaterials/Substrate/Glints2/dict_0006_0219" 7054
"../../../Engine/Content/EngineMaterials/Substrate/Glints2/dict_0006_0187.uasset" 7055
"../../../Engine/Content/EngineMaterials/Substrate/Glints2/dict_0006_0186.uasset" 7056
"../../../Engine/Content/EngineMaterials/Substrate/Glints2/dict_0006_0182.uasset" 7057
"../../../Engine/Content/EngineMaterials/Substrate/Glints2/dict_0006_0181.uasset" 7058
"../../../Engine/Content/EngineMaterials/Substrate/Glints2/dict_0006_0180.uasset" 7059
"/Engine/EngineMaterials/Substrate/Glints2/dict_0006_0188" 7060
"../../../Engine/Content/EngineMaterials/Substrate/Glints2/dict_0006_0185.uasset" 7061
"../../../Engine/Content/EngineMaterials/Substrate/Glints2/dict_0006_0179.uasset" 7062
"../../../Engine/Content/EngineMaterials/Substrate/Glints2/dict_0006_0183.uasset" 7063
"../../../Engine/Content/EngineMaterials/Substrate/Glints2/dict_0006_0184.uasset" 7064
"/Engine/EngineMaterials/Substrate/Glints2/dict_0006_0189" 7065
"/Engine/EngineMaterials/Substrate/Glints2/dict_0006_0190" 7066
"/Engine/EngineMaterials/Substrate/Glints2/dict_0006_0191" 7067
"/Engine/EngineMaterials/Substrate/Glints2/dict_0006_0192" 7068
"/Engine/EngineMaterials/Substrate/Glints2/dict_0006_0193" 7069
"/Engine/EngineMaterials/Substrate/Glints2/dict_0006_0194" 7070
"/Engine/EngineMaterials/Substrate/Glints2/dict_0006_0195" 7071
"/Engine/EngineMaterials/Substrate/Glints2/dict_0006_0196" 7072
"/Engine/EngineMaterials/Substrate/Glints2/dict_0006_0197" 7073
"/Engine/EngineMaterials/Substrate/Glints2/dict_0006_0198" 7074
"/Engine/EngineMaterials/Substrate/Glints2/dict_0006_0199" 7075
"/Engine/EngineMaterials/Substrate/Glints2/dict_0006_0200" 7076
"/Engine/EngineMaterials/Substrate/Glints2/dict_0006_0201" 7077
"/Engine/EngineMaterials/Substrate/Glints2/dict_0006_0202" 7078
"/Engine/EngineMaterials/Substrate/Glints2/dict_0006_0203" 7079
"/Engine/EngineMaterials/Substrate/Glints2/dict_0006_0204" 7080
"/Engine/EngineMaterials/Substrate/Glints2/dict_0006_0205" 7081
"/Engine/EngineMaterials/Substrate/Glints2/dict_0006_0206" 7082
"/Engine/EngineMaterials/Substrate/Glints2/dict_0006_0207" 7083
"/Engine/EngineMaterials/Substrate/Glints2/dict_0006_0208" 7084
"/Engine/EngineMaterials/Substrate/Glints2/dict_0006_0209" 7085
"/Engine/EngineMaterials/Substrate/Glints2/dict_0006_0210" 7086
"../../../Engine/Content/EngineMaterials/Substrate/Glints2/dict_0006_0178.uasset" 7087
"../../../Engine/Content/EngineMaterials/Substrate/Glints2/dict_0006_0173.uasset" 7088
"../../../Engine/Content/EngineMaterials/Substrate/Glints2/dict_0006_0170.uasset" 7089
"../../../Engine/Content/EngineMaterials/Substrate/Glints2/dict_0006_0168.uasset" 7090
"/Engine/EngineMaterials/Substrate/Glints2/dict_0006_0179" 7091
"../../../Engine/Content/EngineMaterials/Substrate/Glints2/dict_0006_0172.uasset" 7092
"../../../Engine/Content/EngineMaterials/Substrate/Glints2/dict_0006_0177.uasset" 7093
"../../../Engine/Content/EngineMaterials/Substrate/Glints2/dict_0006_0174.uasset" 7094
"../../../Engine/Content/EngineMaterials/Substrate/Glints2/dict_0006_0165.uasset" 7095
"../../../Engine/Content/EngineMaterials/Substrate/Glints2/dict_0006_0176.uasset" 7096
"../../../Engine/Content/EngineMaterials/Substrate/Glints2/dict_0006_0175.uasset" 7097
"../../../Engine/Content/EngineMaterials/Substrate/Glints2/dict_0006_0166.uasset" 7098
"../../../Engine/Content/EngineMaterials/Substrate/Glints2/dict_0006_0169.uasset" 7099
"../../../Engine/Content/EngineMaterials/Substrate/Glints2/dict_0006_0160.uasset" 7100
"../../../Engine/Content/EngineMaterials/Substrate/Glints2/dict_0006_0171.uasset" 7101
"../../../Engine/Content/EngineMaterials/Substrate/Glints2/dict_0006_0159.uasset" 7102
"../../../Engine/Content/EngineMaterials/Substrate/Glints2/dict_0006_0164.uasset" 7103
"../../../Engine/Content/EngineMaterials/Substrate/Glints2/dict_0006_0158.uasset" 7104
"../../../Engine/Content/EngineMaterials/Substrate/Glints2/dict_0006_0157.uasset" 7105
"../../../Engine/Content/EngineMaterials/Substrate/Glints2/dict_0006_0156.uasset" 7106
"../../../Engine/Content/EngineMaterials/Substrate/Glints2/dict_0006_0163.uasset" 7107
"../../../Engine/Content/EngineMaterials/Substrate/Glints2/dict_0006_0167.uasset" 7108
"../../../Engine/Content/EngineMaterials/Substrate/Glints2/dict_0006_0161.uasset" 7109
"../../../Engine/Content/EngineMaterials/Substrate/Glints2/dict_0006_0162.uasset" 7110
"/Engine/EngineMaterials/Substrate/Glints2/dict_0006_0180" 7111
"/Engine/EngineMaterials/Substrate/Glints2/dict_0006_0181" 7112
"/Engine/EngineMaterials/Substrate/Glints2/dict_0006_0182" 7113
"/Engine/EngineMaterials/Substrate/Glints2/dict_0006_0183" 7114
"/Engine/EngineMaterials/Substrate/Glints2/dict_0006_0184" 7115
"/Engine/EngineMaterials/Substrate/Glints2/dict_0006_0185" 7116
"/Engine/EngineMaterials/Substrate/Glints2/dict_0006_0186" 7117
"/Engine/EngineMaterials/Substrate/Glints2/dict_0006_0187" 7118
"../../../Engine/Content/EngineMaterials/Substrate/Glints2/dict_0006_0155.uasset" 7119
"../../../Engine/Content/EngineMaterials/Substrate/Glints2/dict_0006_0152.uasset" 7120
"../../../Engine/Content/EngineMaterials/Substrate/Glints2/dict_0006_0151.uasset" 7121
"../../../Engine/Content/EngineMaterials/Substrate/Glints2/dict_0006_0153.uasset" 7122
"../../../Engine/Content/EngineMaterials/Substrate/Glints2/dict_0006_0148.uasset" 7123
"../../../Engine/Content/EngineMaterials/Substrate/Glints2/dict_0006_0147.uasset" 7124
"../../../Engine/Content/EngineMaterials/Substrate/Glints2/dict_0006_0149.uasset" 7125
"../../../Engine/Content/EngineMaterials/Substrate/Glints2/dict_0006_0154.uasset" 7126
"/Engine/EngineMaterials/Substrate/Glints2/dict_0006_0156" 7127
"../../../Engine/Content/EngineMaterials/Substrate/Glints2/dict_0006_0150.uasset" 7128
"/Engine/EngineMaterials/Substrate/Glints2/dict_0006_0157" 7129
"/Engine/EngineMaterials/Substrate/Glints2/dict_0006_0158" 7130
"/Engine/EngineMaterials/Substrate/Glints2/dict_0006_0159" 7131
"/Engine/EngineMaterials/Substrate/Glints2/dict_0006_0160" 7132
"/Engine/EngineMaterials/Substrate/Glints2/dict_0006_0161" 7133
"/Engine/EngineMaterials/Substrate/Glints2/dict_0006_0162" 7134
"/Engine/EngineMaterials/Substrate/Glints2/dict_0006_0163" 7135
"/Engine/EngineMaterials/Substrate/Glints2/dict_0006_0164" 7136
"/Engine/EngineMaterials/Substrate/Glints2/dict_0006_0165" 7137
"/Engine/EngineMaterials/Substrate/Glints2/dict_0006_0166" 7138
"/Engine/EngineMaterials/Substrate/Glints2/dict_0006_0167" 7139
"/Engine/EngineMaterials/Substrate/Glints2/dict_0006_0168" 7140
"/Engine/EngineMaterials/Substrate/Glints2/dict_0006_0169" 7141
"/Engine/EngineMaterials/Substrate/Glints2/dict_0006_0170" 7142
"/Engine/EngineMaterials/Substrate/Glints2/dict_0006_0171" 7143
"/Engine/EngineMaterials/Substrate/Glints2/dict_0006_0172" 7144
"/Engine/EngineMaterials/Substrate/Glints2/dict_0006_0173" 7145
"/Engine/EngineMaterials/Substrate/Glints2/dict_0006_0174" 7146
"/Engine/EngineMaterials/Substrate/Glints2/dict_0006_0175" 7147
"/Engine/EngineMaterials/Substrate/Glints2/dict_0006_0176" 7148
"/Engine/EngineMaterials/Substrate/Glints2/dict_0006_0177" 7149
"/Engine/EngineMaterials/Substrate/Glints2/dict_0006_0178" 7150
"../../../Engine/Content/EngineMaterials/Substrate/Glints2/dict_0006_0146.uasset" 7151
"../../../Engine/Content/EngineMaterials/Substrate/Glints2/dict_0006_0145.uasset" 7152
"/Engine/EngineMaterials/Substrate/Glints2/dict_0006_0147" 7153
"../../../Engine/Content/EngineMaterials/Substrate/Glints2/dict_0006_0144.uasset" 7154
"../../../Engine/Content/EngineMaterials/Substrate/Glints2/dict_0006_0135.uasset" 7155
"../../../Engine/Content/EngineMaterials/Substrate/Glints2/dict_0006_0134.uasset" 7156
"../../../Engine/Content/EngineMaterials/Substrate/Glints2/dict_0006_0143.uasset" 7157
"../../../Engine/Content/EngineMaterials/Substrate/Glints2/dict_0006_0132.uasset" 7158
"../../../Engine/Content/EngineMaterials/Substrate/Glints2/dict_0006_0131.uasset" 7159
"../../../Engine/Content/EngineMaterials/Substrate/Glints2/dict_0006_0142.uasset" 7160
"../../../Engine/Content/EngineMaterials/Substrate/Glints2/dict_0006_0138.uasset" 7161
"../../../Engine/Content/EngineMaterials/Substrate/Glints2/dict_0006_0130.uasset" 7162
"../../../Engine/Content/EngineMaterials/Substrate/Glints2/dict_0006_0136.uasset" 7163
"../../../Engine/Content/EngineMaterials/Substrate/Glints2/dict_0006_0133.uasset" 7164
"../../../Engine/Content/EngineMaterials/Substrate/Glints2/dict_0006_0128.uasset" 7165
"../../../Engine/Content/EngineMaterials/Substrate/Glints2/dict_0006_0140.uasset" 7166
"../../../Engine/Content/EngineMaterials/Substrate/Glints2/dict_0006_0137.uasset" 7167
"/Engine/EngineMaterials/Substrate/Glints2/dict_0006_0148" 7168
"../../../Engine/Content/EngineMaterials/Substrate/Glints2/dict_0006_0129.uasset" 7169
"../../../Engine/Content/EngineMaterials/Substrate/Glints2/dict_0006_0139.uasset" 7170
"../../../Engine/Content/EngineMaterials/Substrate/Glints2/dict_0006_0124.uasset" 7171
"../../../Engine/Content/EngineMaterials/Substrate/Glints2/dict_0006_0126.uasset" 7172
"../../../Engine/Content/EngineMaterials/Substrate/Glints2/dict_0006_0141.uasset" 7173
"../../../Engine/Content/EngineMaterials/Substrate/Glints2/dict_0006_0127.uasset" 7174
"../../../Engine/Content/EngineMaterials/Substrate/Glints2/dict_0006_0125.uasset" 7175
"/Engine/EngineMaterials/Substrate/Glints2/dict_0006_0149" 7176
"/Engine/EngineMaterials/Substrate/Glints2/dict_0006_0150" 7177
"/Engine/EngineMaterials/Substrate/Glints2/dict_0006_0151" 7178
"/Engine/EngineMaterials/Substrate/Glints2/dict_0006_0152" 7179
"/Engine/EngineMaterials/Substrate/Glints2/dict_0006_0153" 7180
"/Engine/EngineMaterials/Substrate/Glints2/dict_0006_0154" 7181
"/Engine/EngineMaterials/Substrate/Glints2/dict_0006_0155" 7182
"../../../Engine/Content/EngineMaterials/Substrate/Glints2/dict_0006_0122.uasset" 7183
"../../../Engine/Content/EngineMaterials/Substrate/Glints2/dict_0006_0123.uasset" 7184
"../../../Engine/Content/EngineMaterials/Substrate/Glints2/dict_0006_0120.uasset" 7185
"../../../Engine/Content/EngineMaterials/Substrate/Glints2/dict_0006_0121.uasset" 7186
"../../../Engine/Content/EngineMaterials/Substrate/Glints2/dict_0006_0119.uasset" 7187
"../../../Engine/Content/EngineMaterials/Substrate/Glints2/dict_0006_0118.uasset" 7188
"/Engine/EngineMaterials/Substrate/Glints2/dict_0006_0124" 7189
"../../../Engine/Content/EngineMaterials/Substrate/Glints2/dict_0006_0115.uasset" 7190
"../../../Engine/Content/EngineMaterials/Substrate/Glints2/dict_0006_0117.uasset" 7191
"../../../Engine/Content/EngineMaterials/Substrate/Glints2/dict_0006_0116.uasset" 7192
"/Engine/EngineMaterials/Substrate/Glints2/dict_0006_0125" 7193
"/Engine/EngineMaterials/Substrate/Glints2/dict_0006_0126" 7194
"/Engine/EngineMaterials/Substrate/Glints2/dict_0006_0127" 7195
"/Engine/EngineMaterials/Substrate/Glints2/dict_0006_0128" 7196
"/Engine/EngineMaterials/Substrate/Glints2/dict_0006_0129" 7197
"/Engine/EngineMaterials/Substrate/Glints2/dict_0006_0130" 7198
"/Engine/EngineMaterials/Substrate/Glints2/dict_0006_0131" 7199
"/Engine/EngineMaterials/Substrate/Glints2/dict_0006_0132" 7200
"/Engine/EngineMaterials/Substrate/Glints2/dict_0006_0133" 7201
"/Engine/EngineMaterials/Substrate/Glints2/dict_0006_0134" 7202
"/Engine/EngineMaterials/Substrate/Glints2/dict_0006_0135" 7203
"/Engine/EngineMaterials/Substrate/Glints2/dict_0006_0136" 7204
"/Engine/EngineMaterials/Substrate/Glints2/dict_0006_0137" 7205
"/Engine/EngineMaterials/Substrate/Glints2/dict_0006_0138" 7206
"/Engine/EngineMaterials/Substrate/Glints2/dict_0006_0139" 7207
"/Engine/EngineMaterials/Substrate/Glints2/dict_0006_0140" 7208
"/Engine/EngineMaterials/Substrate/Glints2/dict_0006_0141" 7209
"/Engine/EngineMaterials/Substrate/Glints2/dict_0006_0142" 7210
"/Engine/EngineMaterials/Substrate/Glints2/dict_0006_0143" 7211
"/Engine/EngineMaterials/Substrate/Glints2/dict_0006_0144" 7212
"/Engine/EngineMaterials/Substrate/Glints2/dict_0006_0145" 7213
"/Engine/EngineMaterials/Substrate/Glints2/dict_0006_0146" 7214
"../../../Engine/Content/EngineMaterials/Substrate/Glints2/dict_0006_0113.uasset" 7215
"../../../Engine/Content/EngineMaterials/Substrate/Glints2/dict_0006_0114.uasset" 7216
"../../../Engine/Content/EngineMaterials/Substrate/Glints2/dict_0006_0112.uasset" 7217
"../../../Engine/Content/EngineMaterials/Substrate/Glints2/dict_0006_0109.uasset" 7218
"../../../Engine/Content/EngineMaterials/Substrate/Glints2/dict_0006_0110.uasset" 7219
"../../../Engine/Content/EngineMaterials/Substrate/Glints2/dict_0006_0108.uasset" 7220
"../../../Engine/Content/EngineMaterials/Substrate/Glints2/dict_0006_0104.uasset" 7221
"../../../Engine/Content/EngineMaterials/Substrate/Glints2/dict_0006_0107.uasset" 7222
"/Engine/EngineMaterials/Substrate/Glints2/dict_0006_0115" 7223
"../../../Engine/Content/EngineMaterials/Substrate/Glints2/dict_0006_0102.uasset" 7224
"../../../Engine/Content/EngineMaterials/Substrate/Glints2/dict_0006_0101.uasset" 7225
"../../../Engine/Content/EngineMaterials/Substrate/Glints2/dict_0006_0100.uasset" 7226
"../../../Engine/Content/EngineMaterials/Substrate/Glints2/dict_0006_0099.uasset" 7227
"../../../Engine/Content/EngineMaterials/Substrate/Glints2/dict_0006_0098.uasset" 7228
"../../../Engine/Content/EngineMaterials/Substrate/Glints2/dict_0006_0096.uasset" 7229
"../../../Engine/Content/EngineMaterials/Substrate/Glints2/dict_0006_0095.uasset" 7230
"../../../Engine/Content/EngineMaterials/Substrate/Glints2/dict_0006_0111.uasset" 7231
"../../../Engine/Content/EngineMaterials/Substrate/Glints2/dict_0006_0092.uasset" 7232
"../../../Engine/Content/EngineMaterials/Substrate/Glints2/dict_0006_0105.uasset" 7233
"../../../Engine/Content/EngineMaterials/Substrate/Glints2/dict_0006_0093.uasset" 7234
"../../../Engine/Content/EngineMaterials/Substrate/Glints2/dict_0006_0103.uasset" 7235
"../../../Engine/Content/EngineMaterials/Substrate/Glints2/dict_0006_0106.uasset" 7236
"/Engine/EngineMaterials/Substrate/Glints2/dict_0006_0116" 7237
"../../../Engine/Content/EngineMaterials/Substrate/Glints2/dict_0006_0097.uasset" 7238
"../../../Engine/Content/EngineMaterials/Substrate/Glints2/dict_0006_0094.uasset" 7239
"/Engine/EngineMaterials/Substrate/Glints2/dict_0006_0117" 7240
"/Engine/EngineMaterials/Substrate/Glints2/dict_0006_0118" 7241
"/Engine/EngineMaterials/Substrate/Glints2/dict_0006_0119" 7242
"/Engine/EngineMaterials/Substrate/Glints2/dict_0006_0120" 7243
"/Engine/EngineMaterials/Substrate/Glints2/dict_0006_0121" 7244
"/Engine/EngineMaterials/Substrate/Glints2/dict_0006_0122" 7245
"/Engine/EngineMaterials/Substrate/Glints2/dict_0006_0123" 7246
"../../../Engine/Content/EngineMaterials/Substrate/Glints2/dict_0006_0089.uasset" 7247
"../../../Engine/Content/EngineMaterials/Substrate/Glints2/dict_0006_0090.uasset" 7248
"../../../Engine/Content/EngineMaterials/Substrate/Glints2/dict_0006_0087.uasset" 7249
"/Engine/EngineMaterials/Substrate/Glints2/dict_0006_0092" 7250
"../../../Engine/Content/EngineMaterials/Substrate/Glints2/dict_0006_0083.uasset" 7251
"../../../Engine/Content/EngineMaterials/Substrate/Glints2/dict_0006_0085.uasset" 7252
"../../../Engine/Content/EngineMaterials/Substrate/Glints2/dict_0006_0091.uasset" 7253
"../../../Engine/Content/EngineMaterials/Substrate/Glints2/dict_0006_0088.uasset" 7254
"../../../Engine/Content/EngineMaterials/Substrate/Glints2/dict_0006_0084.uasset" 7255
"/Engine/EngineMaterials/Substrate/Glints2/dict_0006_0093" 7256
"../../../Engine/Content/EngineMaterials/Substrate/Glints2/dict_0006_0086.uasset" 7257
"/Engine/EngineMaterials/Substrate/Glints2/dict_0006_0094" 7258
"/Engine/EngineMaterials/Substrate/Glints2/dict_0006_0095" 7259
"/Engine/EngineMaterials/Substrate/Glints2/dict_0006_0096" 7260
"/Engine/EngineMaterials/Substrate/Glints2/dict_0006_0097" 7261
"/Engine/EngineMaterials/Substrate/Glints2/dict_0006_0098" 7262
"/Engine/EngineMaterials/Substrate/Glints2/dict_0006_0099" 7263
"/Engine/EngineMaterials/Substrate/Glints2/dict_0006_0100" 7264
"/Engine/EngineMaterials/Substrate/Glints2/dict_0006_0101" 7265
"/Engine/EngineMaterials/Substrate/Glints2/dict_0006_0102" 7266
"/Engine/EngineMaterials/Substrate/Glints2/dict_0006_0103" 7267
"/Engine/EngineMaterials/Substrate/Glints2/dict_0006_0104" 7268
"/Engine/EngineMaterials/Substrate/Glints2/dict_0006_0105" 7269
"/Engine/EngineMaterials/Substrate/Glints2/dict_0006_0106" 7270
"/Engine/EngineMaterials/Substrate/Glints2/dict_0006_0107" 7271
"/Engine/EngineMaterials/Substrate/Glints2/dict_0006_0108" 7272
"/Engine/EngineMaterials/Substrate/Glints2/dict_0006_0109" 7273
"/Engine/EngineMaterials/Substrate/Glints2/dict_0006_0110" 7274
"/Engine/EngineMaterials/Substrate/Glints2/dict_0006_0111" 7275
"/Engine/EngineMaterials/Substrate/Glints2/dict_0006_0112" 7276
"/Engine/EngineMaterials/Substrate/Glints2/dict_0006_0113" 7277
"/Engine/EngineMaterials/Substrate/Glints2/dict_0006_0114" 7278
"/Engine/EngineMaterials/Substrate/Glints2/dict_0006_0089" 7279
"../../../Engine/Content/EngineMaterials/Substrate/Glints2/dict_0006_0082.uasset" 7280
"../../../Engine/Content/EngineMaterials/Substrate/Glints2/dict_0006_0081.uasset" 7281
"../../../Engine/Content/EngineMaterials/Substrate/Glints2/dict_0006_0077.uasset" 7282
"../../../Engine/Content/EngineMaterials/Substrate/Glints2/dict_0006_0075.uasset" 7283
"../../../Engine/Content/EngineMaterials/Substrate/Glints2/dict_0006_0073.uasset" 7284
"../../../Engine/Content/EngineMaterials/Substrate/Glints2/dict_0006_0072.uasset" 7285
"../../../Engine/Content/EngineMaterials/Substrate/Glints2/dict_0006_0070.uasset" 7286
"../../../Engine/Content/EngineMaterials/Substrate/Glints2/dict_0006_0069.uasset" 7287
"../../../Engine/Content/EngineMaterials/Substrate/Glints2/dict_0006_0078.uasset" 7288
"../../../Engine/Content/EngineMaterials/Substrate/Glints2/dict_0006_0074.uasset" 7289
"../../../Engine/Content/EngineMaterials/Substrate/Glints2/dict_0006_0071.uasset" 7290
"../../../Engine/Content/EngineMaterials/Substrate/Glints2/dict_0006_0068.uasset" 7291
"../../../Engine/Content/EngineMaterials/Substrate/Glints2/dict_0006_0067.uasset" 7292
"/Engine/EngineMaterials/Substrate/Glints2/dict_0006_0083" 7293
"../../../Engine/Content/EngineMaterials/Substrate/Glints2/dict_0006_0076.uasset" 7294
"../../../Engine/Content/EngineMaterials/Substrate/Glints2/dict_0006_0066.uasset" 7295
"../../../Engine/Content/EngineMaterials/Substrate/Glints2/dict_0006_0065.uasset" 7296
"../../../Engine/Content/EngineMaterials/Substrate/Glints2/dict_0006_0064.uasset" 7297
"../../../Engine/Content/EngineMaterials/Substrate/Glints2/dict_0006_0063.uasset" 7298
"../../../Engine/Content/EngineMaterials/Substrate/Glints2/dict_0006_0059.uasset" 7299
"../../../Engine/Content/EngineMaterials/Substrate/Glints2/dict_0006_0061.uasset" 7300
"../../../Engine/Content/EngineMaterials/Substrate/Glints2/dict_0006_0080.uasset" 7301
"../../../Engine/Content/EngineMaterials/Substrate/Glints2/dict_0006_0062.uasset" 7302
"../../../Engine/Content/EngineMaterials/Substrate/Glints2/dict_0006_0079.uasset" 7303
"../../../Engine/Content/EngineMaterials/Substrate/Glints2/dict_0006_0060.uasset" 7304
"/Engine/EngineMaterials/Substrate/Glints2/dict_0006_0084" 7305
"/Engine/EngineMaterials/Substrate/Glints2/dict_0006_0085" 7306
"/Engine/EngineMaterials/Substrate/Glints2/dict_0006_0086" 7307
"/Engine/EngineMaterials/Substrate/Glints2/dict_0006_0087" 7308
"/Engine/EngineMaterials/Substrate/Glints2/dict_0006_0088" 7309
"/Engine/EngineMaterials/Substrate/Glints2/dict_0006_0090" 7310
"/Engine/EngineMaterials/Substrate/Glints2/dict_0006_0091" 7311
"../../../Engine/Content/EngineMaterials/Substrate/Glints2/dict_0006_0058.uasset" 7312
"../../../Engine/Content/EngineMaterials/Substrate/Glints2/dict_0006_0055.uasset" 7313
"../../../Engine/Content/EngineMaterials/Substrate/Glints2/dict_0006_0053.uasset" 7314
"../../../Engine/Content/EngineMaterials/Substrate/Glints2/dict_0006_0054.uasset" 7315
"/Engine/EngineMaterials/Substrate/Glints2/dict_0006_0059" 7316
"../../../Engine/Content/EngineMaterials/Substrate/Glints2/dict_0006_0052.uasset" 7317
"../../../Engine/Content/EngineMaterials/Substrate/Glints2/dict_0006_0051.uasset" 7318
"../../../Engine/Content/EngineMaterials/Substrate/Glints2/dict_0006_0057.uasset" 7319
"../../../Engine/Content/EngineMaterials/Substrate/Glints2/dict_0006_0056.uasset" 7320
"/Engine/EngineMaterials/Substrate/Glints2/dict_0006_0060" 7321
"/Engine/EngineMaterials/Substrate/Glints2/dict_0006_0061" 7322
"/Engine/EngineMaterials/Substrate/Glints2/dict_0006_0062" 7323
"/Engine/EngineMaterials/Substrate/Glints2/dict_0006_0063" 7324
"/Engine/EngineMaterials/Substrate/Glints2/dict_0006_0064" 7325
"/Engine/EngineMaterials/Substrate/Glints2/dict_0006_0065" 7326
"/Engine/EngineMaterials/Substrate/Glints2/dict_0006_0066" 7327
"/Engine/EngineMaterials/Substrate/Glints2/dict_0006_0067" 7328
"/Engine/EngineMaterials/Substrate/Glints2/dict_0006_0068" 7329
"/Engine/EngineMaterials/Substrate/Glints2/dict_0006_0069" 7330
"/Engine/EngineMaterials/Substrate/Glints2/dict_0006_0070" 7331
"/Engine/EngineMaterials/Substrate/Glints2/dict_0006_0071" 7332
"/Engine/EngineMaterials/Substrate/Glints2/dict_0006_0072" 7333
"/Engine/EngineMaterials/Substrate/Glints2/dict_0006_0073" 7334
"/Engine/EngineMaterials/Substrate/Glints2/dict_0006_0074" 7335
"/Engine/EngineMaterials/Substrate/Glints2/dict_0006_0075" 7336
"/Engine/EngineMaterials/Substrate/Glints2/dict_0006_0076" 7337
"/Engine/EngineMaterials/Substrate/Glints2/dict_0006_0077" 7338
"/Engine/EngineMaterials/Substrate/Glints2/dict_0006_0078" 7339
"/Engine/EngineMaterials/Substrate/Glints2/dict_0006_0079" 7340
"/Engine/EngineMaterials/Substrate/Glints2/dict_0006_0080" 7341
"/Engine/EngineMaterials/Substrate/Glints2/dict_0006_0081" 7342
"/Engine/EngineMaterials/Substrate/Glints2/dict_0006_0082" 7343
"../../../Engine/Content/EngineMaterials/Substrate/Glints2/dict_0006_0049.uasset" 7344
"../../../Engine/Content/EngineMaterials/Substrate/Glints2/dict_0006_0045.uasset" 7345
"../../../Engine/Content/EngineMaterials/Substrate/Glints2/dict_0006_0044.uasset" 7346
"../../../Engine/Content/EngineMaterials/Substrate/Glints2/dict_0006_0048.uasset" 7347
"/Engine/EngineMaterials/Substrate/Glints2/dict_0006_0051" 7348
"../../../Engine/Content/EngineMaterials/Substrate/Glints2/dict_0006_0040.uasset" 7349
"../../../Engine/Content/EngineMaterials/Substrate/Glints2/dict_0006_0042.uasset" 7350
"../../../Engine/Content/EngineMaterials/Substrate/Glints2/dict_0006_0041.uasset" 7351
"../../../Engine/Content/EngineMaterials/Substrate/Glints2/dict_0006_0038.uasset" 7352
"../../../Engine/Content/EngineMaterials/Substrate/Glints2/dict_0006_0036.uasset" 7353
"../../../Engine/Content/EngineMaterials/Substrate/Glints2/dict_0006_0035.uasset" 7354
"../../../Engine/Content/EngineMaterials/Substrate/Glints2/dict_0006_0046.uasset" 7355
"../../../Engine/Content/EngineMaterials/Substrate/Glints2/dict_0006_0037.uasset" 7356
"../../../Engine/Content/EngineMaterials/Substrate/Glints2/dict_0006_0043.uasset" 7357
"../../../Engine/Content/EngineMaterials/Substrate/Glints2/dict_0006_0033.uasset" 7358
"../../../Engine/Content/EngineMaterials/Substrate/Glints2/dict_0006_0032.uasset" 7359
"../../../Engine/Content/EngineMaterials/Substrate/Glints2/dict_0006_0039.uasset" 7360
"../../../Engine/Content/EngineMaterials/Substrate/Glints2/dict_0006_0031.uasset" 7361
"../../../Engine/Content/EngineMaterials/Substrate/Glints2/dict_0006_0030.uasset" 7362
"../../../Engine/Content/EngineMaterials/Substrate/Glints2/dict_0006_0028.uasset" 7363
"../../../Engine/Content/EngineMaterials/Substrate/Glints2/dict_0006_0029.uasset" 7364
"../../../Engine/Content/EngineMaterials/Substrate/Glints2/dict_0006_0027.uasset" 7365
"../../../Engine/Content/EngineMaterials/Substrate/Glints2/dict_0006_0034.uasset" 7366
"../../../Engine/Content/EngineMaterials/Substrate/Glints2/dict_0006_0047.uasset" 7367
"/Engine/EngineMaterials/Substrate/Glints2/dict_0006_0052" 7368
"../../../Engine/Content/EngineMaterials/Substrate/Glints2/dict_0006_0050.uasset" 7369
"/Engine/EngineMaterials/Substrate/Glints2/dict_0006_0053" 7370
"/Engine/EngineMaterials/Substrate/Glints2/dict_0006_0054" 7371
"/Engine/EngineMaterials/Substrate/Glints2/dict_0006_0055" 7372
"/Engine/EngineMaterials/Substrate/Glints2/dict_0006_0056" 7373
"/Engine/EngineMaterials/Substrate/Glints2/dict_0006_0057" 7374
"/Engine/EngineMaterials/Substrate/Glints2/dict_0006_0058" 7375
"../../../Engine/Content/EngineMaterials/Substrate/Glints2/dict_0006_0022.uasset" 7376
"../../../Engine/Content/EngineMaterials/Substrate/Glints2/dict_0006_0024.uasset" 7377
"/Engine/EngineMaterials/Substrate/Glints2/dict_0006_0027" 7378
"../../../Engine/Content/EngineMaterials/Substrate/Glints2/dict_0006_0025.uasset" 7379
"../../../Engine/Content/EngineMaterials/Substrate/Glints2/dict_0006_0021.uasset" 7380
"../../../Engine/Content/EngineMaterials/Substrate/Glints2/dict_0006_0026.uasset" 7381
"../../../Engine/Content/EngineMaterials/Substrate/Glints2/dict_0006_0019.uasset" 7382
"../../../Engine/Content/EngineMaterials/Substrate/Glints2/dict_0006_0023.uasset" 7383
"../../../Engine/Content/EngineMaterials/Substrate/Glints2/dict_0006_0020.uasset" 7384
"/Engine/EngineMaterials/Substrate/Glints2/dict_0006_0028" 7385
"/Engine/EngineMaterials/Substrate/Glints2/dict_0006_0029" 7386
"/Engine/EngineMaterials/Substrate/Glints2/dict_0006_0030" 7387
"/Engine/EngineMaterials/Substrate/Glints2/dict_0006_0031" 7388
"/Engine/EngineMaterials/Substrate/Glints2/dict_0006_0032" 7389
"/Engine/EngineMaterials/Substrate/Glints2/dict_0006_0033" 7390
"/Engine/EngineMaterials/Substrate/Glints2/dict_0006_0034" 7391
"/Engine/EngineMaterials/Substrate/Glints2/dict_0006_0035" 7392
"/Engine/EngineMaterials/Substrate/Glints2/dict_0006_0036" 7393
"/Engine/EngineMaterials/Substrate/Glints2/dict_0006_0037" 7394
"/Engine/EngineMaterials/Substrate/Glints2/dict_0006_0038" 7395
"/Engine/EngineMaterials/Substrate/Glints2/dict_0006_0039" 7396
"/Engine/EngineMaterials/Substrate/Glints2/dict_0006_0040" 7397
"/Engine/EngineMaterials/Substrate/Glints2/dict_0006_0041" 7398
"/Engine/EngineMaterials/Substrate/Glints2/dict_0006_0042" 7399
"/Engine/EngineMaterials/Substrate/Glints2/dict_0006_0043" 7400
"/Engine/EngineMaterials/Substrate/Glints2/dict_0006_0044" 7401
"/Engine/EngineMaterials/Substrate/Glints2/dict_0006_0045" 7402
"/Engine/EngineMaterials/Substrate/Glints2/dict_0006_0046" 7403
"/Engine/EngineMaterials/Substrate/Glints2/dict_0006_0047" 7404
"/Engine/EngineMaterials/Substrate/Glints2/dict_0006_0048" 7405
"/Engine/EngineMaterials/Substrate/Glints2/dict_0006_0049" 7406
"/Engine/EngineMaterials/Substrate/Glints2/dict_0006_0050" 7407
"../../../Engine/Content/EngineMaterials/Substrate/Glints2/dict_0006_0015.uasset" 7408
"../../../Engine/Content/EngineMaterials/Substrate/Glints2/dict_0006_0014.uasset" 7409
"../../../Engine/Content/EngineMaterials/Substrate/Glints2/dict_0006_0007.uasset" 7410
"../../../Engine/Content/EngineMaterials/Substrate/Glints2/dict_0006_0005.uasset" 7411
"../../../Engine/Content/EngineMaterials/Substrate/Glints2/dict_0006_0006.uasset" 7412
"../../../Engine/Content/EngineMaterials/Substrate/Glints2/dict_0006_0018.uasset" 7413
"../../../Engine/Content/EngineMaterials/Substrate/Glints2/dict_0006_0016.uasset" 7414
"/Engine/EngineMaterials/Substrate/Glints2/dict_0006_0019" 7415
"../../../Engine/Content/EngineMaterials/Substrate/Glints2/dict_0006_0017.uasset" 7416
"../../../Engine/Content/EngineMaterials/Substrate/Glints2/dict_0006_0003.uasset" 7417
"../../../Engine/Content/EngineMaterials/Substrate/Glints2/dict_0006_0002.uasset" 7418
"../../../Engine/Content/EngineMaterials/Substrate/Glints2/dict_0006_0013.uasset" 7419
"../../../Engine/Content/EngineMaterials/Substrate/Glints2/dict_0006_0001.uasset" 7420
"../../../Engine/Content/EngineMaterials/Substrate/Glints2/dict_0005_0255.uasset" 7421
"../../../Engine/Content/EngineMaterials/Substrate/Glints2/dict_0005_0254.uasset" 7422
"../../../Engine/Content/EngineMaterials/Substrate/Glints2/dict_0006_0012.uasset" 7423
"../../../Engine/Content/EngineMaterials/Substrate/Glints2/dict_0005_0252.uasset" 7424
"../../../Engine/Content/EngineMaterials/Substrate/Glints2/dict_0006_0008.uasset" 7425
"../../../Engine/Content/EngineMaterials/Substrate/Glints2/dict_0005_0253.uasset" 7426
"../../../Engine/Content/EngineMaterials/Substrate/Glints2/dict_0006_0011.uasset" 7427
"../../../Engine/Content/EngineMaterials/Substrate/Glints2/dict_0006_0010.uasset" 7428
"../../../Engine/Content/EngineMaterials/Substrate/Glints2/dict_0005_0251.uasset" 7429
"../../../Engine/Content/EngineMaterials/Substrate/Glints2/dict_0006_0000.uasset" 7430
"../../../Engine/Content/EngineMaterials/Substrate/Glints2/dict_0006_0004.uasset" 7431
"../../../Engine/Content/EngineMaterials/Substrate/Glints2/dict_0006_0009.uasset" 7432
"/Engine/EngineMaterials/Substrate/Glints2/dict_0006_0020" 7433
"/Engine/EngineMaterials/Substrate/Glints2/dict_0006_0021" 7434
"/Engine/EngineMaterials/Substrate/Glints2/dict_0006_0022" 7435
"/Engine/EngineMaterials/Substrate/Glints2/dict_0006_0023" 7436
"/Engine/EngineMaterials/Substrate/Glints2/dict_0006_0024" 7437
"/Engine/EngineMaterials/Substrate/Glints2/dict_0006_0025" 7438
"/Engine/EngineMaterials/Substrate/Glints2/dict_0006_0026" 7439
"../../../Engine/Content/EngineMaterials/Substrate/Glints2/dict_0005_0247.uasset" 7440
"../../../Engine/Content/EngineMaterials/Substrate/Glints2/dict_0005_0245.uasset" 7441
"/Engine/EngineMaterials/Substrate/Glints2/dict_0005_0251" 7442
"../../../Engine/Content/EngineMaterials/Substrate/Glints2/dict_0005_0248.uasset" 7443
"../../../Engine/Content/EngineMaterials/Substrate/Glints2/dict_0005_0246.uasset" 7444
"../../../Engine/Content/EngineMaterials/Substrate/Glints2/dict_0005_0250.uasset" 7445
"../../../Engine/Content/EngineMaterials/Substrate/Glints2/dict_0005_0249.uasset" 7446
"../../../Engine/Content/EngineMaterials/Substrate/Glints2/dict_0005_0243.uasset" 7447
"../../../Engine/Content/EngineMaterials/Substrate/Glints2/dict_0005_0244.uasset" 7448
"/Engine/EngineMaterials/Substrate/Glints2/dict_0005_0252" 7449
"/Engine/EngineMaterials/Substrate/Glints2/dict_0005_0253" 7450
"/Engine/EngineMaterials/Substrate/Glints2/dict_0005_0254" 7451
"/Engine/EngineMaterials/Substrate/Glints2/dict_0005_0255" 7452
"/Engine/EngineMaterials/Substrate/Glints2/dict_0006_0000" 7453
"/Engine/EngineMaterials/Substrate/Glints2/dict_0006_0001" 7454
"/Engine/EngineMaterials/Substrate/Glints2/dict_0006_0002" 7455
"/Engine/EngineMaterials/Substrate/Glints2/dict_0006_0003" 7456
"/Engine/EngineMaterials/Substrate/Glints2/dict_0006_0004" 7457
"/Engine/EngineMaterials/Substrate/Glints2/dict_0006_0005" 7458
"/Engine/EngineMaterials/Substrate/Glints2/dict_0006_0006" 7459
"/Engine/EngineMaterials/Substrate/Glints2/dict_0006_0007" 7460
"/Engine/EngineMaterials/Substrate/Glints2/dict_0006_0008" 7461
"/Engine/EngineMaterials/Substrate/Glints2/dict_0006_0009" 7462
"/Engine/EngineMaterials/Substrate/Glints2/dict_0006_0010" 7463
"/Engine/EngineMaterials/Substrate/Glints2/dict_0006_0011" 7464
"/Engine/EngineMaterials/Substrate/Glints2/dict_0006_0012" 7465
"/Engine/EngineMaterials/Substrate/Glints2/dict_0006_0013" 7466
"/Engine/EngineMaterials/Substrate/Glints2/dict_0006_0014" 7467
"/Engine/EngineMaterials/Substrate/Glints2/dict_0006_0015" 7468
"/Engine/EngineMaterials/Substrate/Glints2/dict_0006_0016" 7469
"/Engine/EngineMaterials/Substrate/Glints2/dict_0006_0017" 7470
"/Engine/EngineMaterials/Substrate/Glints2/dict_0006_0018" 7471
"../../../Engine/Content/EngineMaterials/Substrate/Glints2/dict_0005_0242.uasset" 7472
"../../../Engine/Content/EngineMaterials/Substrate/Glints2/dict_0005_0241.uasset" 7473
"../../../Engine/Content/EngineMaterials/Substrate/Glints2/dict_0005_0240.uasset" 7474
"/Engine/EngineMaterials/Substrate/Glints2/dict_0005_0243" 7475
"../../../Engine/Content/EngineMaterials/Substrate/Glints2/dict_0005_0237.uasset" 7476
"../../../Engine/Content/EngineMaterials/Substrate/Glints2/dict_0005_0228.uasset" 7477
"../../../Engine/Content/EngineMaterials/Substrate/Glints2/dict_0005_0229.uasset" 7478
"../../../Engine/Content/EngineMaterials/Substrate/Glints2/dict_0005_0233.uasset" 7479
"../../../Engine/Content/EngineMaterials/Substrate/Glints2/dict_0005_0226.uasset" 7480
"../../../Engine/Content/EngineMaterials/Substrate/Glints2/dict_0005_0230.uasset" 7481
"../../../Engine/Content/EngineMaterials/Substrate/Glints2/dict_0005_0224.uasset" 7482
"../../../Engine/Content/EngineMaterials/Substrate/Glints2/dict_0005_0232.uasset" 7483
"/Engine/EngineMaterials/Substrate/Glints2/dict_0005_0244" 7484
"../../../Engine/Content/EngineMaterials/Substrate/Glints2/dict_0005_0222.uasset" 7485
"../../../Engine/Content/EngineMaterials/Substrate/Glints2/dict_0005_0231.uasset" 7486
"../../../Engine/Content/EngineMaterials/Substrate/Glints2/dict_0005_0220.uasset" 7487
"../../../Engine/Content/EngineMaterials/Substrate/Glints2/dict_0005_0239.uasset" 7488
"../../../Engine/Content/EngineMaterials/Substrate/Glints2/dict_0005_0235.uasset" 7489
"../../../Engine/Content/EngineMaterials/Substrate/Glints2/dict_0005_0225.uasset" 7490
"../../../Engine/Content/EngineMaterials/Substrate/Glints2/dict_0005_0219.uasset" 7491
"../../../Engine/Content/EngineMaterials/Substrate/Glints2/dict_0005_0221.uasset" 7492
"../../../Engine/Content/EngineMaterials/Substrate/Glints2/dict_0005_0223.uasset" 7493
"../../../Engine/Content/EngineMaterials/Substrate/Glints2/dict_0005_0234.uasset" 7494
"../../../Engine/Content/EngineMaterials/Substrate/Glints2/dict_0005_0236.uasset" 7495
"../../../Engine/Content/EngineMaterials/Substrate/Glints2/dict_0005_0238.uasset" 7496
"../../../Engine/Content/EngineMaterials/Substrate/Glints2/dict_0005_0227.uasset" 7497
"/Engine/EngineMaterials/Substrate/Glints2/dict_0005_0245" 7498
"/Engine/EngineMaterials/Substrate/Glints2/dict_0005_0246" 7499
"/Engine/EngineMaterials/Substrate/Glints2/dict_0005_0247" 7500
"/Engine/EngineMaterials/Substrate/Glints2/dict_0005_0248" 7501
"/Engine/EngineMaterials/Substrate/Glints2/dict_0005_0249" 7502
"/Engine/EngineMaterials/Substrate/Glints2/dict_0005_0250" 7503
"../../../Engine/Content/EngineMaterials/Substrate/Glints2/dict_0005_0217.uasset" 7504
"../../../Engine/Content/EngineMaterials/Substrate/Glints2/dict_0005_0218.uasset" 7505
"/Engine/EngineMaterials/Substrate/Glints2/dict_0005_0219" 7506
"../../../Engine/Content/EngineMaterials/Substrate/Glints2/dict_0005_0215.uasset" 7507
"../../../Engine/Content/EngineMaterials/Substrate/Glints2/dict_0005_0216.uasset" 7508
"../../../Engine/Content/EngineMaterials/Substrate/Glints2/dict_0005_0211.uasset" 7509
"../../../Engine/Content/EngineMaterials/Substrate/Glints2/dict_0005_0213.uasset" 7510
"../../../Engine/Content/EngineMaterials/Substrate/Glints2/dict_0005_0214.uasset" 7511
"../../../Engine/Content/EngineMaterials/Substrate/Glints2/dict_0005_0212.uasset" 7512
"/Engine/EngineMaterials/Substrate/Glints2/dict_0005_0220" 7513
"/Engine/EngineMaterials/Substrate/Glints2/dict_0005_0221" 7514
"/Engine/EngineMaterials/Substrate/Glints2/dict_0005_0222" 7515
"/Engine/EngineMaterials/Substrate/Glints2/dict_0005_0223" 7516
"/Engine/EngineMaterials/Substrate/Glints2/dict_0005_0224" 7517
"/Engine/EngineMaterials/Substrate/Glints2/dict_0005_0225" 7518
"/Engine/EngineMaterials/Substrate/Glints2/dict_0005_0226" 7519
"/Engine/EngineMaterials/Substrate/Glints2/dict_0005_0227" 7520
"/Engine/EngineMaterials/Substrate/Glints2/dict_0005_0228" 7521
"/Engine/EngineMaterials/Substrate/Glints2/dict_0005_0229" 7522
"/Engine/EngineMaterials/Substrate/Glints2/dict_0005_0230" 7523
"/Engine/EngineMaterials/Substrate/Glints2/dict_0005_0231" 7524
"/Engine/EngineMaterials/Substrate/Glints2/dict_0005_0232" 7525
"/Engine/EngineMaterials/Substrate/Glints2/dict_0005_0233" 7526
"/Engine/EngineMaterials/Substrate/Glints2/dict_0005_0234" 7527
"/Engine/EngineMaterials/Substrate/Glints2/dict_0005_0235" 7528
"/Engine/EngineMaterials/Substrate/Glints2/dict_0005_0236" 7529
"/Engine/EngineMaterials/Substrate/Glints2/dict_0005_0237" 7530
"/Engine/EngineMaterials/Substrate/Glints2/dict_0005_0238" 7531
"/Engine/EngineMaterials/Substrate/Glints2/dict_0005_0239" 7532
"/Engine/EngineMaterials/Substrate/Glints2/dict_0005_0240" 7533
"/Engine/EngineMaterials/Substrate/Glints2/dict_0005_0241" 7534
"/Engine/EngineMaterials/Substrate/Glints2/dict_0005_0242" 7535
"../../../Engine/Content/EngineMaterials/Substrate/Glints2/dict_0005_0210.uasset" 7536
"../../../Engine/Content/EngineMaterials/Substrate/Glints2/dict_0005_0209.uasset" 7537
"../../../Engine/Content/EngineMaterials/Substrate/Glints2/dict_0005_0207.uasset" 7538
"../../../Engine/Content/EngineMaterials/Substrate/Glints2/dict_0005_0205.uasset" 7539
"../../../Engine/Content/EngineMaterials/Substrate/Glints2/dict_0005_0208.uasset" 7540
"../../../Engine/Content/EngineMaterials/Substrate/Glints2/dict_0005_0203.uasset" 7541
"../../../Engine/Content/EngineMaterials/Substrate/Glints2/dict_0005_0198.uasset" 7542
"../../../Engine/Content/EngineMaterials/Substrate/Glints2/dict_0005_0197.uasset" 7543
"/Engine/EngineMaterials/Substrate/Glints2/dict_0005_0211" 7544
"../../../Engine/Content/EngineMaterials/Substrate/Glints2/dict_0005_0196.uasset" 7545
"../../../Engine/Content/EngineMaterials/Substrate/Glints2/dict_0005_0200.uasset" 7546
"../../../Engine/Content/EngineMaterials/Substrate/Glints2/dict_0005_0194.uasset" 7547
"../../../Engine/Content/EngineMaterials/Substrate/Glints2/dict_0005_0191.uasset" 7548
"../../../Engine/Content/EngineMaterials/Substrate/Glints2/dict_0005_0192.uasset" 7549
"../../../Engine/Content/EngineMaterials/Substrate/Glints2/dict_0005_0190.uasset" 7550
"../../../Engine/Content/EngineMaterials/Substrate/Glints2/dict_0005_0195.uasset" 7551
"../../../Engine/Content/EngineMaterials/Substrate/Glints2/dict_0005_0206.uasset" 7552
"../../../Engine/Content/EngineMaterials/Substrate/Glints2/dict_0005_0204.uasset" 7553
"../../../Engine/Content/EngineMaterials/Substrate/Glints2/dict_0005_0202.uasset" 7554
"../../../Engine/Content/EngineMaterials/Substrate/Glints2/dict_0005_0188.uasset" 7555
"../../../Engine/Content/EngineMaterials/Substrate/Glints2/dict_0005_0201.uasset" 7556
"../../../Engine/Content/EngineMaterials/Substrate/Glints2/dict_0005_0189.uasset" 7557
"../../../Engine/Content/EngineMaterials/Substrate/Glints2/dict_0005_0193.uasset" 7558
"/Engine/EngineMaterials/Substrate/Glints2/dict_0005_0212" 7559
"../../../Engine/Content/EngineMaterials/Substrate/Glints2/dict_0005_0187.uasset" 7560
"../../../Engine/Content/EngineMaterials/Substrate/Glints2/dict_0005_0199.uasset" 7561
"/Engine/EngineMaterials/Substrate/Glints2/dict_0005_0213" 7562
"/Engine/EngineMaterials/Substrate/Glints2/dict_0005_0214" 7563
"/Engine/EngineMaterials/Substrate/Glints2/dict_0005_0215" 7564
"/Engine/EngineMaterials/Substrate/Glints2/dict_0005_0216" 7565
"/Engine/EngineMaterials/Substrate/Glints2/dict_0005_0210" 7566
"/Engine/EngineMaterials/Substrate/Glints2/dict_0005_0217" 7567
"/Engine/EngineMaterials/Substrate/Glints2/dict_0005_0218" 7568
"../../../Engine/Content/EngineMaterials/Substrate/Glints2/dict_0005_0186.uasset" 7569
"../../../Engine/Content/EngineMaterials/Substrate/Glints2/dict_0005_0185.uasset" 7570
"../../../Engine/Content/EngineMaterials/Substrate/Glints2/dict_0005_0183.uasset" 7571
"../../../Engine/Content/EngineMaterials/Substrate/Glints2/dict_0005_0180.uasset" 7572
"../../../Engine/Content/EngineMaterials/Substrate/Glints2/dict_0005_0182.uasset" 7573
"../../../Engine/Content/EngineMaterials/Substrate/Glints2/dict_0005_0179.uasset" 7574
"../../../Engine/Content/EngineMaterials/Substrate/Glints2/dict_0005_0184.uasset" 7575
"/Engine/EngineMaterials/Substrate/Glints2/dict_0005_0187" 7576
"../../../Engine/Content/EngineMaterials/Substrate/Glints2/dict_0005_0181.uasset" 7577
"../../../Engine/Content/EngineMaterials/Substrate/Glints2/dict_0005_0178.uasset" 7578
"/Engine/EngineMaterials/Substrate/Glints2/dict_0005_0188" 7579
"/Engine/EngineMaterials/Substrate/Glints2/dict_0005_0189" 7580
"/Engine/EngineMaterials/Substrate/Glints2/dict_0005_0190" 7581
"/Engine/EngineMaterials/Substrate/Glints2/dict_0005_0191" 7582
"/Engine/EngineMaterials/Substrate/Glints2/dict_0005_0192" 7583
"/Engine/EngineMaterials/Substrate/Glints2/dict_0005_0193" 7584
"/Engine/EngineMaterials/Substrate/Glints2/dict_0005_0194" 7585
"/Engine/EngineMaterials/Substrate/Glints2/dict_0005_0195" 7586
"/Engine/EngineMaterials/Substrate/Glints2/dict_0005_0196" 7587
"/Engine/EngineMaterials/Substrate/Glints2/dict_0005_0197" 7588
"/Engine/EngineMaterials/Substrate/Glints2/dict_0005_0198" 7589
"/Engine/EngineMaterials/Substrate/Glints2/dict_0005_0199" 7590
"/Engine/EngineMaterials/Substrate/Glints2/dict_0005_0200" 7591
"/Engine/EngineMaterials/Substrate/Glints2/dict_0005_0201" 7592
"/Engine/EngineMaterials/Substrate/Glints2/dict_0005_0202" 7593
"/Engine/EngineMaterials/Substrate/Glints2/dict_0005_0203" 7594
"/Engine/EngineMaterials/Substrate/Glints2/dict_0005_0204" 7595
"/Engine/EngineMaterials/Substrate/Glints2/dict_0005_0205" 7596
"/Engine/EngineMaterials/Substrate/Glints2/dict_0005_0206" 7597
"/Engine/EngineMaterials/Substrate/Glints2/dict_0005_0207" 7598
"/Engine/EngineMaterials/Substrate/Glints2/dict_0005_0208" 7599
"/Engine/EngineMaterials/Substrate/Glints2/dict_0005_0209" 7600
"../../../Engine/Content/EngineMaterials/Substrate/Glints2/dict_0005_0177.uasset" 7601
"../../../Engine/Content/EngineMaterials/Substrate/Glints2/dict_0005_0176.uasset" 7602
"../../../Engine/Content/EngineMaterials/Substrate/Glints2/dict_0005_0172.uasset" 7603
"/Engine/EngineMaterials/Substrate/Glints2/dict_0005_0178" 7604
"../../../Engine/Content/EngineMaterials/Substrate/Glints2/dict_0005_0164.uasset" 7605
"../../../Engine/Content/EngineMaterials/Substrate/Glints2/dict_0005_0173.uasset" 7606
"../../../Engine/Content/EngineMaterials/Substrate/Glints2/dict_0005_0162.uasset" 7607
"../../../Engine/Content/EngineMaterials/Substrate/Glints2/dict_0005_0161.uasset" 7608
"../../../Engine/Content/EngineMaterials/Substrate/Glints2/dict_0005_0174.uasset" 7609
"../../../Engine/Content/EngineMaterials/Substrate/Glints2/dict_0005_0170.uasset" 7610
"../../../Engine/Content/EngineMaterials/Substrate/Glints2/dict_0005_0165.uasset" 7611
"../../../Engine/Content/EngineMaterials/Substrate/Glints2/dict_0005_0158.uasset" 7612
"../../../Engine/Content/EngineMaterials/Substrate/Glints2/dict_0005_0159.uasset" 7613
"../../../Engine/Content/EngineMaterials/Substrate/Glints2/dict_0005_0169.uasset" 7614
"../../../Engine/Content/EngineMaterials/Substrate/Glints2/dict_0005_0160.uasset" 7615
"/Engine/EngineMaterials/Substrate/Glints2/dict_0005_0179" 7616
"../../../Engine/Content/EngineMaterials/Substrate/Glints2/dict_0005_0171.uasset" 7617
"../../../Engine/Content/EngineMaterials/Substrate/Glints2/dict_0005_0156.uasset" 7618
"../../../Engine/Content/EngineMaterials/Substrate/Glints2/dict_0005_0155.uasset" 7619
"/Engine/EngineMaterials/Substrate/Glints2/dict_0005_0180" 7620
"../../../Engine/Content/EngineMaterials/Substrate/Glints2/dict_0005_0168.uasset" 7621
"../../../Engine/Content/EngineMaterials/Substrate/Glints2/dict_0005_0166.uasset" 7622
"/Engine/EngineMaterials/Substrate/Glints2/dict_0005_0181" 7623
"../../../Engine/Content/EngineMaterials/Substrate/Glints2/dict_0005_0175.uasset" 7624
"../../../Engine/Content/EngineMaterials/Substrate/Glints2/dict_0005_0163.uasset" 7625
"../../../Engine/Content/EngineMaterials/Substrate/Glints2/dict_0005_0157.uasset" 7626
"../../../Engine/Content/EngineMaterials/Substrate/Glints2/dict_0005_0167.uasset" 7627
"/Engine/EngineMaterials/Substrate/Glints2/dict_0005_0182" 7628
"/Engine/EngineMaterials/Substrate/Glints2/dict_0005_0183" 7629
"/Engine/EngineMaterials/Substrate/Glints2/dict_0005_0184" 7630
"/Engine/EngineMaterials/Substrate/Glints2/dict_0005_0185" 7631
"/Engine/EngineMaterials/Substrate/Glints2/dict_0005_0186" 7632
"../../../Engine/Content/EngineMaterials/Substrate/Glints2/dict_0005_0154.uasset" 7633
"../../../Engine/Content/EngineMaterials/Substrate/Glints2/dict_0005_0153.uasset" 7634
"../../../Engine/Content/EngineMaterials/Substrate/Glints2/dict_0005_0152.uasset" 7635
"../../../Engine/Content/EngineMaterials/Substrate/Glints2/dict_0005_0151.uasset" 7636
"../../../Engine/Content/EngineMaterials/Substrate/Glints2/dict_0005_0148.uasset" 7637
"../../../Engine/Content/EngineMaterials/Substrate/Glints2/dict_0005_0150.uasset" 7638
"../../../Engine/Content/EngineMaterials/Substrate/Glints2/dict_0005_0147.uasset" 7639
"../../../Engine/Content/EngineMaterials/Substrate/Glints2/dict_0005_0149.uasset" 7640
"/Engine/EngineMaterials/Substrate/Glints2/dict_0005_0155" 7641
"../../../Engine/Content/EngineMaterials/Substrate/Glints2/dict_0005_0146.uasset" 7642
"/Engine/EngineMaterials/Substrate/Glints2/dict_0005_0156" 7643
"/Engine/EngineMaterials/Substrate/Glints2/dict_0005_0157" 7644
"/Engine/EngineMaterials/Substrate/Glints2/dict_0005_0158" 7645
"/Engine/EngineMaterials/Substrate/Glints2/dict_0005_0159" 7646
"/Engine/EngineMaterials/Substrate/Glints2/dict_0005_0160" 7647
"/Engine/EngineMaterials/Substrate/Glints2/dict_0005_0161" 7648
"/Engine/EngineMaterials/Substrate/Glints2/dict_0005_0162" 7649
"/Engine/EngineMaterials/Substrate/Glints2/dict_0005_0163" 7650
"/Engine/EngineMaterials/Substrate/Glints2/dict_0005_0164" 7651
"/Engine/EngineMaterials/Substrate/Glints2/dict_0005_0165" 7652
"/Engine/EngineMaterials/Substrate/Glints2/dict_0005_0166" 7653
"/Engine/EngineMaterials/Substrate/Glints2/dict_0005_0167" 7654
"/Engine/EngineMaterials/Substrate/Glints2/dict_0005_0168" 7655
"/Engine/EngineMaterials/Substrate/Glints2/dict_0005_0169" 7656
"/Engine/EngineMaterials/Substrate/Glints2/dict_0005_0170" 7657
"/Engine/EngineMaterials/Substrate/Glints2/dict_0005_0171" 7658
"/Engine/EngineMaterials/Substrate/Glints2/dict_0005_0172" 7659
"/Engine/EngineMaterials/Substrate/Glints2/dict_0005_0173" 7660
"/Engine/EngineMaterials/Substrate/Glints2/dict_0005_0174" 7661
"/Engine/EngineMaterials/Substrate/Glints2/dict_0005_0175" 7662
"/Engine/EngineMaterials/Substrate/Glints2/dict_0005_0176" 7663
"/Engine/EngineMaterials/Substrate/Glints2/dict_0005_0177" 7664
"../../../Engine/Content/EngineMaterials/Substrate/Glints2/dict_0005_0145.uasset" 7665
"../../../Engine/Content/EngineMaterials/Substrate/Glints2/dict_0005_0139.uasset" 7666
"../../../Engine/Content/EngineMaterials/Substrate/Glints2/dict_0005_0137.uasset" 7667
"../../../Engine/Content/EngineMaterials/Substrate/Glints2/dict_0005_0143.uasset" 7668
"../../../Engine/Content/EngineMaterials/Substrate/Glints2/dict_0005_0141.uasset" 7669
"../../../Engine/Content/EngineMaterials/Substrate/Glints2/dict_0005_0135.uasset" 7670
"../../../Engine/Content/EngineMaterials/Substrate/Glints2/dict_0005_0134.uasset" 7671
"../../../Engine/Content/EngineMaterials/Substrate/Glints2/dict_0005_0136.uasset" 7672
"/Engine/EngineMaterials/Substrate/Glints2/dict_0005_0146" 7673
"../../../Engine/Content/EngineMaterials/Substrate/Glints2/dict_0005_0133.uasset" 7674
"../../../Engine/Content/EngineMaterials/Substrate/Glints2/dict_0005_0132.uasset" 7675
"../../../Engine/Content/EngineMaterials/Substrate/Glints2/dict_0005_0131.uasset" 7676
"../../../Engine/Content/EngineMaterials/Substrate/Glints2/dict_0005_0130.uasset" 7677
"../../../Engine/Content/EngineMaterials/Substrate/Glints2/dict_0005_0129.uasset" 7678
"../../../Engine/Content/EngineMaterials/Substrate/Glints2/dict_0005_0128.uasset" 7679
"../../../Engine/Content/EngineMaterials/Substrate/Glints2/dict_0005_0127.uasset" 7680
"../../../Engine/Content/EngineMaterials/Substrate/Glints2/dict_0005_0140.uasset" 7681
"../../../Engine/Content/EngineMaterials/Substrate/Glints2/dict_0005_0126.uasset" 7682
"../../../Engine/Content/EngineMaterials/Substrate/Glints2/dict_0005_0125.uasset" 7683
"../../../Engine/Content/EngineMaterials/Substrate/Glints2/dict_0005_0123.uasset" 7684
"../../../Engine/Content/EngineMaterials/Substrate/Glints2/dict_0005_0124.uasset" 7685
"../../../Engine/Content/EngineMaterials/Substrate/Glints2/dict_0005_0138.uasset" 7686
"../../../Engine/Content/EngineMaterials/Substrate/Glints2/dict_0005_0142.uasset" 7687
"../../../Engine/Content/EngineMaterials/Substrate/Glints2/dict_0005_0144.uasset" 7688
"/Engine/EngineMaterials/Substrate/Glints2/dict_0005_0147" 7689
"/Engine/EngineMaterials/Substrate/Glints2/dict_0005_0148" 7690
"/Engine/EngineMaterials/Substrate/Glints2/dict_0005_0149" 7691
"/Engine/EngineMaterials/Substrate/Glints2/dict_0005_0150" 7692
"/Engine/EngineMaterials/Substrate/Glints2/dict_0005_0151" 7693
"/Engine/EngineMaterials/Substrate/Glints2/dict_0005_0152" 7694
"/Engine/EngineMaterials/Substrate/Glints2/dict_0005_0153" 7695
"/Engine/EngineMaterials/Substrate/Glints2/dict_0005_0154" 7696
"../../../Engine/Content/EngineMaterials/Substrate/Glints2/dict_0005_0122.uasset" 7697
"../../../Engine/Content/EngineMaterials/Substrate/Glints2/dict_0005_0117.uasset" 7698
"../../../Engine/Content/EngineMaterials/Substrate/Glints2/dict_0005_0120.uasset" 7699
"../../../Engine/Content/EngineMaterials/Substrate/Glints2/dict_0005_0114.uasset" 7700
"../../../Engine/Content/EngineMaterials/Substrate/Glints2/dict_0005_0121.uasset" 7701
"../../../Engine/Content/EngineMaterials/Substrate/Glints2/dict_0005_0115.uasset" 7702
"../../../Engine/Content/EngineMaterials/Substrate/Glints2/dict_0005_0116.uasset" 7703
"../../../Engine/Content/EngineMaterials/Substrate/Glints2/dict_0005_0119.uasset" 7704
"/Engine/EngineMaterials/Substrate/Glints2/dict_0005_0123" 7705
"../../../Engine/Content/EngineMaterials/Substrate/Glints2/dict_0005_0118.uasset" 7706
"/Engine/EngineMaterials/Substrate/Glints2/dict_0005_0124" 7707
"/Engine/EngineMaterials/Substrate/Glints2/dict_0005_0125" 7708
"/Engine/EngineMaterials/Substrate/Glints2/dict_0005_0126" 7709
"/Engine/EngineMaterials/Substrate/Glints2/dict_0005_0127" 7710
"/Engine/EngineMaterials/Substrate/Glints2/dict_0005_0128" 7711
"/Engine/EngineMaterials/Substrate/Glints2/dict_0005_0129" 7712
"/Engine/EngineMaterials/Substrate/Glints2/dict_0005_0130" 7713
"/Engine/EngineMaterials/Substrate/Glints2/dict_0005_0131" 7714
"/Engine/EngineMaterials/Substrate/Glints2/dict_0005_0132" 7715
"/Engine/EngineMaterials/Substrate/Glints2/dict_0005_0133" 7716
"/Engine/EngineMaterials/Substrate/Glints2/dict_0005_0134" 7717
"/Engine/EngineMaterials/Substrate/Glints2/dict_0005_0135" 7718
"/Engine/EngineMaterials/Substrate/Glints2/dict_0005_0136" 7719
"/Engine/EngineMaterials/Substrate/Glints2/dict_0005_0137" 7720
"/Engine/EngineMaterials/Substrate/Glints2/dict_0005_0138" 7721
"/Engine/EngineMaterials/Substrate/Glints2/dict_0005_0139" 7722
"/Engine/EngineMaterials/Substrate/Glints2/dict_0005_0140" 7723
"/Engine/EngineMaterials/Substrate/Glints2/dict_0005_0141" 7724
"/Engine/EngineMaterials/Substrate/Glints2/dict_0005_0142" 7725
"/Engine/EngineMaterials/Substrate/Glints2/dict_0005_0143" 7726
"/Engine/EngineMaterials/Substrate/Glints2/dict_0005_0144" 7727
"/Engine/EngineMaterials/Substrate/Glints2/dict_0005_0145" 7728
"/Engine/EngineMaterials/Substrate/Glints2/dict_0005_0114" 7729
"/Engine/EngineMaterials/Substrate/Glints2/dict_0005_0117" 7730
"/Engine/EngineMaterials/Substrate/Glints2/dict_0005_0122" 7731
"../../../Engine/Content/EngineMaterials/Substrate/Glints2/dict_0005_0103.uasset" 7732
"../../../Engine/Content/EngineMaterials/Substrate/Glints2/dict_0005_0113.uasset" 7733
"../../../Engine/Content/EngineMaterials/Substrate/Glints2/dict_0005_0100.uasset" 7734
"../../../Engine/Content/EngineMaterials/Substrate/Glints2/dict_0005_0107.uasset" 7735
"../../../Engine/Content/EngineMaterials/Substrate/Glints2/dict_0005_0111.uasset" 7736
"../../../Engine/Content/EngineMaterials/Substrate/Glints2/dict_0005_0112.uasset" 7737
"../../../Engine/Content/EngineMaterials/Substrate/Glints2/dict_0005_0104.uasset" 7738
"../../../Engine/Content/EngineMaterials/Substrate/Glints2/dict_0005_0108.uasset" 7739
"../../../Engine/Content/EngineMaterials/Substrate/Glints2/dict_0005_0102.uasset" 7740
"../../../Engine/Content/EngineMaterials/Substrate/Glints2/dict_0005_0101.uasset" 7741
"../../../Engine/Content/EngineMaterials/Substrate/Glints2/dict_0005_0109.uasset" 7742
"../../../Engine/Content/EngineMaterials/Substrate/Glints2/dict_0005_0098.uasset" 7743
"../../../Engine/Content/EngineMaterials/Substrate/Glints2/dict_0005_0095.uasset" 7744
"../../../Engine/Content/EngineMaterials/Substrate/Glints2/dict_0005_0097.uasset" 7745
"../../../Engine/Content/EngineMaterials/Substrate/Glints2/dict_0005_0096.uasset" 7746
"../../../Engine/Content/EngineMaterials/Substrate/Glints2/dict_0005_0094.uasset" 7747
"../../../Engine/Content/EngineMaterials/Substrate/Glints2/dict_0005_0092.uasset" 7748
"../../../Engine/Content/EngineMaterials/Substrate/Glints2/dict_0005_0091.uasset" 7749
"../../../Engine/Content/EngineMaterials/Substrate/Glints2/dict_0005_0089.uasset" 7750
"../../../Engine/Content/EngineMaterials/Substrate/Glints2/dict_0005_0088.uasset" 7751
"../../../Engine/Content/EngineMaterials/Substrate/Glints2/dict_0005_0090.uasset" 7752
"../../../Engine/Content/EngineMaterials/Substrate/Glints2/dict_0005_0110.uasset" 7753
"../../../Engine/Content/EngineMaterials/Substrate/Glints2/dict_0005_0093.uasset" 7754
"../../../Engine/Content/EngineMaterials/Substrate/Glints2/dict_0005_0099.uasset" 7755
"../../../Engine/Content/EngineMaterials/Substrate/Glints2/dict_0005_0106.uasset" 7756
"/Engine/EngineMaterials/Substrate/Glints2/dict_0005_0115" 7757
"/Engine/EngineMaterials/Substrate/Glints2/dict_0005_0116" 7758
"../../../Engine/Content/EngineMaterials/Substrate/Glints2/dict_0005_0105.uasset" 7759
"/Engine/EngineMaterials/Substrate/Glints2/dict_0005_0118" 7760
"/Engine/EngineMaterials/Substrate/Glints2/dict_0005_0119" 7761
"/Engine/EngineMaterials/Substrate/Glints2/dict_0005_0120" 7762
"/Engine/EngineMaterials/Substrate/Glints2/dict_0005_0121" 7763
"../../../Engine/Content/EngineMaterials/Substrate/Glints2/dict_0005_0087.uasset" 7764
"../../../Engine/Content/EngineMaterials/Substrate/Glints2/dict_0005_0086.uasset" 7765
"../../../Engine/Content/EngineMaterials/Substrate/Glints2/dict_0005_0085.uasset" 7766
"../../../Engine/Content/EngineMaterials/Substrate/Glints2/dict_0005_0084.uasset" 7767
"../../../Engine/Content/EngineMaterials/Substrate/Glints2/dict_0005_0082.uasset" 7768
"../../../Engine/Content/EngineMaterials/Substrate/Glints2/dict_0005_0083.uasset" 7769
"/Engine/EngineMaterials/Substrate/Glints2/dict_0005_0088" 7770
"/Engine/EngineMaterials/Substrate/Glints2/dict_0005_0089" 7771
"/Engine/EngineMaterials/Substrate/Glints2/dict_0005_0090" 7772
"/Engine/EngineMaterials/Substrate/Glints2/dict_0005_0091" 7773
"/Engine/EngineMaterials/Substrate/Glints2/dict_0005_0092" 7774
"/Engine/EngineMaterials/Substrate/Glints2/dict_0005_0093" 7775
"/Engine/EngineMaterials/Substrate/Glints2/dict_0005_0094" 7776
"/Engine/EngineMaterials/Substrate/Glints2/dict_0005_0095" 7777
"/Engine/EngineMaterials/Substrate/Glints2/dict_0005_0096" 7778
"/Engine/EngineMaterials/Substrate/Glints2/dict_0005_0097" 7779
"/Engine/EngineMaterials/Substrate/Glints2/dict_0005_0098" 7780
"/Engine/EngineMaterials/Substrate/Glints2/dict_0005_0099" 7781
"/Engine/EngineMaterials/Substrate/Glints2/dict_0005_0100" 7782
"/Engine/EngineMaterials/Substrate/Glints2/dict_0005_0101" 7783
"/Engine/EngineMaterials/Substrate/Glints2/dict_0005_0102" 7784
"/Engine/EngineMaterials/Substrate/Glints2/dict_0005_0103" 7785
"/Engine/EngineMaterials/Substrate/Glints2/dict_0005_0104" 7786
"/Engine/EngineMaterials/Substrate/Glints2/dict_0005_0105" 7787
"/Engine/EngineMaterials/Substrate/Glints2/dict_0005_0106" 7788
"/Engine/EngineMaterials/Substrate/Glints2/dict_0005_0107" 7789
"/Engine/EngineMaterials/Substrate/Glints2/dict_0005_0108" 7790
"/Engine/EngineMaterials/Substrate/Glints2/dict_0005_0109" 7791
"/Engine/EngineMaterials/Substrate/Glints2/dict_0005_0110" 7792
"/Engine/EngineMaterials/Substrate/Glints2/dict_0005_0111" 7793
"/Engine/EngineMaterials/Substrate/Glints2/dict_0005_0112" 7794
"/Engine/EngineMaterials/Substrate/Glints2/dict_0005_0113" 7795
"../../../Engine/Content/EngineMaterials/Substrate/Glints2/dict_0005_0081.uasset" 7796
"../../../Engine/Content/EngineMaterials/Substrate/Glints2/dict_0005_0080.uasset" 7797
"../../../Engine/Content/EngineMaterials/Substrate/Glints2/dict_0005_0079.uasset" 7798
"../../../Engine/Content/EngineMaterials/Substrate/Glints2/dict_0005_0076.uasset" 7799
"../../../Engine/Content/EngineMaterials/Substrate/Glints2/dict_0005_0078.uasset" 7800
"../../../Engine/Content/EngineMaterials/Substrate/Glints2/dict_0005_0070.uasset" 7801
"/Engine/EngineMaterials/Substrate/Glints2/dict_0005_0082" 7802
"../../../Engine/Content/EngineMaterials/Substrate/Glints2/dict_0005_0068.uasset" 7803
"../../../Engine/Content/EngineMaterials/Substrate/Glints2/dict_0005_0067.uasset" 7804
"../../../Engine/Content/EngineMaterials/Substrate/Glints2/dict_0005_0069.uasset" 7805
"../../../Engine/Content/EngineMaterials/Substrate/Glints2/dict_0005_0077.uasset" 7806
"../../../Engine/Content/EngineMaterials/Substrate/Glints2/dict_0005_0065.uasset" 7807
"../../../Engine/Content/EngineMaterials/Substrate/Glints2/dict_0005_0074.uasset" 7808
"../../../Engine/Content/EngineMaterials/Substrate/Glints2/dict_0005_0063.uasset" 7809
"../../../Engine/Content/EngineMaterials/Substrate/Glints2/dict_0005_0071.uasset" 7810
"../../../Engine/Content/EngineMaterials/Substrate/Glints2/dict_0005_0075.uasset" 7811
"../../../Engine/Content/EngineMaterials/Substrate/Glints2/dict_0005_0066.uasset" 7812
"../../../Engine/Content/EngineMaterials/Substrate/Glints2/dict_0005_0061.uasset" 7813
"../../../Engine/Content/EngineMaterials/Substrate/Glints2/dict_0005_0060.uasset" 7814
"../../../Engine/Content/EngineMaterials/Substrate/Glints2/dict_0005_0059.uasset" 7815
"../../../Engine/Content/EngineMaterials/Substrate/Glints2/dict_0005_0062.uasset" 7816
"../../../Engine/Content/EngineMaterials/Substrate/Glints2/dict_0005_0057.uasset" 7817
"../../../Engine/Content/EngineMaterials/Substrate/Glints2/dict_0005_0072.uasset" 7818
"../../../Engine/Content/EngineMaterials/Substrate/Glints2/dict_0005_0056.uasset" 7819
"../../../Engine/Content/EngineMaterials/Substrate/Glints2/dict_0005_0073.uasset" 7820
"../../../Engine/Content/EngineMaterials/Substrate/Glints2/dict_0005_0064.uasset" 7821
"../../../Engine/Content/EngineMaterials/Substrate/Glints2/dict_0005_0058.uasset" 7822
"/Engine/EngineMaterials/Substrate/Glints2/dict_0005_0083" 7823
"/Engine/EngineMaterials/Substrate/Glints2/dict_0005_0084" 7824
"/Engine/EngineMaterials/Substrate/Glints2/dict_0005_0085" 7825
"/Engine/EngineMaterials/Substrate/Glints2/dict_0005_0086" 7826
"/Engine/EngineMaterials/Substrate/Glints2/dict_0005_0087" 7827
"/Engine/EngineMaterials/Substrate/Glints2/dict_0005_0081" 7828
"../../../Engine/Content/EngineMaterials/Substrate/Glints2/dict_0005_0055.uasset" 7829
"../../../Engine/Content/EngineMaterials/Substrate/Glints2/dict_0005_0054.uasset" 7830
"../../../Engine/Content/EngineMaterials/Substrate/Glints2/dict_0005_0053.uasset" 7831
"/Engine/EngineMaterials/Substrate/Glints2/dict_0005_0056" 7832
"../../../Engine/Content/EngineMaterials/Substrate/Glints2/dict_0005_0052.uasset" 7833
"../../../Engine/Content/EngineMaterials/Substrate/Glints2/dict_0005_0051.uasset" 7834
"../../../Engine/Content/EngineMaterials/Substrate/Glints2/dict_0005_0049.uasset" 7835
"../../../Engine/Content/EngineMaterials/Substrate/Glints2/dict_0005_0050.uasset" 7836
"/Engine/EngineMaterials/Substrate/Glints2/dict_0005_0057" 7837
"/Engine/EngineMaterials/Substrate/Glints2/dict_0005_0058" 7838
"/Engine/EngineMaterials/Substrate/Glints2/dict_0005_0059" 7839
"/Engine/EngineMaterials/Substrate/Glints2/dict_0005_0060" 7840
"/Engine/EngineMaterials/Substrate/Glints2/dict_0005_0061" 7841
"/Engine/EngineMaterials/Substrate/Glints2/dict_0005_0062" 7842
"/Engine/EngineMaterials/Substrate/Glints2/dict_0005_0063" 7843
"/Engine/EngineMaterials/Substrate/Glints2/dict_0005_0064" 7844
"/Engine/EngineMaterials/Substrate/Glints2/dict_0005_0065" 7845
"/Engine/EngineMaterials/Substrate/Glints2/dict_0005_0066" 7846
"/Engine/EngineMaterials/Substrate/Glints2/dict_0005_0067" 7847
"/Engine/EngineMaterials/Substrate/Glints2/dict_0005_0068" 7848
"/Engine/EngineMaterials/Substrate/Glints2/dict_0005_0069" 7849
"/Engine/EngineMaterials/Substrate/Glints2/dict_0005_0070" 7850
"/Engine/EngineMaterials/Substrate/Glints2/dict_0005_0071" 7851
"/Engine/EngineMaterials/Substrate/Glints2/dict_0005_0072" 7852
"/Engine/EngineMaterials/Substrate/Glints2/dict_0005_0073" 7853
"/Engine/EngineMaterials/Substrate/Glints2/dict_0005_0074" 7854
"/Engine/EngineMaterials/Substrate/Glints2/dict_0005_0075" 7855
"/Engine/EngineMaterials/Substrate/Glints2/dict_0005_0076" 7856
"/Engine/EngineMaterials/Substrate/Glints2/dict_0005_0077" 7857
"/Engine/EngineMaterials/Substrate/Glints2/dict_0005_0078" 7858
"/Engine/EngineMaterials/Substrate/Glints2/dict_0005_0079" 7859
"/Engine/EngineMaterials/Substrate/Glints2/dict_0005_0080" 7860
"../../../Engine/Content/EngineMaterials/Substrate/Glints2/dict_0005_0048.uasset" 7861
"../../../Engine/Content/EngineMaterials/Substrate/Glints2/dict_0005_0042.uasset" 7862
"../../../Engine/Content/EngineMaterials/Substrate/Glints2/dict_0005_0040.uasset" 7863
"../../../Engine/Content/EngineMaterials/Substrate/Glints2/dict_0005_0046.uasset" 7864
"/Engine/EngineMaterials/Substrate/Glints2/dict_0005_0049" 7865
"../../../Engine/Content/EngineMaterials/Substrate/Glints2/dict_0005_0039.uasset" 7866
"../../../Engine/Content/EngineMaterials/Substrate/Glints2/dict_0005_0047.uasset" 7867
"../../../Engine/Content/EngineMaterials/Substrate/Glints2/dict_0005_0031.uasset" 7868
"../../../Engine/Content/EngineMaterials/Substrate/Glints2/dict_0005_0035.uasset" 7869
"../../../Engine/Content/EngineMaterials/Substrate/Glints2/dict_0005_0037.uasset" 7870
"../../../Engine/Content/EngineMaterials/Substrate/Glints2/dict_0005_0045.uasset" 7871
"../../../Engine/Content/EngineMaterials/Substrate/Glints2/dict_0005_0028.uasset" 7872
"../../../Engine/Content/EngineMaterials/Substrate/Glints2/dict_0005_0041.uasset" 7873
"/Engine/EngineMaterials/Substrate/Glints2/dict_0005_0050" 7874
"../../../Engine/Content/EngineMaterials/Substrate/Glints2/dict_0005_0027.uasset" 7875
"../../../Engine/Content/EngineMaterials/Substrate/Glints2/dict_0005_0030.uasset" 7876
"../../../Engine/Content/EngineMaterials/Substrate/Glints2/dict_0005_0033.uasset" 7877
"../../../Engine/Content/EngineMaterials/Substrate/Glints2/dict_0005_0025.uasset" 7878
"../../../Engine/Content/EngineMaterials/Substrate/Glints2/dict_0005_0038.uasset" 7879
"../../../Engine/Content/EngineMaterials/Substrate/Glints2/dict_0005_0024.uasset" 7880
"../../../Engine/Content/EngineMaterials/Substrate/Glints2/dict_0005_0026.uasset" 7881
"../../../Engine/Content/EngineMaterials/Substrate/Glints2/dict_0005_0032.uasset" 7882
"../../../Engine/Content/EngineMaterials/Substrate/Glints2/dict_0005_0044.uasset" 7883
"../../../Engine/Content/EngineMaterials/Substrate/Glints2/dict_0005_0043.uasset" 7884
"../../../Engine/Content/EngineMaterials/Substrate/Glints2/dict_0005_0036.uasset" 7885
"../../../Engine/Content/EngineMaterials/Substrate/Glints2/dict_0005_0029.uasset" 7886
"/Engine/EngineMaterials/Substrate/Glints2/dict_0005_0051" 7887
"../../../Engine/Content/EngineMaterials/Substrate/Glints2/dict_0005_0034.uasset" 7888
"/Engine/EngineMaterials/Substrate/Glints2/dict_0005_0052" 7889
"/Engine/EngineMaterials/Substrate/Glints2/dict_0005_0053" 7890
"/Engine/EngineMaterials/Substrate/Glints2/dict_0005_0054" 7891
"/Engine/EngineMaterials/Substrate/Glints2/dict_0005_0055" 7892
"../../../Engine/Content/EngineMaterials/Substrate/Glints2/dict_0005_0023.uasset" 7893
"../../../Engine/Content/EngineMaterials/Substrate/Glints2/dict_0005_0022.uasset" 7894
"../../../Engine/Content/EngineMaterials/Substrate/Glints2/dict_0005_0020.uasset" 7895
"../../../Engine/Content/EngineMaterials/Substrate/Glints2/dict_0005_0021.uasset" 7896
"/Engine/EngineMaterials/Substrate/Glints2/dict_0005_0024" 7897
"../../../Engine/Content/EngineMaterials/Substrate/Glints2/dict_0005_0017.uasset" 7898
"../../../Engine/Content/EngineMaterials/Substrate/Glints2/dict_0005_0018.uasset" 7899
"../../../Engine/Content/EngineMaterials/Substrate/Glints2/dict_0005_0019.uasset" 7900
"/Engine/EngineMaterials/Substrate/Glints2/dict_0005_0025" 7901
"/Engine/EngineMaterials/Substrate/Glints2/dict_0005_0026" 7902
"/Engine/EngineMaterials/Substrate/Glints2/dict_0005_0027" 7903
"/Engine/EngineMaterials/Substrate/Glints2/dict_0005_0028" 7904
"/Engine/EngineMaterials/Substrate/Glints2/dict_0005_0029" 7905
"/Engine/EngineMaterials/Substrate/Glints2/dict_0005_0030" 7906
"/Engine/EngineMaterials/Substrate/Glints2/dict_0005_0031" 7907
"/Engine/EngineMaterials/Substrate/Glints2/dict_0005_0032" 7908
"/Engine/EngineMaterials/Substrate/Glints2/dict_0005_0033" 7909
"/Engine/EngineMaterials/Substrate/Glints2/dict_0005_0034" 7910
"/Engine/EngineMaterials/Substrate/Glints2/dict_0005_0035" 7911
"/Engine/EngineMaterials/Substrate/Glints2/dict_0005_0036" 7912
"/Engine/EngineMaterials/Substrate/Glints2/dict_0005_0037" 7913
"/Engine/EngineMaterials/Substrate/Glints2/dict_0005_0038" 7914
"/Engine/EngineMaterials/Substrate/Glints2/dict_0005_0039" 7915
"/Engine/EngineMaterials/Substrate/Glints2/dict_0005_0040" 7916
"/Engine/EngineMaterials/Substrate/Glints2/dict_0005_0041" 7917
"/Engine/EngineMaterials/Substrate/Glints2/dict_0005_0042" 7918
"/Engine/EngineMaterials/Substrate/Glints2/dict_0005_0043" 7919
"/Engine/EngineMaterials/Substrate/Glints2/dict_0005_0044" 7920
"/Engine/EngineMaterials/Substrate/Glints2/dict_0005_0045" 7921
"/Engine/EngineMaterials/Substrate/Glints2/dict_0005_0046" 7922
"/Engine/EngineMaterials/Substrate/Glints2/dict_0005_0047" 7923
"/Engine/EngineMaterials/Substrate/Glints2/dict_0005_0048" 7924
"../../../Engine/Content/EngineMaterials/Substrate/Glints2/dict_0005_0016.uasset" 7925
"../../../Engine/Content/EngineMaterials/Substrate/Glints2/dict_0005_0015.uasset" 7926
"../../../Engine/Content/EngineMaterials/Substrate/Glints2/dict_0005_0011.uasset" 7927
"../../../Engine/Content/EngineMaterials/Substrate/Glints2/dict_0005_0014.uasset" 7928
"../../../Engine/Content/EngineMaterials/Substrate/Glints2/dict_0005_0008.uasset" 7929
"/Engine/EngineMaterials/Substrate/Glints2/dict_0005_0017" 7930
"../../../Engine/Content/EngineMaterials/Substrate/Glints2/dict_0005_0005.uasset" 7931
"../../../Engine/Content/EngineMaterials/Substrate/Glints2/dict_0005_0007.uasset" 7932
"../../../Engine/Content/EngineMaterials/Substrate/Glints2/dict_0005_0013.uasset" 7933
"../../../Engine/Content/EngineMaterials/Substrate/Glints2/dict_0005_0009.uasset" 7934
"../../../Engine/Content/EngineMaterials/Substrate/Glints2/dict_0005_0010.uasset" 7935
"../../../Engine/Content/EngineMaterials/Substrate/Glints2/dict_0004_0254.uasset" 7936
"../../../Engine/Content/EngineMaterials/Substrate/Glints2/dict_0004_0253.uasset" 7937
"../../../Engine/Content/EngineMaterials/Substrate/Glints2/dict_0005_0001.uasset" 7938
"../../../Engine/Content/EngineMaterials/Substrate/Glints2/dict_0004_0252.uasset" 7939
"../../../Engine/Content/EngineMaterials/Substrate/Glints2/dict_0004_0251.uasset" 7940
"../../../Engine/Content/EngineMaterials/Substrate/Glints2/dict_0004_0250.uasset" 7941
"../../../Engine/Content/EngineMaterials/Substrate/Glints2/dict_0004_0249.uasset" 7942
"../../../Engine/Content/EngineMaterials/Substrate/Glints2/dict_0004_0248.uasset" 7943
"../../../Engine/Content/EngineMaterials/Substrate/Glints2/dict_0005_0012.uasset" 7944
"/Engine/EngineMaterials/Substrate/Glints2/dict_0005_0018" 7945
"../../../Engine/Content/EngineMaterials/Substrate/Glints2/dict_0005_0000.uasset" 7946
"../../../Engine/Content/EngineMaterials/Substrate/Glints2/dict_0005_0002.uasset" 7947
"../../../Engine/Content/EngineMaterials/Substrate/Glints2/dict_0005_0006.uasset" 7948
"../../../Engine/Content/EngineMaterials/Substrate/Glints2/dict_0005_0004.uasset" 7949
"../../../Engine/Content/EngineMaterials/Substrate/Glints2/dict_0005_0003.uasset" 7950
"../../../Engine/Content/EngineMaterials/Substrate/Glints2/dict_0004_0255.uasset" 7951
"/Engine/EngineMaterials/Substrate/Glints2/dict_0005_0016" 7952
"/Engine/EngineMaterials/Substrate/Glints2/dict_0005_0019" 7953
"/Engine/EngineMaterials/Substrate/Glints2/dict_0005_0020" 7954
"/Engine/EngineMaterials/Substrate/Glints2/dict_0005_0021" 7955
"/Engine/EngineMaterials/Substrate/Glints2/dict_0005_0022" 7956
"/Engine/EngineMaterials/Substrate/Glints2/dict_0005_0023" 7957
"../../../Engine/Content/EngineMaterials/Substrate/Glints2/dict_0004_0247.uasset" 7958
"../../../Engine/Content/EngineMaterials/Substrate/Glints2/dict_0004_0242.uasset" 7959
"../../../Engine/Content/EngineMaterials/Substrate/Glints2/dict_0004_0243.uasset" 7960
"../../../Engine/Content/EngineMaterials/Substrate/Glints2/dict_0004_0246.uasset" 7961
"../../../Engine/Content/EngineMaterials/Substrate/Glints2/dict_0004_0244.uasset" 7962
"../../../Engine/Content/EngineMaterials/Substrate/Glints2/dict_0004_0241.uasset" 7963
"../../../Engine/Content/EngineMaterials/Substrate/Glints2/dict_0004_0245.uasset" 7964
"/Engine/EngineMaterials/Substrate/Glints2/dict_0004_0248" 7965
"../../../Engine/Content/EngineMaterials/Substrate/Glints2/dict_0004_0240.uasset" 7966
"/Engine/EngineMaterials/Substrate/Glints2/dict_0004_0249" 7967
"/Engine/EngineMaterials/Substrate/Glints2/dict_0004_0250" 7968
"/Engine/EngineMaterials/Substrate/Glints2/dict_0004_0251" 7969
"/Engine/EngineMaterials/Substrate/Glints2/dict_0004_0252" 7970
"/Engine/EngineMaterials/Substrate/Glints2/dict_0004_0253" 7971
"/Engine/EngineMaterials/Substrate/Glints2/dict_0004_0254" 7972
"/Engine/EngineMaterials/Substrate/Glints2/dict_0004_0255" 7973
"/Engine/EngineMaterials/Substrate/Glints2/dict_0005_0000" 7974
"/Engine/EngineMaterials/Substrate/Glints2/dict_0005_0001" 7975
"/Engine/EngineMaterials/Substrate/Glints2/dict_0005_0002" 7976
"/Engine/EngineMaterials/Substrate/Glints2/dict_0005_0003" 7977
"/Engine/EngineMaterials/Substrate/Glints2/dict_0005_0004" 7978
"/Engine/EngineMaterials/Substrate/Glints2/dict_0005_0005" 7979
"/Engine/EngineMaterials/Substrate/Glints2/dict_0005_0006" 7980
"/Engine/EngineMaterials/Substrate/Glints2/dict_0005_0007" 7981
"/Engine/EngineMaterials/Substrate/Glints2/dict_0005_0008" 7982
"/Engine/EngineMaterials/Substrate/Glints2/dict_0005_0009" 7983
"/Engine/EngineMaterials/Substrate/Glints2/dict_0005_0010" 7984
"/Engine/EngineMaterials/Substrate/Glints2/dict_0005_0011" 7985
"/Engine/EngineMaterials/Substrate/Glints2/dict_0005_0012" 7986
"/Engine/EngineMaterials/Substrate/Glints2/dict_0005_0013" 7987
"/Engine/EngineMaterials/Substrate/Glints2/dict_0005_0014" 7988
"/Engine/EngineMaterials/Substrate/Glints2/dict_0005_0015" 7989
"../../../Engine/Content/EngineMaterials/Substrate/Glints2/dict_0004_0236.uasset" 7990
"../../../Engine/Content/EngineMaterials/Substrate/Glints2/dict_0004_0232.uasset" 7991
"../../../Engine/Content/EngineMaterials/Substrate/Glints2/dict_0004_0230.uasset" 7992
"../../../Engine/Content/EngineMaterials/Substrate/Glints2/dict_0004_0237.uasset" 7993
"../../../Engine/Content/EngineMaterials/Substrate/Glints2/dict_0004_0235.uasset" 7994
"../../../Engine/Content/EngineMaterials/Substrate/Glints2/dict_0004_0231.uasset" 7995
"../../../Engine/Content/EngineMaterials/Substrate/Glints2/dict_0004_0228.uasset" 7996
"../../../Engine/Content/EngineMaterials/Substrate/Glints2/dict_0004_0239.uasset" 7997
"/Engine/EngineMaterials/Substrate/Glints2/dict_0004_0240" 7998
"../../../Engine/Content/EngineMaterials/Substrate/Glints2/dict_0004_0227.uasset" 7999
"../../../Engine/Content/EngineMaterials/Substrate/Glints2/dict_0004_0226.uasset" 8000
"../../../Engine/Content/EngineMaterials/Substrate/Glints2/dict_0004_0224.uasset" 8001
"../../../Engine/Content/EngineMaterials/Substrate/Glints2/dict_0004_0225.uasset" 8002
"../../../Engine/Content/EngineMaterials/Substrate/Glints2/dict_0004_0221.uasset" 8003
"../../../Engine/Content/EngineMaterials/Substrate/Glints2/dict_0004_0222.uasset" 8004
"../../../Engine/Content/EngineMaterials/Substrate/Glints2/dict_0004_0223.uasset" 8005
"../../../Engine/Content/EngineMaterials/Substrate/Glints2/dict_0004_0218.uasset" 8006
"../../../Engine/Content/EngineMaterials/Substrate/Glints2/dict_0004_0217.uasset" 8007
"../../../Engine/Content/EngineMaterials/Substrate/Glints2/dict_0004_0238.uasset" 8008
"../../../Engine/Content/EngineMaterials/Substrate/Glints2/dict_0004_0220.uasset" 8009
"../../../Engine/Content/EngineMaterials/Substrate/Glints2/dict_0004_0229.uasset" 8010
"../../../Engine/Content/EngineMaterials/Substrate/Glints2/dict_0004_0216.uasset" 8011
"../../../Engine/Content/EngineMaterials/Substrate/Glints2/dict_0004_0234.uasset" 8012
"../../../Engine/Content/EngineMaterials/Substrate/Glints2/dict_0004_0219.uasset" 8013
"../../../Engine/Content/EngineMaterials/Substrate/Glints2/dict_0004_0233.uasset" 8014
"/Engine/EngineMaterials/Substrate/Glints2/dict_0004_0241" 8015
"/Engine/EngineMaterials/Substrate/Glints2/dict_0004_0242" 8016
"/Engine/EngineMaterials/Substrate/Glints2/dict_0004_0243" 8017
"/Engine/EngineMaterials/Substrate/Glints2/dict_0004_0244" 8018
"/Engine/EngineMaterials/Substrate/Glints2/dict_0004_0245" 8019
"/Engine/EngineMaterials/Substrate/Glints2/dict_0004_0246" 8020
"/Engine/EngineMaterials/Substrate/Glints2/dict_0004_0247" 8021
"../../../Engine/Content/EngineMaterials/Substrate/Glints2/dict_0004_0209.uasset" 8022
"../../../Engine/Content/EngineMaterials/Substrate/Glints2/dict_0004_0211.uasset" 8023
"../../../Engine/Content/EngineMaterials/Substrate/Glints2/dict_0004_0210.uasset" 8024
"../../../Engine/Content/EngineMaterials/Substrate/Glints2/dict_0004_0214.uasset" 8025
"../../../Engine/Content/EngineMaterials/Substrate/Glints2/dict_0004_0215.uasset" 8026
"../../../Engine/Content/EngineMaterials/Substrate/Glints2/dict_0004_0212.uasset" 8027
"../../../Engine/Content/EngineMaterials/Substrate/Glints2/dict_0004_0208.uasset" 8028
"/Engine/EngineMaterials/Substrate/Glints2/dict_0004_0216" 8029
"../../../Engine/Content/EngineMaterials/Substrate/Glints2/dict_0004_0213.uasset" 8030
"/Engine/EngineMaterials/Substrate/Glints2/dict_0004_0217" 8031
"/Engine/EngineMaterials/Substrate/Glints2/dict_0004_0218" 8032
"/Engine/EngineMaterials/Substrate/Glints2/dict_0004_0219" 8033
"/Engine/EngineMaterials/Substrate/Glints2/dict_0004_0220" 8034
"/Engine/EngineMaterials/Substrate/Glints2/dict_0004_0221" 8035
"/Engine/EngineMaterials/Substrate/Glints2/dict_0004_0222" 8036
"/Engine/EngineMaterials/Substrate/Glints2/dict_0004_0223" 8037
"/Engine/EngineMaterials/Substrate/Glints2/dict_0004_0224" 8038
"/Engine/EngineMaterials/Substrate/Glints2/dict_0004_0225" 8039
"/Engine/EngineMaterials/Substrate/Glints2/dict_0004_0226" 8040
"/Engine/EngineMaterials/Substrate/Glints2/dict_0004_0227" 8041
"/Engine/EngineMaterials/Substrate/Glints2/dict_0004_0228" 8042
"/Engine/EngineMaterials/Substrate/Glints2/dict_0004_0229" 8043
"/Engine/EngineMaterials/Substrate/Glints2/dict_0004_0230" 8044
"/Engine/EngineMaterials/Substrate/Glints2/dict_0004_0231" 8045
"/Engine/EngineMaterials/Substrate/Glints2/dict_0004_0232" 8046
"/Engine/EngineMaterials/Substrate/Glints2/dict_0004_0233" 8047
"/Engine/EngineMaterials/Substrate/Glints2/dict_0004_0234" 8048
"/Engine/EngineMaterials/Substrate/Glints2/dict_0004_0235" 8049
"/Engine/EngineMaterials/Substrate/Glints2/dict_0004_0236" 8050
"/Engine/EngineMaterials/Substrate/Glints2/dict_0004_0237" 8051
"/Engine/EngineMaterials/Substrate/Glints2/dict_0004_0238" 8052
"/Engine/EngineMaterials/Substrate/Glints2/dict_0004_0239" 8053
"../../../Engine/Content/EngineMaterials/Substrate/Glints2/dict_0004_0205.uasset" 8054
"../../../Engine/Content/EngineMaterials/Substrate/Glints2/dict_0004_0206.uasset" 8055
"../../../Engine/Content/EngineMaterials/Substrate/Glints2/dict_0004_0203.uasset" 8056
"../../../Engine/Content/EngineMaterials/Substrate/Glints2/dict_0004_0199.uasset" 8057
"../../../Engine/Content/EngineMaterials/Substrate/Glints2/dict_0004_0204.uasset" 8058
"../../../Engine/Content/EngineMaterials/Substrate/Glints2/dict_0004_0197.uasset" 8059
"../../../Engine/Content/EngineMaterials/Substrate/Glints2/dict_0004_0198.uasset" 8060
"../../../Engine/Content/EngineMaterials/Substrate/Glints2/dict_0004_0195.uasset" 8061
"../../../Engine/Content/EngineMaterials/Substrate/Glints2/dict_0004_0207.uasset" 8062
"/Engine/EngineMaterials/Substrate/Glints2/dict_0004_0208" 8063
"../../../Engine/Content/EngineMaterials/Substrate/Glints2/dict_0004_0193.uasset" 8064
"../../../Engine/Content/EngineMaterials/Substrate/Glints2/dict_0004_0196.uasset" 8065
"../../../Engine/Content/EngineMaterials/Substrate/Glints2/dict_0004_0190.uasset" 8066
"../../../Engine/Content/EngineMaterials/Substrate/Glints2/dict_0004_0192.uasset" 8067
"../../../Engine/Content/EngineMaterials/Substrate/Glints2/dict_0004_0189.uasset" 8068
"../../../Engine/Content/EngineMaterials/Substrate/Glints2/dict_0004_0191.uasset" 8069
"../../../Engine/Content/EngineMaterials/Substrate/Glints2/dict_0004_0188.uasset" 8070
"../../../Engine/Content/EngineMaterials/Substrate/Glints2/dict_0004_0185.uasset" 8071
"../../../Engine/Content/EngineMaterials/Substrate/Glints2/dict_0004_0184.uasset" 8072
"../../../Engine/Content/EngineMaterials/Substrate/Glints2/dict_0004_0187.uasset" 8073
"../../../Engine/Content/EngineMaterials/Substrate/Glints2/dict_0004_0201.uasset" 8074
"../../../Engine/Content/EngineMaterials/Substrate/Glints2/dict_0004_0186.uasset" 8075
"../../../Engine/Content/EngineMaterials/Substrate/Glints2/dict_0004_0194.uasset" 8076
"../../../Engine/Content/EngineMaterials/Substrate/Glints2/dict_0004_0202.uasset" 8077
"../../../Engine/Content/EngineMaterials/Substrate/Glints2/dict_0004_0200.uasset" 8078
"/Engine/EngineMaterials/Substrate/Glints2/dict_0004_0209" 8079
"/Engine/EngineMaterials/Substrate/Glints2/dict_0004_0210" 8080
"/Engine/EngineMaterials/Substrate/Glints2/dict_0004_0211" 8081
"/Engine/EngineMaterials/Substrate/Glints2/dict_0004_0212" 8082
"/Engine/EngineMaterials/Substrate/Glints2/dict_0004_0213" 8083
"/Engine/EngineMaterials/Substrate/Glints2/dict_0004_0214" 8084
"/Engine/EngineMaterials/Substrate/Glints2/dict_0004_0215" 8085
"../../../Engine/Content/EngineMaterials/Substrate/Glints2/dict_0004_0183.uasset" 8086
"../../../Engine/Content/EngineMaterials/Substrate/Glints2/dict_0004_0181.uasset" 8087
"../../../Engine/Content/EngineMaterials/Substrate/Glints2/dict_0004_0180.uasset" 8088
"../../../Engine/Content/EngineMaterials/Substrate/Glints2/dict_0004_0176.uasset" 8089
"../../../Engine/Content/EngineMaterials/Substrate/Glints2/dict_0004_0182.uasset" 8090
"../../../Engine/Content/EngineMaterials/Substrate/Glints2/dict_0004_0178.uasset" 8091
"../../../Engine/Content/EngineMaterials/Substrate/Glints2/dict_0004_0177.uasset" 8092
"/Engine/EngineMaterials/Substrate/Glints2/dict_0004_0184" 8093
"../../../Engine/Content/EngineMaterials/Substrate/Glints2/dict_0004_0179.uasset" 8094
"/Engine/EngineMaterials/Substrate/Glints2/dict_0004_0185" 8095
"/Engine/EngineMaterials/Substrate/Glints2/dict_0004_0186" 8096
"/Engine/EngineMaterials/Substrate/Glints2/dict_0004_0187" 8097
"/Engine/EngineMaterials/Substrate/Glints2/dict_0004_0188" 8098
"/Engine/EngineMaterials/Substrate/Glints2/dict_0004_0189" 8099
"/Engine/EngineMaterials/Substrate/Glints2/dict_0004_0190" 8100
"/Engine/EngineMaterials/Substrate/Glints2/dict_0004_0191" 8101
"/Engine/EngineMaterials/Substrate/Glints2/dict_0004_0192" 8102
"/Engine/EngineMaterials/Substrate/Glints2/dict_0004_0193" 8103
"/Engine/EngineMaterials/Substrate/Glints2/dict_0004_0194" 8104
"/Engine/EngineMaterials/Substrate/Glints2/dict_0004_0195" 8105
"/Engine/EngineMaterials/Substrate/Glints2/dict_0004_0196" 8106
"/Engine/EngineMaterials/Substrate/Glints2/dict_0004_0197" 8107
"/Engine/EngineMaterials/Substrate/Glints2/dict_0004_0198" 8108
"/Engine/EngineMaterials/Substrate/Glints2/dict_0004_0199" 8109
"/Engine/EngineMaterials/Substrate/Glints2/dict_0004_0200" 8110
"/Engine/EngineMaterials/Substrate/Glints2/dict_0004_0201" 8111
"/Engine/EngineMaterials/Substrate/Glints2/dict_0004_0202" 8112
"/Engine/EngineMaterials/Substrate/Glints2/dict_0004_0203" 8113
"/Engine/EngineMaterials/Substrate/Glints2/dict_0004_0204" 8114
"/Engine/EngineMaterials/Substrate/Glints2/dict_0004_0205" 8115
"/Engine/EngineMaterials/Substrate/Glints2/dict_0004_0206" 8116
"/Engine/EngineMaterials/Substrate/Glints2/dict_0004_0207" 8117
"../../../Engine/Content/EngineMaterials/Substrate/Glints2/dict_0004_0174.uasset" 8118
"../../../Engine/Content/EngineMaterials/Substrate/Glints2/dict_0004_0175.uasset" 8119
"../../../Engine/Content/EngineMaterials/Substrate/Glints2/dict_0004_0172.uasset" 8120
"../../../Engine/Content/EngineMaterials/Substrate/Glints2/dict_0004_0170.uasset" 8121
"../../../Engine/Content/EngineMaterials/Substrate/Glints2/dict_0004_0168.uasset" 8122
"../../../Engine/Content/EngineMaterials/Substrate/Glints2/dict_0004_0167.uasset" 8123
"../../../Engine/Content/EngineMaterials/Substrate/Glints2/dict_0004_0171.uasset" 8124
"../../../Engine/Content/EngineMaterials/Substrate/Glints2/dict_0004_0165.uasset" 8125
"../../../Engine/Content/EngineMaterials/Substrate/Glints2/dict_0004_0162.uasset" 8126
"../../../Engine/Content/EngineMaterials/Substrate/Glints2/dict_0004_0169.uasset" 8127
"/Engine/EngineMaterials/Substrate/Glints2/dict_0004_0174" 8128
"../../../Engine/Content/EngineMaterials/Substrate/Glints2/dict_0004_0173.uasset" 8129
"../../../Engine/Content/EngineMaterials/Substrate/Glints2/dict_0004_0153.uasset" 8130
"../../../Engine/Content/EngineMaterials/Substrate/Glints2/dict_0004_0152.uasset" 8131
"../../../Engine/Content/EngineMaterials/Substrate/Glints2/dict_0004_0160.uasset" 8132
"../../../Engine/Content/EngineMaterials/Substrate/Glints2/dict_0004_0164.uasset" 8133
"../../../Engine/Content/EngineMaterials/Substrate/Glints2/dict_0004_0159.uasset" 8134
"../../../Engine/Content/EngineMaterials/Substrate/Glints2/dict_0004_0154.uasset" 8135
"../../../Engine/Content/EngineMaterials/Substrate/Glints2/dict_0004_0157.uasset" 8136
"../../../Engine/Content/EngineMaterials/Substrate/Glints2/dict_0004_0155.uasset" 8137
"../../../Engine/Content/EngineMaterials/Substrate/Glints2/dict_0004_0161.uasset" 8138
"/Engine/EngineMaterials/Substrate/Glints2/dict_0004_0175" 8139
"../../../Engine/Content/EngineMaterials/Substrate/Glints2/dict_0004_0166.uasset" 8140
"../../../Engine/Content/EngineMaterials/Substrate/Glints2/dict_0004_0156.uasset" 8141
"../../../Engine/Content/EngineMaterials/Substrate/Glints2/dict_0004_0158.uasset" 8142
"../../../Engine/Content/EngineMaterials/Substrate/Glints2/dict_0004_0163.uasset" 8143
"/Engine/EngineMaterials/Substrate/Glints2/dict_0004_0176" 8144
"/Engine/EngineMaterials/Substrate/Glints2/dict_0004_0177" 8145
"/Engine/EngineMaterials/Substrate/Glints2/dict_0004_0178" 8146
"/Engine/EngineMaterials/Substrate/Glints2/dict_0004_0179" 8147
"/Engine/EngineMaterials/Substrate/Glints2/dict_0004_0180" 8148
"/Engine/EngineMaterials/Substrate/Glints2/dict_0004_0181" 8149
"/Engine/EngineMaterials/Substrate/Glints2/dict_0004_0182" 8150
"/Engine/EngineMaterials/Substrate/Glints2/dict_0004_0183" 8151
"../../../Engine/Content/EngineMaterials/Substrate/Glints2/dict_0004_0151.uasset" 8152
"../../../Engine/Content/EngineMaterials/Substrate/Glints2/dict_0004_0150.uasset" 8153
"../../../Engine/Content/EngineMaterials/Substrate/Glints2/dict_0004_0149.uasset" 8154
"../../../Engine/Content/EngineMaterials/Substrate/Glints2/dict_0004_0148.uasset" 8155
"../../../Engine/Content/EngineMaterials/Substrate/Glints2/dict_0004_0146.uasset" 8156
"/Engine/EngineMaterials/Substrate/Glints2/dict_0004_0152" 8157
"../../../Engine/Content/EngineMaterials/Substrate/Glints2/dict_0004_0147.uasset" 8158
"../../../Engine/Content/EngineMaterials/Substrate/Glints2/dict_0004_0144.uasset" 8159
"../../../Engine/Content/EngineMaterials/Substrate/Glints2/dict_0004_0142.uasset" 8160
"../../../Engine/Content/EngineMaterials/Substrate/Glints2/dict_0004_0145.uasset" 8161
"../../../Engine/Content/EngineMaterials/Substrate/Glints2/dict_0004_0143.uasset" 8162
"/Engine/EngineMaterials/Substrate/Glints2/dict_0004_0153" 8163
"/Engine/EngineMaterials/Substrate/Glints2/dict_0004_0154" 8164
"/Engine/EngineMaterials/Substrate/Glints2/dict_0004_0155" 8165
"/Engine/EngineMaterials/Substrate/Glints2/dict_0004_0156" 8166
"/Engine/EngineMaterials/Substrate/Glints2/dict_0004_0157" 8167
"/Engine/EngineMaterials/Substrate/Glints2/dict_0004_0158" 8168
"/Engine/EngineMaterials/Substrate/Glints2/dict_0004_0159" 8169
"/Engine/EngineMaterials/Substrate/Glints2/dict_0004_0160" 8170
"/Engine/EngineMaterials/Substrate/Glints2/dict_0004_0161" 8171
"/Engine/EngineMaterials/Substrate/Glints2/dict_0004_0162" 8172
"/Engine/EngineMaterials/Substrate/Glints2/dict_0004_0163" 8173
"/Engine/EngineMaterials/Substrate/Glints2/dict_0004_0164" 8174
"/Engine/EngineMaterials/Substrate/Glints2/dict_0004_0165" 8175
"/Engine/EngineMaterials/Substrate/Glints2/dict_0004_0166" 8176
"/Engine/EngineMaterials/Substrate/Glints2/dict_0004_0167" 8177
"/Engine/EngineMaterials/Substrate/Glints2/dict_0004_0168" 8178
"/Engine/EngineMaterials/Substrate/Glints2/dict_0004_0169" 8179
"/Engine/EngineMaterials/Substrate/Glints2/dict_0004_0170" 8180
"/Engine/EngineMaterials/Substrate/Glints2/dict_0004_0171" 8181
"/Engine/EngineMaterials/Substrate/Glints2/dict_0004_0172" 8182
"/Engine/EngineMaterials/Substrate/Glints2/dict_0004_0173" 8183
"../../../Engine/Content/EngineMaterials/Substrate/Glints2/dict_0004_0141.uasset" 8184
"../../../Engine/Content/EngineMaterials/Substrate/Glints2/dict_0004_0140.uasset" 8185
"../../../Engine/Content/EngineMaterials/Substrate/Glints2/dict_0004_0135.uasset" 8186
"../../../Engine/Content/EngineMaterials/Substrate/Glints2/dict_0004_0136.uasset" 8187
"../../../Engine/Content/EngineMaterials/Substrate/Glints2/dict_0004_0139.uasset" 8188
"../../../Engine/Content/EngineMaterials/Substrate/Glints2/dict_0004_0137.uasset" 8189
"../../../Engine/Content/EngineMaterials/Substrate/Glints2/dict_0004_0133.uasset" 8190
"../../../Engine/Content/EngineMaterials/Substrate/Glints2/dict_0004_0128.uasset" 8191
"/Engine/EngineMaterials/Substrate/Glints2/dict_0004_0142" 8192
"../../../Engine/Content/EngineMaterials/Substrate/Glints2/dict_0004_0138.uasset" 8193
"../../../Engine/Content/EngineMaterials/Substrate/Glints2/dict_0004_0122.uasset" 8194
"../../../Engine/Content/EngineMaterials/Substrate/Glints2/dict_0004_0121.uasset" 8195
"../../../Engine/Content/EngineMaterials/Substrate/Glints2/dict_0004_0124.uasset" 8196
"../../../Engine/Content/EngineMaterials/Substrate/Glints2/dict_0004_0126.uasset" 8197
"../../../Engine/Content/EngineMaterials/Substrate/Glints2/dict_0004_0134.uasset" 8198
"../../../Engine/Content/EngineMaterials/Substrate/Glints2/dict_0004_0130.uasset" 8199
"/Engine/EngineMaterials/Substrate/Glints2/dict_0004_0143" 8200
"../../../Engine/Content/EngineMaterials/Substrate/Glints2/dict_0004_0127.uasset" 8201
"../../../Engine/Content/EngineMaterials/Substrate/Glints2/dict_0004_0132.uasset" 8202
"../../../Engine/Content/EngineMaterials/Substrate/Glints2/dict_0004_0120.uasset" 8203
"../../../Engine/Content/EngineMaterials/Substrate/Glints2/dict_0004_0125.uasset" 8204
"../../../Engine/Content/EngineMaterials/Substrate/Glints2/dict_0004_0123.uasset" 8205
"../../../Engine/Content/EngineMaterials/Substrate/Glints2/dict_0004_0129.uasset" 8206
"../../../Engine/Content/EngineMaterials/Substrate/Glints2/dict_0004_0131.uasset" 8207
"/Engine/EngineMaterials/Substrate/Glints2/dict_0004_0144" 8208
"/Engine/EngineMaterials/Substrate/Glints2/dict_0004_0145" 8209
"/Engine/EngineMaterials/Substrate/Glints2/dict_0004_0146" 8210
"/Engine/EngineMaterials/Substrate/Glints2/dict_0004_0147" 8211
"/Engine/EngineMaterials/Substrate/Glints2/dict_0004_0148" 8212
"/Engine/EngineMaterials/Substrate/Glints2/dict_0004_0149" 8213
"/Engine/EngineMaterials/Substrate/Glints2/dict_0004_0150" 8214
"/Engine/EngineMaterials/Substrate/Glints2/dict_0004_0151" 8215
"../../../Engine/Content/EngineMaterials/Substrate/Glints2/dict_0004_0118.uasset" 8216
"../../../Engine/Content/EngineMaterials/Substrate/Glints2/dict_0004_0119.uasset" 8217
"../../../Engine/Content/EngineMaterials/Substrate/Glints2/dict_0004_0115.uasset" 8218
"../../../Engine/Content/EngineMaterials/Substrate/Glints2/dict_0004_0117.uasset" 8219
"/Engine/EngineMaterials/Substrate/Glints2/dict_0004_0120" 8220
"../../../Engine/Content/EngineMaterials/Substrate/Glints2/dict_0004_0114.uasset" 8221
"../../../Engine/Content/EngineMaterials/Substrate/Glints2/dict_0004_0116.uasset" 8222
"../../../Engine/Content/EngineMaterials/Substrate/Glints2/dict_0004_0113.uasset" 8223
"../../../Engine/Content/EngineMaterials/Substrate/Glints2/dict_0004_0110.uasset" 8224
"../../../Engine/Content/EngineMaterials/Substrate/Glints2/dict_0004_0112.uasset" 8225
"../../../Engine/Content/EngineMaterials/Substrate/Glints2/dict_0004_0111.uasset" 8226
"/Engine/EngineMaterials/Substrate/Glints2/dict_0004_0121" 8227
"/Engine/EngineMaterials/Substrate/Glints2/dict_0004_0122" 8228
"/Engine/EngineMaterials/Substrate/Glints2/dict_0004_0123" 8229
"/Engine/EngineMaterials/Substrate/Glints2/dict_0004_0124" 8230
"/Engine/EngineMaterials/Substrate/Glints2/dict_0004_0125" 8231
"/Engine/EngineMaterials/Substrate/Glints2/dict_0004_0126" 8232
"/Engine/EngineMaterials/Substrate/Glints2/dict_0004_0127" 8233
"/Engine/EngineMaterials/Substrate/Glints2/dict_0004_0128" 8234
"/Engine/EngineMaterials/Substrate/Glints2/dict_0004_0129" 8235
"/Engine/EngineMaterials/Substrate/Glints2/dict_0004_0130" 8236
"/Engine/EngineMaterials/Substrate/Glints2/dict_0004_0131" 8237
"/Engine/EngineMaterials/Substrate/Glints2/dict_0004_0132" 8238
"/Engine/EngineMaterials/Substrate/Glints2/dict_0004_0133" 8239
"/Engine/EngineMaterials/Substrate/Glints2/dict_0004_0134" 8240
"/Engine/EngineMaterials/Substrate/Glints2/dict_0004_0135" 8241
"/Engine/EngineMaterials/Substrate/Glints2/dict_0004_0136" 8242
"/Engine/EngineMaterials/Substrate/Glints2/dict_0004_0137" 8243
"/Engine/EngineMaterials/Substrate/Glints2/dict_0004_0138" 8244
"/Engine/EngineMaterials/Substrate/Glints2/dict_0004_0139" 8245
"/Engine/EngineMaterials/Substrate/Glints2/dict_0004_0140" 8246
"/Engine/EngineMaterials/Substrate/Glints2/dict_0004_0141" 8247
"../../../Engine/Content/EngineMaterials/Substrate/Glints2/dict_0004_0109.uasset" 8248
"../../../Engine/Content/EngineMaterials/Substrate/Glints2/dict_0004_0108.uasset" 8249
"../../../Engine/Content/EngineMaterials/Substrate/Glints2/dict_0004_0107.uasset" 8250
"../../../Engine/Content/EngineMaterials/Substrate/Glints2/dict_0004_0101.uasset" 8251
"../../../Engine/Content/EngineMaterials/Substrate/Glints2/dict_0004_0104.uasset" 8252
"../../../Engine/Content/EngineMaterials/Substrate/Glints2/dict_0004_0106.uasset" 8253
"../../../Engine/Content/EngineMaterials/Substrate/Glints2/dict_0004_0102.uasset" 8254
"../../../Engine/Content/EngineMaterials/Substrate/Glints2/dict_0004_0099.uasset" 8255
"../../../Engine/Content/EngineMaterials/Substrate/Glints2/dict_0004_0100.uasset" 8256
"../../../Engine/Content/EngineMaterials/Substrate/Glints2/dict_0004_0097.uasset" 8257
"../../../Engine/Content/EngineMaterials/Substrate/Glints2/dict_0004_0105.uasset" 8258
"../../../Engine/Content/EngineMaterials/Substrate/Glints2/dict_0004_0095.uasset" 8259
"../../../Engine/Content/EngineMaterials/Substrate/Glints2/dict_0004_0103.uasset" 8260
"../../../Engine/Content/EngineMaterials/Substrate/Glints2/dict_0004_0091.uasset" 8261
"../../../Engine/Content/EngineMaterials/Substrate/Glints2/dict_0004_0088.uasset" 8262
"../../../Engine/Content/EngineMaterials/Substrate/Glints2/dict_0004_0094.uasset" 8263
"../../../Engine/Content/EngineMaterials/Substrate/Glints2/dict_0004_0093.uasset" 8264
"../../../Engine/Content/EngineMaterials/Substrate/Glints2/dict_0004_0089.uasset" 8265
"../../../Engine/Content/EngineMaterials/Substrate/Glints2/dict_0004_0090.uasset" 8266
"../../../Engine/Content/EngineMaterials/Substrate/Glints2/dict_0004_0096.uasset" 8267
"/Engine/EngineMaterials/Substrate/Glints2/dict_0004_0101" 8268
"../../../Engine/Content/EngineMaterials/Substrate/Glints2/dict_0004_0098.uasset" 8269
"../../../Engine/Content/EngineMaterials/Substrate/Glints2/dict_0004_0092.uasset" 8270
"/Engine/EngineMaterials/Substrate/Glints2/dict_0004_0102" 8271
"/Engine/EngineMaterials/Substrate/Glints2/dict_0004_0106" 8272
"/Engine/EngineMaterials/Substrate/Glints2/dict_0004_0107" 8273
"/Engine/EngineMaterials/Substrate/Glints2/dict_0004_0108" 8274
"/Engine/EngineMaterials/Substrate/Glints2/dict_0004_0109" 8275
"/Engine/EngineMaterials/Substrate/Glints2/dict_0004_0110" 8276
"/Engine/EngineMaterials/Substrate/Glints2/dict_0004_0111" 8277
"/Engine/EngineMaterials/Substrate/Glints2/dict_0004_0112" 8278
"/Engine/EngineMaterials/Substrate/Glints2/dict_0004_0113" 8279
"/Engine/EngineMaterials/Substrate/Glints2/dict_0004_0114" 8280
"/Engine/EngineMaterials/Substrate/Glints2/dict_0004_0115" 8281
"/Engine/EngineMaterials/Substrate/Glints2/dict_0004_0116" 8282
"/Engine/EngineMaterials/Substrate/Glints2/dict_0004_0117" 8283
"/Engine/EngineMaterials/Substrate/Glints2/dict_0004_0118" 8284
"/Engine/EngineMaterials/Substrate/Glints2/dict_0004_0119" 8285
"../../../Engine/Content/EngineMaterials/Substrate/Glints2/dict_0004_0085.uasset" 8286
"../../../Engine/Content/EngineMaterials/Substrate/Glints2/dict_0004_0086.uasset" 8287
"../../../Engine/Content/EngineMaterials/Substrate/Glints2/dict_0004_0082.uasset" 8288
"../../../Engine/Content/EngineMaterials/Substrate/Glints2/dict_0004_0081.uasset" 8289
"../../../Engine/Content/EngineMaterials/Substrate/Glints2/dict_0004_0080.uasset" 8290
"/Engine/EngineMaterials/Substrate/Glints2/dict_0004_0088" 8291
"../../../Engine/Content/EngineMaterials/Substrate/Glints2/dict_0004_0083.uasset" 8292
"../../../Engine/Content/EngineMaterials/Substrate/Glints2/dict_0004_0075.uasset" 8293
"../../../Engine/Content/EngineMaterials/Substrate/Glints2/dict_0004_0074.uasset" 8294
"../../../Engine/Content/EngineMaterials/Substrate/Glints2/dict_0004_0077.uasset" 8295
"../../../Engine/Content/EngineMaterials/Substrate/Glints2/dict_0004_0072.uasset" 8296
"../../../Engine/Content/EngineMaterials/Substrate/Glints2/dict_0004_0073.uasset" 8297
"../../../Engine/Content/EngineMaterials/Substrate/Glints2/dict_0004_0087.uasset" 8298
"../../../Engine/Content/EngineMaterials/Substrate/Glints2/dict_0004_0084.uasset" 8299
"/Engine/EngineMaterials/Substrate/Glints2/dict_0004_0089" 8300
"../../../Engine/Content/EngineMaterials/Substrate/Glints2/dict_0004_0079.uasset" 8301
"../../../Engine/Content/EngineMaterials/Substrate/Glints2/dict_0004_0078.uasset" 8302
"../../../Engine/Content/EngineMaterials/Substrate/Glints2/dict_0004_0076.uasset" 8303
"/Engine/EngineMaterials/Substrate/Glints2/dict_0004_0090" 8304
"/Engine/EngineMaterials/Substrate/Glints2/dict_0004_0091" 8305
"/Engine/EngineMaterials/Substrate/Glints2/dict_0004_0092" 8306
"/Engine/EngineMaterials/Substrate/Glints2/dict_0004_0093" 8307
"/Engine/EngineMaterials/Substrate/Glints2/dict_0004_0094" 8308
"/Engine/EngineMaterials/Substrate/Glints2/dict_0004_0095" 8309
"/Engine/EngineMaterials/Substrate/Glints2/dict_0004_0096" 8310
"/Engine/EngineMaterials/Substrate/Glints2/dict_0004_0097" 8311
"/Engine/EngineMaterials/Substrate/Glints2/dict_0004_0098" 8312
"/Engine/EngineMaterials/Substrate/Glints2/dict_0004_0099" 8313
"/Engine/EngineMaterials/Substrate/Glints2/dict_0004_0100" 8314
"/Engine/EngineMaterials/Substrate/Glints2/dict_0004_0103" 8315
"/Engine/EngineMaterials/Substrate/Glints2/dict_0004_0104" 8316
"/Engine/EngineMaterials/Substrate/Glints2/dict_0004_0105" 8317
"../../../Engine/Content/EngineMaterials/Substrate/Glints2/dict_0004_0060.uasset" 8318
"../../../Engine/Content/EngineMaterials/Substrate/Glints2/dict_0004_0064.uasset" 8319
"../../../Engine/Content/EngineMaterials/Substrate/Glints2/dict_0004_0068.uasset" 8320
"/Engine/EngineMaterials/Substrate/Glints2/dict_0004_0072" 8321
"../../../Engine/Content/EngineMaterials/Substrate/Glints2/dict_0004_0059.uasset" 8322
"../../../Engine/Content/EngineMaterials/Substrate/Glints2/dict_0004_0067.uasset" 8323
"../../../Engine/Content/EngineMaterials/Substrate/Glints2/dict_0004_0071.uasset" 8324
"../../../Engine/Content/EngineMaterials/Substrate/Glints2/dict_0004_0066.uasset" 8325
"../../../Engine/Content/EngineMaterials/Substrate/Glints2/dict_0004_0061.uasset" 8326
"../../../Engine/Content/EngineMaterials/Substrate/Glints2/dict_0004_0057.uasset" 8327
"../../../Engine/Content/EngineMaterials/Substrate/Glints2/dict_0004_0056.uasset" 8328
"../../../Engine/Content/EngineMaterials/Substrate/Glints2/dict_0004_0058.uasset" 8329
"../../../Engine/Content/EngineMaterials/Substrate/Glints2/dict_0004_0070.uasset" 8330
"../../../Engine/Content/EngineMaterials/Substrate/Glints2/dict_0004_0063.uasset" 8331
"../../../Engine/Content/EngineMaterials/Substrate/Glints2/dict_0004_0069.uasset" 8332
"/Engine/EngineMaterials/Substrate/Glints2/dict_0004_0073" 8333
"../../../Engine/Content/EngineMaterials/Substrate/Glints2/dict_0004_0062.uasset" 8334
"../../../Engine/Content/EngineMaterials/Substrate/Glints2/dict_0004_0065.uasset" 8335
"/Engine/EngineMaterials/Substrate/Glints2/dict_0004_0074" 8336
"/Engine/EngineMaterials/Substrate/Glints2/dict_0004_0075" 8337
"/Engine/EngineMaterials/Substrate/Glints2/dict_0004_0076" 8338
"/Engine/EngineMaterials/Substrate/Glints2/dict_0004_0077" 8339
"/Engine/EngineMaterials/Substrate/Glints2/dict_0004_0078" 8340
"/Engine/EngineMaterials/Substrate/Glints2/dict_0004_0079" 8341
"/Engine/EngineMaterials/Substrate/Glints2/dict_0004_0080" 8342
"/Engine/EngineMaterials/Substrate/Glints2/dict_0004_0081" 8343
"/Engine/EngineMaterials/Substrate/Glints2/dict_0004_0082" 8344
"/Engine/EngineMaterials/Substrate/Glints2/dict_0004_0083" 8345
"/Engine/EngineMaterials/Substrate/Glints2/dict_0004_0084" 8346
"/Engine/EngineMaterials/Substrate/Glints2/dict_0004_0085" 8347
"/Engine/EngineMaterials/Substrate/Glints2/dict_0004_0086" 8348
"/Engine/EngineMaterials/Substrate/Glints2/dict_0004_0087" 8349
"../../../Engine/Content/EngineMaterials/Substrate/Glints2/dict_0004_0049.uasset" 8350
"../../../Engine/Content/EngineMaterials/Substrate/Glints2/dict_0004_0047.uasset" 8351
"../../../Engine/Content/EngineMaterials/Substrate/Glints2/dict_0004_0046.uasset" 8352
"../../../Engine/Content/EngineMaterials/Substrate/Glints2/dict_0004_0043.uasset" 8353
"../../../Engine/Content/EngineMaterials/Substrate/Glints2/dict_0004_0050.uasset" 8354
"/Engine/EngineMaterials/Substrate/Glints2/dict_0004_0056" 8355
"../../../Engine/Content/EngineMaterials/Substrate/Glints2/dict_0004_0048.uasset" 8356
"../../../Engine/Content/EngineMaterials/Substrate/Glints2/dict_0004_0054.uasset" 8357
"../../../Engine/Content/EngineMaterials/Substrate/Glints2/dict_0004_0040.uasset" 8358
"../../../Engine/Content/EngineMaterials/Substrate/Glints2/dict_0004_0055.uasset" 8359
"../../../Engine/Content/EngineMaterials/Substrate/Glints2/dict_0004_0044.uasset" 8360
"../../../Engine/Content/EngineMaterials/Substrate/Glints2/dict_0004_0045.uasset" 8361
"../../../Engine/Content/EngineMaterials/Substrate/Glints2/dict_0004_0041.uasset" 8362
"../../../Engine/Content/EngineMaterials/Substrate/Glints2/dict_0004_0042.uasset" 8363
"../../../Engine/Content/EngineMaterials/Substrate/Glints2/dict_0004_0053.uasset" 8364
"../../../Engine/Content/EngineMaterials/Substrate/Glints2/dict_0004_0051.uasset" 8365
"/Engine/EngineMaterials/Substrate/Glints2/dict_0004_0057" 8366
"/Engine/EngineMaterials/Substrate/Glints2/dict_0004_0058" 8367
"../../../Engine/Content/EngineMaterials/Substrate/Glints2/dict_0004_0052.uasset" 8368
"/Engine/EngineMaterials/Substrate/Glints2/dict_0004_0059" 8369
"/Engine/EngineMaterials/Substrate/Glints2/dict_0004_0060" 8370
"/Engine/EngineMaterials/Substrate/Glints2/dict_0004_0061" 8371
"/Engine/EngineMaterials/Substrate/Glints2/dict_0004_0062" 8372
"/Engine/EngineMaterials/Substrate/Glints2/dict_0004_0063" 8373
"/Engine/EngineMaterials/Substrate/Glints2/dict_0004_0064" 8374
"/Engine/EngineMaterials/Substrate/Glints2/dict_0004_0065" 8375
"/Engine/EngineMaterials/Substrate/Glints2/dict_0004_0066" 8376
"/Engine/EngineMaterials/Substrate/Glints2/dict_0004_0067" 8377
"/Engine/EngineMaterials/Substrate/Glints2/dict_0004_0068" 8378
"/Engine/EngineMaterials/Substrate/Glints2/dict_0004_0069" 8379
"/Engine/EngineMaterials/Substrate/Glints2/dict_0004_0070" 8380
"/Engine/EngineMaterials/Substrate/Glints2/dict_0004_0071" 8381
"../../../Engine/Content/EngineMaterials/Substrate/Glints2/dict_0004_0039.uasset" 8382
"../../../Engine/Content/EngineMaterials/Substrate/Glints2/dict_0004_0038.uasset" 8383
"../../../Engine/Content/EngineMaterials/Substrate/Glints2/dict_0004_0037.uasset" 8384
"../../../Engine/Content/EngineMaterials/Substrate/Glints2/dict_0004_0035.uasset" 8385
"../../../Engine/Content/EngineMaterials/Substrate/Glints2/dict_0004_0026.uasset" 8386
"../../../Engine/Content/EngineMaterials/Substrate/Glints2/dict_0004_0034.uasset" 8387
"../../../Engine/Content/EngineMaterials/Substrate/Glints2/dict_0004_0025.uasset" 8388
"../../../Engine/Content/EngineMaterials/Substrate/Glints2/dict_0004_0031.uasset" 8389
"/Engine/EngineMaterials/Substrate/Glints2/dict_0004_0040" 8390
"../../../Engine/Content/EngineMaterials/Substrate/Glints2/dict_0004_0029.uasset" 8391
"../../../Engine/Content/EngineMaterials/Substrate/Glints2/dict_0004_0024.uasset" 8392
"../../../Engine/Content/EngineMaterials/Substrate/Glints2/dict_0004_0028.uasset" 8393
"../../../Engine/Content/EngineMaterials/Substrate/Glints2/dict_0004_0027.uasset" 8394
"../../../Engine/Content/EngineMaterials/Substrate/Glints2/dict_0004_0030.uasset" 8395
"../../../Engine/Content/EngineMaterials/Substrate/Glints2/dict_0004_0036.uasset" 8396
"../../../Engine/Content/EngineMaterials/Substrate/Glints2/dict_0004_0032.uasset" 8397
"../../../Engine/Content/EngineMaterials/Substrate/Glints2/dict_0004_0033.uasset" 8398
"/Engine/EngineMaterials/Substrate/Glints2/dict_0004_0041" 8399
"/Engine/EngineMaterials/Substrate/Glints2/dict_0004_0042" 8400
"/Engine/EngineMaterials/Substrate/Glints2/dict_0004_0043" 8401
"/Engine/EngineMaterials/Substrate/Glints2/dict_0004_0044" 8402
"/Engine/EngineMaterials/Substrate/Glints2/dict_0004_0045" 8403
"/Engine/EngineMaterials/Substrate/Glints2/dict_0004_0046" 8404
"/Engine/EngineMaterials/Substrate/Glints2/dict_0004_0047" 8405
"/Engine/EngineMaterials/Substrate/Glints2/dict_0004_0048" 8406
"/Engine/EngineMaterials/Substrate/Glints2/dict_0004_0049" 8407
"/Engine/EngineMaterials/Substrate/Glints2/dict_0004_0050" 8408
"/Engine/EngineMaterials/Substrate/Glints2/dict_0004_0051" 8409
"/Engine/EngineMaterials/Substrate/Glints2/dict_0004_0052" 8410
"/Engine/EngineMaterials/Substrate/Glints2/dict_0004_0053" 8411
"/Engine/EngineMaterials/Substrate/Glints2/dict_0004_0054" 8412
"/Engine/EngineMaterials/Substrate/Glints2/dict_0004_0055" 8413
"../../../Engine/Content/EngineMaterials/Substrate/Glints2/dict_0004_0023.uasset" 8414
"../../../Engine/Content/EngineMaterials/Substrate/Glints2/dict_0004_0022.uasset" 8415
"../../../Engine/Content/EngineMaterials/Substrate/Glints2/dict_0004_0021.uasset" 8416
"../../../Engine/Content/EngineMaterials/Substrate/Glints2/dict_0004_0020.uasset" 8417
"../../../Engine/Content/EngineMaterials/Substrate/Glints2/dict_0004_0018.uasset" 8418
"/Engine/EngineMaterials/Substrate/Glints2/dict_0004_0024" 8419
"../../../Engine/Content/EngineMaterials/Substrate/Glints2/dict_0004_0012.uasset" 8420
"../../../Engine/Content/EngineMaterials/Substrate/Glints2/dict_0004_0010.uasset" 8421
"../../../Engine/Content/EngineMaterials/Substrate/Glints2/dict_0004_0019.uasset" 8422
"../../../Engine/Content/EngineMaterials/Substrate/Glints2/dict_0004_0009.uasset" 8423
"../../../Engine/Content/EngineMaterials/Substrate/Glints2/dict_0004_0016.uasset" 8424
"../../../Engine/Content/EngineMaterials/Substrate/Glints2/dict_0004_0015.uasset" 8425
"../../../Engine/Content/EngineMaterials/Substrate/Glints2/dict_0004_0017.uasset" 8426
"/Engine/EngineMaterials/Substrate/Glints2/dict_0004_0025" 8427
"../../../Engine/Content/EngineMaterials/Substrate/Glints2/dict_0004_0008.uasset" 8428
"../../../Engine/Content/EngineMaterials/Substrate/Glints2/dict_0004_0013.uasset" 8429
"../../../Engine/Content/EngineMaterials/Substrate/Glints2/dict_0004_0014.uasset" 8430
"../../../Engine/Content/EngineMaterials/Substrate/Glints2/dict_0004_0011.uasset" 8431
"/Engine/EngineMaterials/Substrate/Glints2/dict_0004_0026" 8432
"/Engine/EngineMaterials/Substrate/Glints2/dict_0004_0027" 8433
"/Engine/EngineMaterials/Substrate/Glints2/dict_0004_0028" 8434
"/Engine/EngineMaterials/Substrate/Glints2/dict_0004_0029" 8435
"/Engine/EngineMaterials/Substrate/Glints2/dict_0004_0030" 8436
"/Engine/EngineMaterials/Substrate/Glints2/dict_0004_0031" 8437
"/Engine/EngineMaterials/Substrate/Glints2/dict_0004_0032" 8438
"/Engine/EngineMaterials/Substrate/Glints2/dict_0004_0033" 8439
"/Engine/EngineMaterials/Substrate/Glints2/dict_0004_0034" 8440
"/Engine/EngineMaterials/Substrate/Glints2/dict_0004_0035" 8441
"/Engine/EngineMaterials/Substrate/Glints2/dict_0004_0036" 8442
"/Engine/EngineMaterials/Substrate/Glints2/dict_0004_0037" 8443
"/Engine/EngineMaterials/Substrate/Glints2/dict_0004_0038" 8444
"/Engine/EngineMaterials/Substrate/Glints2/dict_0004_0039" 8445
"/Engine/EngineMaterials/Substrate/Glints2/dict_0004_0022" 8446
"/Engine/EngineMaterials/Substrate/Glints2/dict_0004_0023" 8447
"../../../Engine/Content/EngineMaterials/Substrate/Glints2/dict_0004_0007.uasset" 8448
"../../../Engine/Content/EngineMaterials/Substrate/Glints2/dict_0004_0006.uasset" 8449
"../../../Engine/Content/EngineMaterials/Substrate/Glints2/dict_0004_0001.uasset" 8450
"../../../Engine/Content/EngineMaterials/Substrate/Glints2/dict_0004_0002.uasset" 8451
"../../../Engine/Content/EngineMaterials/Substrate/Glints2/dict_0004_0003.uasset" 8452
"/Engine/EngineMaterials/Substrate/Glints2/dict_0004_0008" 8453
"../../../Engine/Content/EngineMaterials/Substrate/Glints2/dict_0004_0004.uasset" 8454
"../../../Engine/Content/EngineMaterials/Substrate/Glints2/dict_0004_0005.uasset" 8455
"../../../Engine/Content/EngineMaterials/Substrate/Glints2/dict_0003_0249.uasset" 8456
"../../../Engine/Content/EngineMaterials/Substrate/Glints2/dict_0003_0253.uasset" 8457
"../../../Engine/Content/EngineMaterials/Substrate/Glints2/dict_0003_0248.uasset" 8458
"../../../Engine/Content/EngineMaterials/Substrate/Glints2/dict_0004_0000.uasset" 8459
"../../../Engine/Content/EngineMaterials/Substrate/Glints2/dict_0003_0247.uasset" 8460
"../../../Engine/Content/EngineMaterials/Substrate/Glints2/dict_0003_0254.uasset" 8461
"../../../Engine/Content/EngineMaterials/Substrate/Glints2/dict_0003_0252.uasset" 8462
"../../../Engine/Content/EngineMaterials/Substrate/Glints2/dict_0003_0246.uasset" 8463
"../../../Engine/Content/EngineMaterials/Substrate/Glints2/dict_0003_0251.uasset" 8464
"../../../Engine/Content/EngineMaterials/Substrate/Glints2/dict_0003_0250.uasset" 8465
"../../../Engine/Content/EngineMaterials/Substrate/Glints2/dict_0003_0255.uasset" 8466
"/Engine/EngineMaterials/Substrate/Glints2/dict_0004_0009" 8467
"/Engine/EngineMaterials/Substrate/Glints2/dict_0004_0010" 8468
"/Engine/EngineMaterials/Substrate/Glints2/dict_0004_0011" 8469
"/Engine/EngineMaterials/Substrate/Glints2/dict_0004_0012" 8470
"/Engine/EngineMaterials/Substrate/Glints2/dict_0004_0013" 8471
"/Engine/EngineMaterials/Substrate/Glints2/dict_0004_0014" 8472
"/Engine/EngineMaterials/Substrate/Glints2/dict_0004_0015" 8473
"/Engine/EngineMaterials/Substrate/Glints2/dict_0004_0016" 8474
"/Engine/EngineMaterials/Substrate/Glints2/dict_0004_0017" 8475
"/Engine/EngineMaterials/Substrate/Glints2/dict_0004_0018" 8476
"/Engine/EngineMaterials/Substrate/Glints2/dict_0004_0019" 8477
"/Engine/EngineMaterials/Substrate/Glints2/dict_0004_0020" 8478
"/Engine/EngineMaterials/Substrate/Glints2/dict_0004_0021" 8479
"/Engine/EngineMaterials/Substrate/Glints2/dict_0004_0006" 8480
"/Engine/EngineMaterials/Substrate/Glints2/dict_0004_0007" 8481
"../../../Engine/Content/EngineMaterials/Substrate/Glints2/dict_0003_0245.uasset" 8482
"../../../Engine/Content/EngineMaterials/Substrate/Glints2/dict_0003_0244.uasset" 8483
"../../../Engine/Content/EngineMaterials/Substrate/Glints2/dict_0003_0241.uasset" 8484
"../../../Engine/Content/EngineMaterials/Substrate/Glints2/dict_0003_0237.uasset" 8485
"../../../Engine/Content/EngineMaterials/Substrate/Glints2/dict_0003_0240.uasset" 8486
"../../../Engine/Content/EngineMaterials/Substrate/Glints2/dict_0003_0242.uasset" 8487
"../../../Engine/Content/EngineMaterials/Substrate/Glints2/dict_0003_0243.uasset" 8488
"../../../Engine/Content/EngineMaterials/Substrate/Glints2/dict_0003_0238.uasset" 8489
"../../../Engine/Content/EngineMaterials/Substrate/Glints2/dict_0003_0231.uasset" 8490
"../../../Engine/Content/EngineMaterials/Substrate/Glints2/dict_0003_0236.uasset" 8491
"../../../Engine/Content/EngineMaterials/Substrate/Glints2/dict_0003_0234.uasset" 8492
"../../../Engine/Content/EngineMaterials/Substrate/Glints2/dict_0003_0232.uasset" 8493
"../../../Engine/Content/EngineMaterials/Substrate/Glints2/dict_0003_0230.uasset" 8494
"../../../Engine/Content/EngineMaterials/Substrate/Glints2/dict_0003_0235.uasset" 8495
"../../../Engine/Content/EngineMaterials/Substrate/Glints2/dict_0003_0233.uasset" 8496
"/Engine/EngineMaterials/Substrate/Glints2/dict_0003_0246" 8497
"../../../Engine/Content/EngineMaterials/Substrate/Glints2/dict_0003_0239.uasset" 8498
"/Engine/EngineMaterials/Substrate/Glints2/dict_0003_0247" 8499
"/Engine/EngineMaterials/Substrate/Glints2/dict_0003_0248" 8500
"/Engine/EngineMaterials/Substrate/Glints2/dict_0003_0249" 8501
"/Engine/EngineMaterials/Substrate/Glints2/dict_0003_0250" 8502
"/Engine/EngineMaterials/Substrate/Glints2/dict_0003_0251" 8503
"/Engine/EngineMaterials/Substrate/Glints2/dict_0003_0252" 8504
"/Engine/EngineMaterials/Substrate/Glints2/dict_0003_0253" 8505
"/Engine/EngineMaterials/Substrate/Glints2/dict_0003_0254" 8506
"/Engine/EngineMaterials/Substrate/Glints2/dict_0003_0255" 8507
"/Engine/EngineMaterials/Substrate/Glints2/dict_0004_0000" 8508
"/Engine/EngineMaterials/Substrate/Glints2/dict_0004_0001" 8509
"/Engine/EngineMaterials/Substrate/Glints2/dict_0004_0002" 8510
"/Engine/EngineMaterials/Substrate/Glints2/dict_0004_0003" 8511
"/Engine/EngineMaterials/Substrate/Glints2/dict_0004_0004" 8512
"/Engine/EngineMaterials/Substrate/Glints2/dict_0004_0005" 8513
"/Engine/EngineMaterials/Substrate/Glints2/dict_0003_0237" 8514
"/Engine/EngineMaterials/Substrate/Glints2/dict_0003_0244" 8515
"/Engine/EngineMaterials/Substrate/Glints2/dict_0003_0245" 8516
"../../../Engine/Content/EngineMaterials/Substrate/Glints2/dict_0003_0229.uasset" 8517
"../../../Engine/Content/EngineMaterials/Substrate/Glints2/dict_0003_0228.uasset" 8518
"../../../Engine/Content/EngineMaterials/Substrate/Glints2/dict_0003_0226.uasset" 8519
"../../../Engine/Content/EngineMaterials/Substrate/Glints2/dict_0003_0223.uasset" 8520
"../../../Engine/Content/EngineMaterials/Substrate/Glints2/dict_0003_0224.uasset" 8521
"/Engine/EngineMaterials/Substrate/Glints2/dict_0003_0230" 8522
"../../../Engine/Content/EngineMaterials/Substrate/Glints2/dict_0003_0217.uasset" 8523
"../../../Engine/Content/EngineMaterials/Substrate/Glints2/dict_0003_0216.uasset" 8524
"../../../Engine/Content/EngineMaterials/Substrate/Glints2/dict_0003_0227.uasset" 8525
"../../../Engine/Content/EngineMaterials/Substrate/Glints2/dict_0003_0212.uasset" 8526
"../../../Engine/Content/EngineMaterials/Substrate/Glints2/dict_0003_0213.uasset" 8527
"../../../Engine/Content/EngineMaterials/Substrate/Glints2/dict_0003_0221.uasset" 8528
"../../../Engine/Content/EngineMaterials/Substrate/Glints2/dict_0003_0225.uasset" 8529
"../../../Engine/Content/EngineMaterials/Substrate/Glints2/dict_0003_0222.uasset" 8530
"../../../Engine/Content/EngineMaterials/Substrate/Glints2/dict_0003_0215.uasset" 8531
"/Engine/EngineMaterials/Substrate/Glints2/dict_0003_0231" 8532
"../../../Engine/Content/EngineMaterials/Substrate/Glints2/dict_0003_0220.uasset" 8533
"../../../Engine/Content/EngineMaterials/Substrate/Glints2/dict_0003_0219.uasset" 8534
"../../../Engine/Content/EngineMaterials/Substrate/Glints2/dict_0003_0218.uasset" 8535
"../../../Engine/Content/EngineMaterials/Substrate/Glints2/dict_0003_0211.uasset" 8536
"../../../Engine/Content/EngineMaterials/Substrate/Glints2/dict_0003_0214.uasset" 8537
"/Engine/EngineMaterials/Substrate/Glints2/dict_0003_0232" 8538
"/Engine/EngineMaterials/Substrate/Glints2/dict_0003_0233" 8539
"/Engine/EngineMaterials/Substrate/Glints2/dict_0003_0234" 8540
"/Engine/EngineMaterials/Substrate/Glints2/dict_0003_0235" 8541
"/Engine/EngineMaterials/Substrate/Glints2/dict_0003_0236" 8542
"/Engine/EngineMaterials/Substrate/Glints2/dict_0003_0238" 8543
"/Engine/EngineMaterials/Substrate/Glints2/dict_0003_0239" 8544
"/Engine/EngineMaterials/Substrate/Glints2/dict_0003_0240" 8545
"/Engine/EngineMaterials/Substrate/Glints2/dict_0003_0241" 8546
"/Engine/EngineMaterials/Substrate/Glints2/dict_0003_0242" 8547
"/Engine/EngineMaterials/Substrate/Glints2/dict_0003_0243" 8548
"/Engine/EngineMaterials/Substrate/Glints2/dict_0003_0229" 8549
"../../../Engine/Content/EngineMaterials/Substrate/Glints2/dict_0003_0209.uasset" 8550
"../../../Engine/Content/EngineMaterials/Substrate/Glints2/dict_0003_0208.uasset" 8551
"../../../Engine/Content/EngineMaterials/Substrate/Glints2/dict_0003_0205.uasset" 8552
"../../../Engine/Content/EngineMaterials/Substrate/Glints2/dict_0003_0204.uasset" 8553
"../../../Engine/Content/EngineMaterials/Substrate/Glints2/dict_0003_0202.uasset" 8554
"../../../Engine/Content/EngineMaterials/Substrate/Glints2/dict_0003_0201.uasset" 8555
"../../../Engine/Content/EngineMaterials/Substrate/Glints2/dict_0003_0199.uasset" 8556
"../../../Engine/Content/EngineMaterials/Substrate/Glints2/dict_0003_0210.uasset" 8557
"../../../Engine/Content/EngineMaterials/Substrate/Glints2/dict_0003_0200.uasset" 8558
"/Engine/EngineMaterials/Substrate/Glints2/dict_0003_0211" 8559
"../../../Engine/Content/EngineMaterials/Substrate/Glints2/dict_0003_0206.uasset" 8560
"../../../Engine/Content/EngineMaterials/Substrate/Glints2/dict_0003_0197.uasset" 8561
"../../../Engine/Content/EngineMaterials/Substrate/Glints2/dict_0003_0198.uasset" 8562
"../../../Engine/Content/EngineMaterials/Substrate/Glints2/dict_0003_0203.uasset" 8563
"../../../Engine/Content/EngineMaterials/Substrate/Glints2/dict_0003_0207.uasset" 8564
"/Engine/EngineMaterials/Substrate/Glints2/dict_0003_0212" 8565
"/Engine/EngineMaterials/Substrate/Glints2/dict_0003_0213" 8566
"/Engine/EngineMaterials/Substrate/Glints2/dict_0003_0214" 8567
"/Engine/EngineMaterials/Substrate/Glints2/dict_0003_0215" 8568
"/Engine/EngineMaterials/Substrate/Glints2/dict_0003_0216" 8569
"/Engine/EngineMaterials/Substrate/Glints2/dict_0003_0217" 8570
"/Engine/EngineMaterials/Substrate/Glints2/dict_0003_0218" 8571
"/Engine/EngineMaterials/Substrate/Glints2/dict_0003_0219" 8572
"/Engine/EngineMaterials/Substrate/Glints2/dict_0003_0220" 8573
"/Engine/EngineMaterials/Substrate/Glints2/dict_0003_0221" 8574
"/Engine/EngineMaterials/Substrate/Glints2/dict_0003_0222" 8575
"/Engine/EngineMaterials/Substrate/Glints2/dict_0003_0223" 8576
"/Engine/EngineMaterials/Substrate/Glints2/dict_0003_0224" 8577
"/Engine/EngineMaterials/Substrate/Glints2/dict_0003_0225" 8578
"/Engine/EngineMaterials/Substrate/Glints2/dict_0003_0226" 8579
"/Engine/EngineMaterials/Substrate/Glints2/dict_0003_0227" 8580
"/Engine/EngineMaterials/Substrate/Glints2/dict_0003_0228" 8581
"../../../Engine/Content/EngineMaterials/Substrate/Glints2/dict_0003_0196.uasset" 8582
"../../../Engine/Content/EngineMaterials/Substrate/Glints2/dict_0003_0195.uasset" 8583
"../../../Engine/Content/EngineMaterials/Substrate/Glints2/dict_0003_0194.uasset" 8584
"../../../Engine/Content/EngineMaterials/Substrate/Glints2/dict_0003_0193.uasset" 8585
"../../../Engine/Content/EngineMaterials/Substrate/Glints2/dict_0003_0191.uasset" 8586
"../../../Engine/Content/EngineMaterials/Substrate/Glints2/dict_0003_0186.uasset" 8587
"../../../Engine/Content/EngineMaterials/Substrate/Glints2/dict_0003_0184.uasset" 8588
"../../../Engine/Content/EngineMaterials/Substrate/Glints2/dict_0003_0185.uasset" 8589
"../../../Engine/Content/EngineMaterials/Substrate/Glints2/dict_0003_0180.uasset" 8590
"../../../Engine/Content/EngineMaterials/Substrate/Glints2/dict_0003_0189.uasset" 8591
"../../../Engine/Content/EngineMaterials/Substrate/Glints2/dict_0003_0179.uasset" 8592
"../../../Engine/Content/EngineMaterials/Substrate/Glints2/dict_0003_0183.uasset" 8593
"../../../Engine/Content/EngineMaterials/Substrate/Glints2/dict_0003_0190.uasset" 8594
"../../../Engine/Content/EngineMaterials/Substrate/Glints2/dict_0003_0181.uasset" 8595
"../../../Engine/Content/EngineMaterials/Substrate/Glints2/dict_0003_0182.uasset" 8596
"../../../Engine/Content/EngineMaterials/Substrate/Glints2/dict_0003_0192.uasset" 8597
"../../../Engine/Content/EngineMaterials/Substrate/Glints2/dict_0003_0188.uasset" 8598
"/Engine/EngineMaterials/Substrate/Glints2/dict_0003_0197" 8599
"../../../Engine/Content/EngineMaterials/Substrate/Glints2/dict_0003_0187.uasset" 8600
"/Engine/EngineMaterials/Substrate/Glints2/dict_0003_0198" 8601
"/Engine/EngineMaterials/Substrate/Glints2/dict_0003_0199" 8602
"/Engine/EngineMaterials/Substrate/Glints2/dict_0003_0200" 8603
"/Engine/EngineMaterials/Substrate/Glints2/dict_0003_0201" 8604
"/Engine/EngineMaterials/Substrate/Glints2/dict_0003_0202" 8605
"/Engine/EngineMaterials/Substrate/Glints2/dict_0003_0203" 8606
"/Engine/EngineMaterials/Substrate/Glints2/dict_0003_0204" 8607
"/Engine/EngineMaterials/Substrate/Glints2/dict_0003_0205" 8608
"/Engine/EngineMaterials/Substrate/Glints2/dict_0003_0206" 8609
"/Engine/EngineMaterials/Substrate/Glints2/dict_0003_0207" 8610
"/Engine/EngineMaterials/Substrate/Glints2/dict_0003_0208" 8611
"/Engine/EngineMaterials/Substrate/Glints2/dict_0003_0209" 8612
"/Engine/EngineMaterials/Substrate/Glints2/dict_0003_0210" 8613
"../../../Engine/Content/EngineMaterials/Substrate/Glints2/dict_0003_0178.uasset" 8614
"../../../Engine/Content/EngineMaterials/Substrate/Glints2/dict_0003_0176.uasset" 8615
"../../../Engine/Content/EngineMaterials/Substrate/Glints2/dict_0003_0175.uasset" 8616
"../../../Engine/Content/EngineMaterials/Substrate/Glints2/dict_0003_0172.uasset" 8617
"../../../Engine/Content/EngineMaterials/Substrate/Glints2/dict_0003_0170.uasset" 8618
"../../../Engine/Content/EngineMaterials/Substrate/Glints2/dict_0003_0173.uasset" 8619
"/Engine/EngineMaterials/Substrate/Glints2/dict_0003_0179" 8620
"../../../Engine/Content/EngineMaterials/Substrate/Glints2/dict_0003_0168.uasset" 8621
"../../../Engine/Content/EngineMaterials/Substrate/Glints2/dict_0003_0169.uasset" 8622
"../../../Engine/Content/EngineMaterials/Substrate/Glints2/dict_0003_0166.uasset" 8623
"../../../Engine/Content/EngineMaterials/Substrate/Glints2/dict_0003_0165.uasset" 8624
"../../../Engine/Content/EngineMaterials/Substrate/Glints2/dict_0003_0177.uasset" 8625
"../../../Engine/Content/EngineMaterials/Substrate/Glints2/dict_0003_0174.uasset" 8626
"../../../Engine/Content/EngineMaterials/Substrate/Glints2/dict_0003_0171.uasset" 8627
"../../../Engine/Content/EngineMaterials/Substrate/Glints2/dict_0003_0167.uasset" 8628
"/Engine/EngineMaterials/Substrate/Glints2/dict_0003_0180" 8629
"/Engine/EngineMaterials/Substrate/Glints2/dict_0003_0181" 8630
"/Engine/EngineMaterials/Substrate/Glints2/dict_0003_0182" 8631
"/Engine/EngineMaterials/Substrate/Glints2/dict_0003_0183" 8632
"/Engine/EngineMaterials/Substrate/Glints2/dict_0003_0184" 8633
"/Engine/EngineMaterials/Substrate/Glints2/dict_0003_0185" 8634
"/Engine/EngineMaterials/Substrate/Glints2/dict_0003_0186" 8635
"/Engine/EngineMaterials/Substrate/Glints2/dict_0003_0187" 8636
"/Engine/EngineMaterials/Substrate/Glints2/dict_0003_0188" 8637
"/Engine/EngineMaterials/Substrate/Glints2/dict_0003_0189" 8638
"/Engine/EngineMaterials/Substrate/Glints2/dict_0003_0190" 8639
"/Engine/EngineMaterials/Substrate/Glints2/dict_0003_0191" 8640
"/Engine/EngineMaterials/Substrate/Glints2/dict_0003_0192" 8641
"/Engine/EngineMaterials/Substrate/Glints2/dict_0003_0193" 8642
"/Engine/EngineMaterials/Substrate/Glints2/dict_0003_0194" 8643
"/Engine/EngineMaterials/Substrate/Glints2/dict_0003_0195" 8644
"/Engine/EngineMaterials/Substrate/Glints2/dict_0003_0196" 8645
"../../../Engine/Content/EngineMaterials/Substrate/Glints2/dict_0003_0160.uasset" 8646
"../../../Engine/Content/EngineMaterials/Substrate/Glints2/dict_0003_0162.uasset" 8647
"../../../Engine/Content/EngineMaterials/Substrate/Glints2/dict_0003_0157.uasset" 8648
"../../../Engine/Content/EngineMaterials/Substrate/Glints2/dict_0003_0158.uasset" 8649
"../../../Engine/Content/EngineMaterials/Substrate/Glints2/dict_0003_0156.uasset" 8650
"../../../Engine/Content/EngineMaterials/Substrate/Glints2/dict_0003_0155.uasset" 8651
"../../../Engine/Content/EngineMaterials/Substrate/Glints2/dict_0003_0154.uasset" 8652
"../../../Engine/Content/EngineMaterials/Substrate/Glints2/dict_0003_0153.uasset" 8653
"../../../Engine/Content/EngineMaterials/Substrate/Glints2/dict_0003_0159.uasset" 8654
"../../../Engine/Content/EngineMaterials/Substrate/Glints2/dict_0003_0164.uasset" 8655
"/Engine/EngineMaterials/Substrate/Glints2/dict_0003_0165" 8656
"../../../Engine/Content/EngineMaterials/Substrate/Glints2/dict_0003_0151.uasset" 8657
"../../../Engine/Content/EngineMaterials/Substrate/Glints2/dict_0003_0149.uasset" 8658
"../../../Engine/Content/EngineMaterials/Substrate/Glints2/dict_0003_0150.uasset" 8659
"../../../Engine/Content/EngineMaterials/Substrate/Glints2/dict_0003_0152.uasset" 8660
"../../../Engine/Content/EngineMaterials/Substrate/Glints2/dict_0003_0147.uasset" 8661
"../../../Engine/Content/EngineMaterials/Substrate/Glints2/dict_0003_0163.uasset" 8662
"../../../Engine/Content/EngineMaterials/Substrate/Glints2/dict_0003_0161.uasset" 8663
"../../../Engine/Content/EngineMaterials/Substrate/Glints2/dict_0003_0148.uasset" 8664
"/Engine/EngineMaterials/Substrate/Glints2/dict_0003_0166" 8665
"/Engine/EngineMaterials/Substrate/Glints2/dict_0003_0167" 8666
"/Engine/EngineMaterials/Substrate/Glints2/dict_0003_0168" 8667
"/Engine/EngineMaterials/Substrate/Glints2/dict_0003_0169" 8668
"/Engine/EngineMaterials/Substrate/Glints2/dict_0003_0170" 8669
"/Engine/EngineMaterials/Substrate/Glints2/dict_0003_0171" 8670
"/Engine/EngineMaterials/Substrate/Glints2/dict_0003_0172" 8671
"/Engine/EngineMaterials/Substrate/Glints2/dict_0003_0173" 8672
"/Engine/EngineMaterials/Substrate/Glints2/dict_0003_0174" 8673
"/Engine/EngineMaterials/Substrate/Glints2/dict_0003_0175" 8674
"/Engine/EngineMaterials/Substrate/Glints2/dict_0003_0176" 8675
"/Engine/EngineMaterials/Substrate/Glints2/dict_0003_0177" 8676
"/Engine/EngineMaterials/Substrate/Glints2/dict_0003_0178" 8677
"../../../Engine/Content/EngineMaterials/Substrate/Glints2/dict_0003_0143.uasset" 8678
"../../../Engine/Content/EngineMaterials/Substrate/Glints2/dict_0003_0141.uasset" 8679
"../../../Engine/Content/EngineMaterials/Substrate/Glints2/dict_0003_0139.uasset" 8680
"../../../Engine/Content/EngineMaterials/Substrate/Glints2/dict_0003_0138.uasset" 8681
"../../../Engine/Content/EngineMaterials/Substrate/Glints2/dict_0003_0145.uasset" 8682
"../../../Engine/Content/EngineMaterials/Substrate/Glints2/dict_0003_0146.uasset" 8683
"../../../Engine/Content/EngineMaterials/Substrate/Glints2/dict_0003_0135.uasset" 8684
"../../../Engine/Content/EngineMaterials/Substrate/Glints2/dict_0003_0136.uasset" 8685
"../../../Engine/Content/EngineMaterials/Substrate/Glints2/dict_0003_0137.uasset" 8686
"../../../Engine/Content/EngineMaterials/Substrate/Glints2/dict_0003_0142.uasset" 8687
"../../../Engine/Content/EngineMaterials/Substrate/Glints2/dict_0003_0133.uasset" 8688
"../../../Engine/Content/EngineMaterials/Substrate/Glints2/dict_0003_0134.uasset" 8689
"/Engine/EngineMaterials/Substrate/Glints2/dict_0003_0147" 8690
"../../../Engine/Content/EngineMaterials/Substrate/Glints2/dict_0003_0140.uasset" 8691
"../../../Engine/Content/EngineMaterials/Substrate/Glints2/dict_0003_0144.uasset" 8692
"/Engine/EngineMaterials/Substrate/Glints2/dict_0003_0148" 8693
"/Engine/EngineMaterials/Substrate/Glints2/dict_0003_0149" 8694
"/Engine/EngineMaterials/Substrate/Glints2/dict_0003_0150" 8695
"/Engine/EngineMaterials/Substrate/Glints2/dict_0003_0151" 8696
"/Engine/EngineMaterials/Substrate/Glints2/dict_0003_0152" 8697
"/Engine/EngineMaterials/Substrate/Glints2/dict_0003_0153" 8698
"/Engine/EngineMaterials/Substrate/Glints2/dict_0003_0154" 8699
"/Engine/EngineMaterials/Substrate/Glints2/dict_0003_0155" 8700
"/Engine/EngineMaterials/Substrate/Glints2/dict_0003_0156" 8701
"/Engine/EngineMaterials/Substrate/Glints2/dict_0003_0157" 8702
"/Engine/EngineMaterials/Substrate/Glints2/dict_0003_0158" 8703
"/Engine/EngineMaterials/Substrate/Glints2/dict_0003_0159" 8704
"/Engine/EngineMaterials/Substrate/Glints2/dict_0003_0160" 8705
"/Engine/EngineMaterials/Substrate/Glints2/dict_0003_0161" 8706
"/Engine/EngineMaterials/Substrate/Glints2/dict_0003_0162" 8707
"/Engine/EngineMaterials/Substrate/Glints2/dict_0003_0163" 8708
"/Engine/EngineMaterials/Substrate/Glints2/dict_0003_0164" 8709
"../../../Engine/Content/EngineMaterials/Substrate/Glints2/dict_0003_0132.uasset" 8710
"../../../Engine/Content/EngineMaterials/Substrate/Glints2/dict_0003_0128.uasset" 8711
"../../../Engine/Content/EngineMaterials/Substrate/Glints2/dict_0003_0120.uasset" 8712
"../../../Engine/Content/EngineMaterials/Substrate/Glints2/dict_0003_0125.uasset" 8713
"../../../Engine/Content/EngineMaterials/Substrate/Glints2/dict_0003_0121.uasset" 8714
"/Engine/EngineMaterials/Substrate/Glints2/dict_0003_0133" 8715
"../../../Engine/Content/EngineMaterials/Substrate/Glints2/dict_0003_0119.uasset" 8716
"../../../Engine/Content/EngineMaterials/Substrate/Glints2/dict_0003_0127.uasset" 8717
"../../../Engine/Content/EngineMaterials/Substrate/Glints2/dict_0003_0116.uasset" 8718
"../../../Engine/Content/EngineMaterials/Substrate/Glints2/dict_0003_0122.uasset" 8719
"../../../Engine/Content/EngineMaterials/Substrate/Glints2/dict_0003_0123.uasset" 8720
"../../../Engine/Content/EngineMaterials/Substrate/Glints2/dict_0003_0129.uasset" 8721
"../../../Engine/Content/EngineMaterials/Substrate/Glints2/dict_0003_0115.uasset" 8722
"../../../Engine/Content/EngineMaterials/Substrate/Glints2/dict_0003_0117.uasset" 8723
"../../../Engine/Content/EngineMaterials/Substrate/Glints2/dict_0003_0131.uasset" 8724
"../../../Engine/Content/EngineMaterials/Substrate/Glints2/dict_0003_0130.uasset" 8725
"../../../Engine/Content/EngineMaterials/Substrate/Glints2/dict_0003_0124.uasset" 8726
"../../../Engine/Content/EngineMaterials/Substrate/Glints2/dict_0003_0126.uasset" 8727
"../../../Engine/Content/EngineMaterials/Substrate/Glints2/dict_0003_0118.uasset" 8728
"/Engine/EngineMaterials/Substrate/Glints2/dict_0003_0134" 8729
"/Engine/EngineMaterials/Substrate/Glints2/dict_0003_0135" 8730
"/Engine/EngineMaterials/Substrate/Glints2/dict_0003_0136" 8731
"/Engine/EngineMaterials/Substrate/Glints2/dict_0003_0137" 8732
"/Engine/EngineMaterials/Substrate/Glints2/dict_0003_0138" 8733
"/Engine/EngineMaterials/Substrate/Glints2/dict_0003_0139" 8734
"/Engine/EngineMaterials/Substrate/Glints2/dict_0003_0140" 8735
"/Engine/EngineMaterials/Substrate/Glints2/dict_0003_0141" 8736
"/Engine/EngineMaterials/Substrate/Glints2/dict_0003_0142" 8737
"/Engine/EngineMaterials/Substrate/Glints2/dict_0003_0143" 8738
"/Engine/EngineMaterials/Substrate/Glints2/dict_0003_0144" 8739
"/Engine/EngineMaterials/Substrate/Glints2/dict_0003_0145" 8740
"/Engine/EngineMaterials/Substrate/Glints2/dict_0003_0146" 8741
"../../../Engine/Content/EngineMaterials/Substrate/Glints2/dict_0003_0113.uasset" 8742
"../../../Engine/Content/EngineMaterials/Substrate/Glints2/dict_0003_0109.uasset" 8743
"../../../Engine/Content/EngineMaterials/Substrate/Glints2/dict_0003_0112.uasset" 8744
"../../../Engine/Content/EngineMaterials/Substrate/Glints2/dict_0003_0104.uasset" 8745
"../../../Engine/Content/EngineMaterials/Substrate/Glints2/dict_0003_0108.uasset" 8746
"../../../Engine/Content/EngineMaterials/Substrate/Glints2/dict_0003_0101.uasset" 8747
"../../../Engine/Content/EngineMaterials/Substrate/Glints2/dict_0003_0111.uasset" 8748
"/Engine/EngineMaterials/Substrate/Glints2/dict_0003_0115" 8749
"../../../Engine/Content/EngineMaterials/Substrate/Glints2/dict_0003_0110.uasset" 8750
"../../../Engine/Content/EngineMaterials/Substrate/Glints2/dict_0003_0107.uasset" 8751
"../../../Engine/Content/EngineMaterials/Substrate/Glints2/dict_0003_0105.uasset" 8752
"../../../Engine/Content/EngineMaterials/Substrate/Glints2/dict_0003_0114.uasset" 8753
"../../../Engine/Content/EngineMaterials/Substrate/Glints2/dict_0003_0106.uasset" 8754
"../../../Engine/Content/EngineMaterials/Substrate/Glints2/dict_0003_0102.uasset" 8755
"../../../Engine/Content/EngineMaterials/Substrate/Glints2/dict_0003_0103.uasset" 8756
"/Engine/EngineMaterials/Substrate/Glints2/dict_0003_0116" 8757
"/Engine/EngineMaterials/Substrate/Glints2/dict_0003_0117" 8758
"/Engine/EngineMaterials/Substrate/Glints2/dict_0003_0118" 8759
"/Engine/EngineMaterials/Substrate/Glints2/dict_0003_0119" 8760
"/Engine/EngineMaterials/Substrate/Glints2/dict_0003_0120" 8761
"/Engine/EngineMaterials/Substrate/Glints2/dict_0003_0121" 8762
"/Engine/EngineMaterials/Substrate/Glints2/dict_0003_0122" 8763
"/Engine/EngineMaterials/Substrate/Glints2/dict_0003_0123" 8764
"/Engine/EngineMaterials/Substrate/Glints2/dict_0003_0124" 8765
"/Engine/EngineMaterials/Substrate/Glints2/dict_0003_0125" 8766
"/Engine/EngineMaterials/Substrate/Glints2/dict_0003_0126" 8767
"/Engine/EngineMaterials/Substrate/Glints2/dict_0003_0127" 8768
"/Engine/EngineMaterials/Substrate/Glints2/dict_0003_0128" 8769
"/Engine/EngineMaterials/Substrate/Glints2/dict_0003_0129" 8770
"/Engine/EngineMaterials/Substrate/Glints2/dict_0003_0130" 8771
"/Engine/EngineMaterials/Substrate/Glints2/dict_0003_0131" 8772
"/Engine/EngineMaterials/Substrate/Glints2/dict_0003_0132" 8773
"../../../Engine/Content/EngineMaterials/Substrate/Glints2/dict_0003_0100.uasset" 8774
"../../../Engine/Content/EngineMaterials/Substrate/Glints2/dict_0003_0098.uasset" 8775
"../../../Engine/Content/EngineMaterials/Substrate/Glints2/dict_0003_0099.uasset" 8776
"../../../Engine/Content/EngineMaterials/Substrate/Glints2/dict_0003_0094.uasset" 8777
"../../../Engine/Content/EngineMaterials/Substrate/Glints2/dict_0003_0092.uasset" 8778
"../../../Engine/Content/EngineMaterials/Substrate/Glints2/dict_0003_0091.uasset" 8779
"../../../Engine/Content/EngineMaterials/Substrate/Glints2/dict_0003_0089.uasset" 8780
"../../../Engine/Content/EngineMaterials/Substrate/Glints2/dict_0003_0087.uasset" 8781
"/Engine/EngineMaterials/Substrate/Glints2/dict_0003_0101" 8782
"../../../Engine/Content/EngineMaterials/Substrate/Glints2/dict_0003_0095.uasset" 8783
"../../../Engine/Content/EngineMaterials/Substrate/Glints2/dict_0003_0086.uasset" 8784
"../../../Engine/Content/EngineMaterials/Substrate/Glints2/dict_0003_0097.uasset" 8785
"../../../Engine/Content/EngineMaterials/Substrate/Glints2/dict_0003_0096.uasset" 8786
"../../../Engine/Content/EngineMaterials/Substrate/Glints2/dict_0003_0083.uasset" 8787
"../../../Engine/Content/EngineMaterials/Substrate/Glints2/dict_0003_0088.uasset" 8788
"../../../Engine/Content/EngineMaterials/Substrate/Glints2/dict_0003_0085.uasset" 8789
"../../../Engine/Content/EngineMaterials/Substrate/Glints2/dict_0003_0093.uasset" 8790
"../../../Engine/Content/EngineMaterials/Substrate/Glints2/dict_0003_0090.uasset" 8791
"../../../Engine/Content/EngineMaterials/Substrate/Glints2/dict_0003_0084.uasset" 8792
"/Engine/EngineMaterials/Substrate/Glints2/dict_0003_0102" 8793
"/Engine/EngineMaterials/Substrate/Glints2/dict_0003_0103" 8794
"/Engine/EngineMaterials/Substrate/Glints2/dict_0003_0104" 8795
"/Engine/EngineMaterials/Substrate/Glints2/dict_0003_0105" 8796
"/Engine/EngineMaterials/Substrate/Glints2/dict_0003_0106" 8797
"/Engine/EngineMaterials/Substrate/Glints2/dict_0003_0107" 8798
"/Engine/EngineMaterials/Substrate/Glints2/dict_0003_0108" 8799
"/Engine/EngineMaterials/Substrate/Glints2/dict_0003_0109" 8800
"/Engine/EngineMaterials/Substrate/Glints2/dict_0003_0110" 8801
"/Engine/EngineMaterials/Substrate/Glints2/dict_0003_0111" 8802
"/Engine/EngineMaterials/Substrate/Glints2/dict_0003_0112" 8803
"/Engine/EngineMaterials/Substrate/Glints2/dict_0003_0113" 8804
"/Engine/EngineMaterials/Substrate/Glints2/dict_0003_0114" 8805
"../../../Engine/Content/EngineMaterials/Substrate/Glints2/dict_0003_0082.uasset" 8806
"../../../Engine/Content/EngineMaterials/Substrate/Glints2/dict_0003_0081.uasset" 8807
"../../../Engine/Content/EngineMaterials/Substrate/Glints2/dict_0003_0080.uasset" 8808
"../../../Engine/Content/EngineMaterials/Substrate/Glints2/dict_0003_0076.uasset" 8809
"../../../Engine/Content/EngineMaterials/Substrate/Glints2/dict_0003_0071.uasset" 8810
"../../../Engine/Content/EngineMaterials/Substrate/Glints2/dict_0003_0070.uasset" 8811
"/Engine/EngineMaterials/Substrate/Glints2/dict_0003_0083" 8812
"../../../Engine/Content/EngineMaterials/Substrate/Glints2/dict_0003_0074.uasset" 8813
"../../../Engine/Content/EngineMaterials/Substrate/Glints2/dict_0003_0069.uasset" 8814
"../../../Engine/Content/EngineMaterials/Substrate/Glints2/dict_0003_0079.uasset" 8815
"../../../Engine/Content/EngineMaterials/Substrate/Glints2/dict_0003_0075.uasset" 8816
"../../../Engine/Content/EngineMaterials/Substrate/Glints2/dict_0003_0078.uasset" 8817
"../../../Engine/Content/EngineMaterials/Substrate/Glints2/dict_0003_0072.uasset" 8818
"../../../Engine/Content/EngineMaterials/Substrate/Glints2/dict_0003_0073.uasset" 8819
"../../../Engine/Content/EngineMaterials/Substrate/Glints2/dict_0003_0077.uasset" 8820
"/Engine/EngineMaterials/Substrate/Glints2/dict_0003_0084" 8821
"/Engine/EngineMaterials/Substrate/Glints2/dict_0003_0085" 8822
"/Engine/EngineMaterials/Substrate/Glints2/dict_0003_0086" 8823
"/Engine/EngineMaterials/Substrate/Glints2/dict_0003_0087" 8824
"/Engine/EngineMaterials/Substrate/Glints2/dict_0003_0088" 8825
"/Engine/EngineMaterials/Substrate/Glints2/dict_0003_0089" 8826
"/Engine/EngineMaterials/Substrate/Glints2/dict_0003_0090" 8827
"/Engine/EngineMaterials/Substrate/Glints2/dict_0003_0091" 8828
"/Engine/EngineMaterials/Substrate/Glints2/dict_0003_0092" 8829
"/Engine/EngineMaterials/Substrate/Glints2/dict_0003_0093" 8830
"/Engine/EngineMaterials/Substrate/Glints2/dict_0003_0094" 8831
"/Engine/EngineMaterials/Substrate/Glints2/dict_0003_0095" 8832
"/Engine/EngineMaterials/Substrate/Glints2/dict_0003_0096" 8833
"/Engine/EngineMaterials/Substrate/Glints2/dict_0003_0097" 8834
"/Engine/EngineMaterials/Substrate/Glints2/dict_0003_0098" 8835
"/Engine/EngineMaterials/Substrate/Glints2/dict_0003_0099" 8836
"/Engine/EngineMaterials/Substrate/Glints2/dict_0003_0081" 8837
"/Engine/EngineMaterials/Substrate/Glints2/dict_0003_0100" 8838
"/Engine/EngineMaterials/Substrate/Glints2/dict_0003_0082" 8839
"../../../Engine/Content/EngineMaterials/Substrate/Glints2/dict_0003_0068.uasset" 8840
"../../../Engine/Content/EngineMaterials/Substrate/Glints2/dict_0003_0067.uasset" 8841
"../../../Engine/Content/EngineMaterials/Substrate/Glints2/dict_0003_0063.uasset" 8842
"../../../Engine/Content/EngineMaterials/Substrate/Glints2/dict_0003_0066.uasset" 8843
"../../../Engine/Content/EngineMaterials/Substrate/Glints2/dict_0003_0060.uasset" 8844
"../../../Engine/Content/EngineMaterials/Substrate/Glints2/dict_0003_0064.uasset" 8845
"../../../Engine/Content/EngineMaterials/Substrate/Glints2/dict_0003_0056.uasset" 8846
"../../../Engine/Content/EngineMaterials/Substrate/Glints2/dict_0003_0062.uasset" 8847
"/Engine/EngineMaterials/Substrate/Glints2/dict_0003_0069" 8848
"../../../Engine/Content/EngineMaterials/Substrate/Glints2/dict_0003_0051.uasset" 8849
"../../../Engine/Content/EngineMaterials/Substrate/Glints2/dict_0003_0055.uasset" 8850
"../../../Engine/Content/EngineMaterials/Substrate/Glints2/dict_0003_0054.uasset" 8851
"../../../Engine/Content/EngineMaterials/Substrate/Glints2/dict_0003_0049.uasset" 8852
"../../../Engine/Content/EngineMaterials/Substrate/Glints2/dict_0003_0053.uasset" 8853
"../../../Engine/Content/EngineMaterials/Substrate/Glints2/dict_0003_0061.uasset" 8854
"../../../Engine/Content/EngineMaterials/Substrate/Glints2/dict_0003_0058.uasset" 8855
"../../../Engine/Content/EngineMaterials/Substrate/Glints2/dict_0003_0059.uasset" 8856
"../../../Engine/Content/EngineMaterials/Substrate/Glints2/dict_0003_0050.uasset" 8857
"../../../Engine/Content/EngineMaterials/Substrate/Glints2/dict_0003_0057.uasset" 8858
"../../../Engine/Content/EngineMaterials/Substrate/Glints2/dict_0003_0065.uasset" 8859
"../../../Engine/Content/EngineMaterials/Substrate/Glints2/dict_0003_0052.uasset" 8860
"/Engine/EngineMaterials/Substrate/Glints2/dict_0003_0070" 8861
"/Engine/EngineMaterials/Substrate/Glints2/dict_0003_0071" 8862
"/Engine/EngineMaterials/Substrate/Glints2/dict_0003_0072" 8863
"/Engine/EngineMaterials/Substrate/Glints2/dict_0003_0073" 8864
"/Engine/EngineMaterials/Substrate/Glints2/dict_0003_0074" 8865
"/Engine/EngineMaterials/Substrate/Glints2/dict_0003_0075" 8866
"/Engine/EngineMaterials/Substrate/Glints2/dict_0003_0076" 8867
"/Engine/EngineMaterials/Substrate/Glints2/dict_0003_0077" 8868
"/Engine/EngineMaterials/Substrate/Glints2/dict_0003_0078" 8869
"/Engine/EngineMaterials/Substrate/Glints2/dict_0003_0079" 8870
"/Engine/EngineMaterials/Substrate/Glints2/dict_0003_0080" 8871
"/Engine/EngineMaterials/Substrate/Glints2/dict_0003_0067" 8872
"/Engine/EngineMaterials/Substrate/Glints2/dict_0003_0068" 8873
"../../../Engine/Content/EngineMaterials/Substrate/Glints2/dict_0003_0048.uasset" 8874
"../../../Engine/Content/EngineMaterials/Substrate/Glints2/dict_0003_0047.uasset" 8875
"../../../Engine/Content/EngineMaterials/Substrate/Glints2/dict_0003_0045.uasset" 8876
"../../../Engine/Content/EngineMaterials/Substrate/Glints2/dict_0003_0046.uasset" 8877
"../../../Engine/Content/EngineMaterials/Substrate/Glints2/dict_0003_0042.uasset" 8878
"../../../Engine/Content/EngineMaterials/Substrate/Glints2/dict_0003_0040.uasset" 8879
"../../../Engine/Content/EngineMaterials/Substrate/Glints2/dict_0003_0041.uasset" 8880
"../../../Engine/Content/EngineMaterials/Substrate/Glints2/dict_0003_0044.uasset" 8881
"../../../Engine/Content/EngineMaterials/Substrate/Glints2/dict_0003_0043.uasset" 8882
"../../../Engine/Content/EngineMaterials/Substrate/Glints2/dict_0003_0039.uasset" 8883
"../../../Engine/Content/EngineMaterials/Substrate/Glints2/dict_0003_0037.uasset" 8884
"../../../Engine/Content/EngineMaterials/Substrate/Glints2/dict_0003_0036.uasset" 8885
"../../../Engine/Content/EngineMaterials/Substrate/Glints2/dict_0003_0038.uasset" 8886
"../../../Engine/Content/EngineMaterials/Substrate/Glints2/dict_0003_0035.uasset" 8887
"/Engine/EngineMaterials/Substrate/Glints2/dict_0003_0049" 8888
"/Engine/EngineMaterials/Substrate/Glints2/dict_0003_0050" 8889
"/Engine/EngineMaterials/Substrate/Glints2/dict_0003_0051" 8890
"/Engine/EngineMaterials/Substrate/Glints2/dict_0003_0052" 8891
"/Engine/EngineMaterials/Substrate/Glints2/dict_0003_0053" 8892
"/Engine/EngineMaterials/Substrate/Glints2/dict_0003_0054" 8893
"/Engine/EngineMaterials/Substrate/Glints2/dict_0003_0055" 8894
"/Engine/EngineMaterials/Substrate/Glints2/dict_0003_0056" 8895
"/Engine/EngineMaterials/Substrate/Glints2/dict_0003_0057" 8896
"/Engine/EngineMaterials/Substrate/Glints2/dict_0003_0058" 8897
"/Engine/EngineMaterials/Substrate/Glints2/dict_0003_0059" 8898
"/Engine/EngineMaterials/Substrate/Glints2/dict_0003_0060" 8899
"/Engine/EngineMaterials/Substrate/Glints2/dict_0003_0061" 8900
"/Engine/EngineMaterials/Substrate/Glints2/dict_0003_0036" 8901
"/Engine/EngineMaterials/Substrate/Glints2/dict_0003_0062" 8902
"/Engine/EngineMaterials/Substrate/Glints2/dict_0003_0063" 8903
"/Engine/EngineMaterials/Substrate/Glints2/dict_0003_0064" 8904
"/Engine/EngineMaterials/Substrate/Glints2/dict_0003_0037" 8905
"/Engine/EngineMaterials/Substrate/Glints2/dict_0003_0038" 8906
"/Engine/EngineMaterials/Substrate/Glints2/dict_0003_0039" 8907
"/Engine/EngineMaterials/Substrate/Glints2/dict_0003_0040" 8908
"/Engine/EngineMaterials/Substrate/Glints2/dict_0003_0041" 8909
"/Engine/EngineMaterials/Substrate/Glints2/dict_0003_0065" 8910
"/Engine/EngineMaterials/Substrate/Glints2/dict_0003_0042" 8911
"/Engine/EngineMaterials/Substrate/Glints2/dict_0003_0043" 8912
"/Engine/EngineMaterials/Substrate/Glints2/dict_0003_0044" 8913
"/Engine/EngineMaterials/Substrate/Glints2/dict_0003_0045" 8914
"/Engine/EngineMaterials/Substrate/Glints2/dict_0003_0046" 8915
"/Engine/EngineMaterials/Substrate/Glints2/dict_0003_0066" 8916
"/Engine/EngineMaterials/Substrate/Glints2/dict_0003_0047" 8917
"/Engine/EngineMaterials/Substrate/Glints2/dict_0003_0048" 8918
"../../../Engine/Content/EngineMaterials/Substrate/Glints2/dict_0003_0033.uasset" 8919
"../../../Engine/Content/EngineMaterials/Substrate/Glints2/dict_0003_0032.uasset" 8920
"../../../Engine/Content/EngineMaterials/Substrate/Glints2/dict_0003_0034.uasset" 8921
"../../../Engine/Content/EngineMaterials/Substrate/Glints2/dict_0003_0026.uasset" 8922
"../../../Engine/Content/EngineMaterials/Substrate/Glints2/dict_0003_0031.uasset" 8923
"../../../Engine/Content/EngineMaterials/Substrate/Glints2/dict_0003_0024.uasset" 8924
"../../../Engine/Content/EngineMaterials/Substrate/Glints2/dict_0003_0028.uasset" 8925
"../../../Engine/Content/EngineMaterials/Substrate/Glints2/dict_0003_0029.uasset" 8926
"../../../Engine/Content/EngineMaterials/Substrate/Glints2/dict_0003_0022.uasset" 8927
"../../../Engine/Content/EngineMaterials/Substrate/Glints2/dict_0003_0023.uasset" 8928
"../../../Engine/Content/EngineMaterials/Substrate/Glints2/dict_0003_0021.uasset" 8929
"../../../Engine/Content/EngineMaterials/Substrate/Glints2/dict_0003_0020.uasset" 8930
"../../../Engine/Content/EngineMaterials/Substrate/Glints2/dict_0003_0018.uasset" 8931
"../../../Engine/Content/EngineMaterials/Substrate/Glints2/dict_0003_0016.uasset" 8932
"../../../Engine/Content/EngineMaterials/Substrate/Glints2/dict_0003_0015.uasset" 8933
"../../../Engine/Content/EngineMaterials/Substrate/Glints2/dict_0003_0027.uasset" 8934
"/Engine/EngineMaterials/Substrate/Glints2/dict_0003_0035" 8935
"../../../Engine/Content/EngineMaterials/Substrate/Glints2/dict_0003_0025.uasset" 8936
"../../../Engine/Content/EngineMaterials/Substrate/Glints2/dict_0003_0013.uasset" 8937
"../../../Engine/Content/EngineMaterials/Substrate/Glints2/dict_0003_0010.uasset" 8938
"../../../Engine/Content/EngineMaterials/Substrate/Glints2/dict_0003_0009.uasset" 8939
"../../../Engine/Content/EngineMaterials/Substrate/Glints2/dict_0003_0008.uasset" 8940
"../../../Engine/Content/EngineMaterials/Substrate/Glints2/dict_0003_0014.uasset" 8941
"../../../Engine/Content/EngineMaterials/Substrate/Glints2/dict_0003_0006.uasset" 8942
"../../../Engine/Content/EngineMaterials/Substrate/Glints2/dict_0003_0007.uasset" 8943
"../../../Engine/Content/EngineMaterials/Substrate/Glints2/dict_0003_0005.uasset" 8944
"../../../Engine/Content/EngineMaterials/Substrate/Glints2/dict_0003_0011.uasset" 8945
"../../../Engine/Content/EngineMaterials/Substrate/Glints2/dict_0003_0012.uasset" 8946
"../../../Engine/Content/EngineMaterials/Substrate/Glints2/dict_0003_0004.uasset" 8947
"../../../Engine/Content/EngineMaterials/Substrate/Glints2/dict_0003_0030.uasset" 8948
"../../../Engine/Content/EngineMaterials/Substrate/Glints2/dict_0003_0019.uasset" 8949
"../../../Engine/Content/EngineMaterials/Substrate/Glints2/dict_0003_0017.uasset" 8950
"/Engine/EngineMaterials/Substrate/Glints2/dict_0003_0024" 8951
"/Engine/EngineMaterials/Substrate/Glints2/dict_0003_0026" 8952
"/Engine/EngineMaterials/Substrate/Glints2/dict_0003_0028" 8953
"/Engine/EngineMaterials/Substrate/Glints2/dict_0003_0031" 8954
"/Engine/EngineMaterials/Substrate/Glints2/dict_0003_0033" 8955
"/Engine/EngineMaterials/Substrate/Glints2/dict_0003_0034" 8956
"../../../Engine/Content/EngineMaterials/Substrate/Glints2/dict_0003_0003.uasset" 8957
"../../../Engine/Content/EngineMaterials/Substrate/Glints2/dict_0003_0002.uasset" 8958
"../../../Engine/Content/EngineMaterials/Substrate/Glints2/dict_0003_0001.uasset" 8959
"../../../Engine/Content/EngineMaterials/Substrate/Glints2/dict_0002_0255.uasset" 8960
"/Engine/EngineMaterials/Substrate/Glints2/dict_0003_0004" 8961
"../../../Engine/Content/EngineMaterials/Substrate/Glints2/dict_0003_0000.uasset" 8962
"../../../Engine/Content/EngineMaterials/Substrate/Glints2/dict_0002_0253.uasset" 8963
"../../../Engine/Content/EngineMaterials/Substrate/Glints2/dict_0002_0254.uasset" 8964
"/Engine/EngineMaterials/Substrate/Glints2/dict_0003_0005" 8965
"/Engine/EngineMaterials/Substrate/Glints2/dict_0003_0006" 8966
"/Engine/EngineMaterials/Substrate/Glints2/dict_0003_0007" 8967
"/Engine/EngineMaterials/Substrate/Glints2/dict_0003_0008" 8968
"/Engine/EngineMaterials/Substrate/Glints2/dict_0003_0009" 8969
"/Engine/EngineMaterials/Substrate/Glints2/dict_0003_0010" 8970
"/Engine/EngineMaterials/Substrate/Glints2/dict_0003_0011" 8971
"/Engine/EngineMaterials/Substrate/Glints2/dict_0003_0012" 8972
"/Engine/EngineMaterials/Substrate/Glints2/dict_0003_0013" 8973
"/Engine/EngineMaterials/Substrate/Glints2/dict_0003_0014" 8974
"/Engine/EngineMaterials/Substrate/Glints2/dict_0003_0015" 8975
"/Engine/EngineMaterials/Substrate/Glints2/dict_0003_0016" 8976
"/Engine/EngineMaterials/Substrate/Glints2/dict_0003_0017" 8977
"/Engine/EngineMaterials/Substrate/Glints2/dict_0003_0018" 8978
"/Engine/EngineMaterials/Substrate/Glints2/dict_0003_0019" 8979
"/Engine/EngineMaterials/Substrate/Glints2/dict_0003_0020" 8980
"/Engine/EngineMaterials/Substrate/Glints2/dict_0003_0021" 8981
"/Engine/EngineMaterials/Substrate/Glints2/dict_0003_0022" 8982
"/Engine/EngineMaterials/Substrate/Glints2/dict_0003_0023" 8983
"/Engine/EngineMaterials/Substrate/Glints2/dict_0003_0025" 8984
"/Engine/EngineMaterials/Substrate/Glints2/dict_0003_0027" 8985
"/Engine/EngineMaterials/Substrate/Glints2/dict_0003_0029" 8986
"/Engine/EngineMaterials/Substrate/Glints2/dict_0003_0030" 8987
"/Engine/EngineMaterials/Substrate/Glints2/dict_0003_0032" 8988
"../../../Engine/Content/EngineMaterials/Substrate/Glints2/dict_0002_0250.uasset" 8989
"../../../Engine/Content/EngineMaterials/Substrate/Glints2/dict_0002_0248.uasset" 8990
"../../../Engine/Content/EngineMaterials/Substrate/Glints2/dict_0002_0251.uasset" 8991
"../../../Engine/Content/EngineMaterials/Substrate/Glints2/dict_0002_0246.uasset" 8992
"../../../Engine/Content/EngineMaterials/Substrate/Glints2/dict_0002_0252.uasset" 8993
"../../../Engine/Content/EngineMaterials/Substrate/Glints2/dict_0002_0242.uasset" 8994
"../../../Engine/Content/EngineMaterials/Substrate/Glints2/dict_0002_0247.uasset" 8995
"../../../Engine/Content/EngineMaterials/Substrate/Glints2/dict_0002_0241.uasset" 8996
"../../../Engine/Content/EngineMaterials/Substrate/Glints2/dict_0002_0244.uasset" 8997
"../../../Engine/Content/EngineMaterials/Substrate/Glints2/dict_0002_0243.uasset" 8998
"../../../Engine/Content/EngineMaterials/Substrate/Glints2/dict_0002_0233.uasset" 8999
"../../../Engine/Content/EngineMaterials/Substrate/Glints2/dict_0002_0249.uasset" 9000
"../../../Engine/Content/EngineMaterials/Substrate/Glints2/dict_0002_0231.uasset" 9001
"../../../Engine/Content/EngineMaterials/Substrate/Glints2/dict_0002_0229.uasset" 9002
"../../../Engine/Content/EngineMaterials/Substrate/Glints2/dict_0002_0239.uasset" 9003
"../../../Engine/Content/EngineMaterials/Substrate/Glints2/dict_0002_0228.uasset" 9004
"../../../Engine/Content/EngineMaterials/Substrate/Glints2/dict_0002_0240.uasset" 9005
"/Engine/EngineMaterials/Substrate/Glints2/dict_0002_0253" 9006
"../../../Engine/Content/EngineMaterials/Substrate/Glints2/dict_0002_0238.uasset" 9007
"../../../Engine/Content/EngineMaterials/Substrate/Glints2/dict_0002_0245.uasset" 9008
"../../../Engine/Content/EngineMaterials/Substrate/Glints2/dict_0002_0236.uasset" 9009
"../../../Engine/Content/EngineMaterials/Substrate/Glints2/dict_0002_0237.uasset" 9010
"../../../Engine/Content/EngineMaterials/Substrate/Glints2/dict_0002_0234.uasset" 9011
"../../../Engine/Content/EngineMaterials/Substrate/Glints2/dict_0002_0235.uasset" 9012
"../../../Engine/Content/EngineMaterials/Substrate/Glints2/dict_0002_0230.uasset" 9013
"../../../Engine/Content/EngineMaterials/Substrate/Glints2/dict_0002_0232.uasset" 9014
"/Engine/EngineMaterials/Substrate/Glints2/dict_0002_0254" 9015
"/Engine/EngineMaterials/Substrate/Glints2/dict_0002_0255" 9016
"/Engine/EngineMaterials/Substrate/Glints2/dict_0003_0000" 9017
"/Engine/EngineMaterials/Substrate/Glints2/dict_0003_0001" 9018
"/Engine/EngineMaterials/Substrate/Glints2/dict_0003_0002" 9019
"/Engine/EngineMaterials/Substrate/Glints2/dict_0003_0003" 9020
"../../../Engine/Content/EngineMaterials/Substrate/Glints2/dict_0002_0226.uasset" 9021
"../../../Engine/Content/EngineMaterials/Substrate/Glints2/dict_0002_0222.uasset" 9022
"/Engine/EngineMaterials/Substrate/Glints2/dict_0002_0228" 9023
"../../../Engine/Content/EngineMaterials/Substrate/Glints2/dict_0002_0223.uasset" 9024
"../../../Engine/Content/EngineMaterials/Substrate/Glints2/dict_0002_0227.uasset" 9025
"../../../Engine/Content/EngineMaterials/Substrate/Glints2/dict_0002_0224.uasset" 9026
"../../../Engine/Content/EngineMaterials/Substrate/Glints2/dict_0002_0221.uasset" 9027
"/Engine/EngineMaterials/Substrate/Glints2/dict_0002_0229" 9028
"../../../Engine/Content/EngineMaterials/Substrate/Glints2/dict_0002_0225.uasset" 9029
"/Engine/EngineMaterials/Substrate/Glints2/dict_0002_0230" 9030
"/Engine/EngineMaterials/Substrate/Glints2/dict_0002_0231" 9031
"/Engine/EngineMaterials/Substrate/Glints2/dict_0002_0232" 9032
"/Engine/EngineMaterials/Substrate/Glints2/dict_0002_0233" 9033
"/Engine/EngineMaterials/Substrate/Glints2/dict_0002_0234" 9034
"/Engine/EngineMaterials/Substrate/Glints2/dict_0002_0235" 9035
"/Engine/EngineMaterials/Substrate/Glints2/dict_0002_0236" 9036
"/Engine/EngineMaterials/Substrate/Glints2/dict_0002_0237" 9037
"/Engine/EngineMaterials/Substrate/Glints2/dict_0002_0238" 9038
"/Engine/EngineMaterials/Substrate/Glints2/dict_0002_0239" 9039
"/Engine/EngineMaterials/Substrate/Glints2/dict_0002_0240" 9040
"/Engine/EngineMaterials/Substrate/Glints2/dict_0002_0241" 9041
"/Engine/EngineMaterials/Substrate/Glints2/dict_0002_0242" 9042
"/Engine/EngineMaterials/Substrate/Glints2/dict_0002_0243" 9043
"/Engine/EngineMaterials/Substrate/Glints2/dict_0002_0244" 9044
"/Engine/EngineMaterials/Substrate/Glints2/dict_0002_0245" 9045
"/Engine/EngineMaterials/Substrate/Glints2/dict_0002_0246" 9046
"/Engine/EngineMaterials/Substrate/Glints2/dict_0002_0247" 9047
"/Engine/EngineMaterials/Substrate/Glints2/dict_0002_0248" 9048
"/Engine/EngineMaterials/Substrate/Glints2/dict_0002_0249" 9049
"/Engine/EngineMaterials/Substrate/Glints2/dict_0002_0250" 9050
"/Engine/EngineMaterials/Substrate/Glints2/dict_0002_0251" 9051
"/Engine/EngineMaterials/Substrate/Glints2/dict_0002_0252" 9052
"../../../Engine/Content/EngineMaterials/Substrate/Glints2/dict_0002_0220.uasset" 9053
"../../../Engine/Content/EngineMaterials/Substrate/Glints2/dict_0002_0219.uasset" 9054
"../../../Engine/Content/EngineMaterials/Substrate/Glints2/dict_0002_0217.uasset" 9055
"../../../Engine/Content/EngineMaterials/Substrate/Glints2/dict_0002_0216.uasset" 9056
"../../../Engine/Content/EngineMaterials/Substrate/Glints2/dict_0002_0214.uasset" 9057
"../../../Engine/Content/EngineMaterials/Substrate/Glints2/dict_0002_0211.uasset" 9058
"../../../Engine/Content/EngineMaterials/Substrate/Glints2/dict_0002_0208.uasset" 9059
"../../../Engine/Content/EngineMaterials/Substrate/Glints2/dict_0002_0207.uasset" 9060
"../../../Engine/Content/EngineMaterials/Substrate/Glints2/dict_0002_0218.uasset" 9061
"../../../Engine/Content/EngineMaterials/Substrate/Glints2/dict_0002_0213.uasset" 9062
"/Engine/EngineMaterials/Substrate/Glints2/dict_0002_0221" 9063
"../../../Engine/Content/EngineMaterials/Substrate/Glints2/dict_0002_0204.uasset" 9064
"../../../Engine/Content/EngineMaterials/Substrate/Glints2/dict_0002_0206.uasset" 9065
"../../../Engine/Content/EngineMaterials/Substrate/Glints2/dict_0002_0202.uasset" 9066
"../../../Engine/Content/EngineMaterials/Substrate/Glints2/dict_0002_0205.uasset" 9067
"../../../Engine/Content/EngineMaterials/Substrate/Glints2/dict_0002_0203.uasset" 9068
"../../../Engine/Content/EngineMaterials/Substrate/Glints2/dict_0002_0196.uasset" 9069
"../../../Engine/Content/EngineMaterials/Substrate/Glints2/dict_0002_0200.uasset" 9070
"../../../Engine/Content/EngineMaterials/Substrate/Glints2/dict_0002_0215.uasset" 9071
"../../../Engine/Content/EngineMaterials/Substrate/Glints2/dict_0002_0197.uasset" 9072
"../../../Engine/Content/EngineMaterials/Substrate/Glints2/dict_0002_0210.uasset" 9073
"../../../Engine/Content/EngineMaterials/Substrate/Glints2/dict_0002_0209.uasset" 9074
"../../../Engine/Content/EngineMaterials/Substrate/Glints2/dict_0002_0201.uasset" 9075
"../../../Engine/Content/EngineMaterials/Substrate/Glints2/dict_0002_0198.uasset" 9076
"../../../Engine/Content/EngineMaterials/Substrate/Glints2/dict_0002_0199.uasset" 9077
"../../../Engine/Content/EngineMaterials/Substrate/Glints2/dict_0002_0212.uasset" 9078
"/Engine/EngineMaterials/Substrate/Glints2/dict_0002_0222" 9079
"/Engine/EngineMaterials/Substrate/Glints2/dict_0002_0223" 9080
"/Engine/EngineMaterials/Substrate/Glints2/dict_0002_0224" 9081
"/Engine/EngineMaterials/Substrate/Glints2/dict_0002_0219" 9082
"/Engine/EngineMaterials/Substrate/Glints2/dict_0002_0225" 9083
"/Engine/EngineMaterials/Substrate/Glints2/dict_0002_0220" 9084
"/Engine/EngineMaterials/Substrate/Glints2/dict_0002_0226" 9085
"/Engine/EngineMaterials/Substrate/Glints2/dict_0002_0227" 9086
"../../../Engine/Content/EngineMaterials/Substrate/Glints2/dict_0002_0195.uasset" 9087
"../../../Engine/Content/EngineMaterials/Substrate/Glints2/dict_0002_0194.uasset" 9088
"../../../Engine/Content/EngineMaterials/Substrate/Glints2/dict_0002_0192.uasset" 9089
"/Engine/EngineMaterials/Substrate/Glints2/dict_0002_0196" 9090
"../../../Engine/Content/EngineMaterials/Substrate/Glints2/dict_0002_0193.uasset" 9091
"../../../Engine/Content/EngineMaterials/Substrate/Glints2/dict_0002_0188.uasset" 9092
"../../../Engine/Content/EngineMaterials/Substrate/Glints2/dict_0002_0190.uasset" 9093
"../../../Engine/Content/EngineMaterials/Substrate/Glints2/dict_0002_0191.uasset" 9094
"../../../Engine/Content/EngineMaterials/Substrate/Glints2/dict_0002_0189.uasset" 9095
"../../../Engine/Content/EngineMaterials/Substrate/Glints2/dict_0002_0187.uasset" 9096
"/Engine/EngineMaterials/Substrate/Glints2/dict_0002_0197" 9097
"/Engine/EngineMaterials/Substrate/Glints2/dict_0002_0198" 9098
"/Engine/EngineMaterials/Substrate/Glints2/dict_0002_0199" 9099
"/Engine/EngineMaterials/Substrate/Glints2/dict_0002_0200" 9100
"/Engine/EngineMaterials/Substrate/Glints2/dict_0002_0201" 9101
"/Engine/EngineMaterials/Substrate/Glints2/dict_0002_0202" 9102
"/Engine/EngineMaterials/Substrate/Glints2/dict_0002_0203" 9103
"/Engine/EngineMaterials/Substrate/Glints2/dict_0002_0204" 9104
"/Engine/EngineMaterials/Substrate/Glints2/dict_0002_0205" 9105
"/Engine/EngineMaterials/Substrate/Glints2/dict_0002_0206" 9106
"/Engine/EngineMaterials/Substrate/Glints2/dict_0002_0207" 9107
"/Engine/EngineMaterials/Substrate/Glints2/dict_0002_0208" 9108
"/Engine/EngineMaterials/Substrate/Glints2/dict_0002_0209" 9109
"/Engine/EngineMaterials/Substrate/Glints2/dict_0002_0210" 9110
"/Engine/EngineMaterials/Substrate/Glints2/dict_0002_0211" 9111
"/Engine/EngineMaterials/Substrate/Glints2/dict_0002_0212" 9112
"/Engine/EngineMaterials/Substrate/Glints2/dict_0002_0213" 9113
"/Engine/EngineMaterials/Substrate/Glints2/dict_0002_0214" 9114
"/Engine/EngineMaterials/Substrate/Glints2/dict_0002_0215" 9115
"/Engine/EngineMaterials/Substrate/Glints2/dict_0002_0216" 9116
"/Engine/EngineMaterials/Substrate/Glints2/dict_0002_0217" 9117
"/Engine/EngineMaterials/Substrate/Glints2/dict_0002_0218" 9118
"../../../Engine/Content/EngineMaterials/Substrate/Glints2/dict_0002_0186.uasset" 9119
"../../../Engine/Content/EngineMaterials/Substrate/Glints2/dict_0002_0185.uasset" 9120
"../../../Engine/Content/EngineMaterials/Substrate/Glints2/dict_0002_0184.uasset" 9121
"../../../Engine/Content/EngineMaterials/Substrate/Glints2/dict_0002_0182.uasset" 9122
"../../../Engine/Content/EngineMaterials/Substrate/Glints2/dict_0002_0181.uasset" 9123
"../../../Engine/Content/EngineMaterials/Substrate/Glints2/dict_0002_0177.uasset" 9124
"../../../Engine/Content/EngineMaterials/Substrate/Glints2/dict_0002_0179.uasset" 9125
"../../../Engine/Content/EngineMaterials/Substrate/Glints2/dict_0002_0175.uasset" 9126
"../../../Engine/Content/EngineMaterials/Substrate/Glints2/dict_0002_0174.uasset" 9127
"../../../Engine/Content/EngineMaterials/Substrate/Glints2/dict_0002_0176.uasset" 9128
"../../../Engine/Content/EngineMaterials/Substrate/Glints2/dict_0002_0172.uasset" 9129
"../../../Engine/Content/EngineMaterials/Substrate/Glints2/dict_0002_0171.uasset" 9130
"../../../Engine/Content/EngineMaterials/Substrate/Glints2/dict_0002_0173.uasset" 9131
"../../../Engine/Content/EngineMaterials/Substrate/Glints2/dict_0002_0170.uasset" 9132
"../../../Engine/Content/EngineMaterials/Substrate/Glints2/dict_0002_0168.uasset" 9133
"../../../Engine/Content/EngineMaterials/Substrate/Glints2/dict_0002_0169.uasset" 9134
"../../../Engine/Content/EngineMaterials/Substrate/Glints2/dict_0002_0166.uasset" 9135
"../../../Engine/Content/EngineMaterials/Substrate/Glints2/dict_0002_0167.uasset" 9136
"/Engine/EngineMaterials/Substrate/Glints2/dict_0002_0174" 9137
"../../../Engine/Content/EngineMaterials/Substrate/Glints2/dict_0002_0165.uasset" 9138
"../../../Engine/Content/EngineMaterials/Substrate/Glints2/dict_0002_0164.uasset" 9139
"../../../Engine/Content/EngineMaterials/Substrate/Glints2/dict_0002_0178.uasset" 9140
"../../../Engine/Content/EngineMaterials/Substrate/Glints2/dict_0002_0183.uasset" 9141
"../../../Engine/Content/EngineMaterials/Substrate/Glints2/dict_0002_0180.uasset" 9142
"/Engine/EngineMaterials/Substrate/Glints2/dict_0002_0176" 9143
"/Engine/EngineMaterials/Substrate/Glints2/dict_0002_0187" 9144
"/Engine/EngineMaterials/Substrate/Glints2/dict_0002_0177" 9145
"/Engine/EngineMaterials/Substrate/Glints2/dict_0002_0179" 9146
"/Engine/EngineMaterials/Substrate/Glints2/dict_0002_0181" 9147
"/Engine/EngineMaterials/Substrate/Glints2/dict_0002_0182" 9148
"/Engine/EngineMaterials/Substrate/Glints2/dict_0002_0188" 9149
"/Engine/EngineMaterials/Substrate/Glints2/dict_0002_0184" 9150
"/Engine/EngineMaterials/Substrate/Glints2/dict_0002_0189" 9151
"/Engine/EngineMaterials/Substrate/Glints2/dict_0002_0185" 9152
"/Engine/EngineMaterials/Substrate/Glints2/dict_0002_0190" 9153
"/Engine/EngineMaterials/Substrate/Glints2/dict_0002_0186" 9154
"/Engine/EngineMaterials/Substrate/Glints2/dict_0002_0191" 9155
"/Engine/EngineMaterials/Substrate/Glints2/dict_0002_0192" 9156
"/Engine/EngineMaterials/Substrate/Glints2/dict_0002_0193" 9157
"/Engine/EngineMaterials/Substrate/Glints2/dict_0002_0194" 9158
"/Engine/EngineMaterials/Substrate/Glints2/dict_0002_0195" 9159
"../../../Engine/Content/EngineMaterials/Substrate/Glints2/dict_0002_0163.uasset" 9160
"../../../Engine/Content/EngineMaterials/Substrate/Glints2/dict_0002_0160.uasset" 9161
"../../../Engine/Content/EngineMaterials/Substrate/Glints2/dict_0002_0158.uasset" 9162
"../../../Engine/Content/EngineMaterials/Substrate/Glints2/dict_0002_0156.uasset" 9163
"../../../Engine/Content/EngineMaterials/Substrate/Glints2/dict_0002_0155.uasset" 9164
"../../../Engine/Content/EngineMaterials/Substrate/Glints2/dict_0002_0161.uasset" 9165
"../../../Engine/Content/EngineMaterials/Substrate/Glints2/dict_0002_0153.uasset" 9166
"../../../Engine/Content/EngineMaterials/Substrate/Glints2/dict_0002_0154.uasset" 9167
"../../../Engine/Content/EngineMaterials/Substrate/Glints2/dict_0002_0152.uasset" 9168
"/Engine/EngineMaterials/Substrate/Glints2/dict_0002_0164" 9169
"../../../Engine/Content/EngineMaterials/Substrate/Glints2/dict_0002_0149.uasset" 9170
"../../../Engine/Content/EngineMaterials/Substrate/Glints2/dict_0002_0150.uasset" 9171
"../../../Engine/Content/EngineMaterials/Substrate/Glints2/dict_0002_0151.uasset" 9172
"../../../Engine/Content/EngineMaterials/Substrate/Glints2/dict_0002_0148.uasset" 9173
"../../../Engine/Content/EngineMaterials/Substrate/Glints2/dict_0002_0162.uasset" 9174
"../../../Engine/Content/EngineMaterials/Substrate/Glints2/dict_0002_0157.uasset" 9175
"../../../Engine/Content/EngineMaterials/Substrate/Glints2/dict_0002_0146.uasset" 9176
"../../../Engine/Content/EngineMaterials/Substrate/Glints2/dict_0002_0147.uasset" 9177
"../../../Engine/Content/EngineMaterials/Substrate/Glints2/dict_0002_0159.uasset" 9178
"/Engine/EngineMaterials/Substrate/Glints2/dict_0002_0165" 9179
"/Engine/EngineMaterials/Substrate/Glints2/dict_0002_0166" 9180
"/Engine/EngineMaterials/Substrate/Glints2/dict_0002_0167" 9181
"/Engine/EngineMaterials/Substrate/Glints2/dict_0002_0168" 9182
"/Engine/EngineMaterials/Substrate/Glints2/dict_0002_0169" 9183
"/Engine/EngineMaterials/Substrate/Glints2/dict_0002_0170" 9184
"/Engine/EngineMaterials/Substrate/Glints2/dict_0002_0171" 9185
"/Engine/EngineMaterials/Substrate/Glints2/dict_0002_0172" 9186
"/Engine/EngineMaterials/Substrate/Glints2/dict_0002_0173" 9187
"/Engine/EngineMaterials/Substrate/Glints2/dict_0002_0175" 9188
"/Engine/EngineMaterials/Substrate/Glints2/dict_0002_0178" 9189
"/Engine/EngineMaterials/Substrate/Glints2/dict_0002_0180" 9190
"/Engine/EngineMaterials/Substrate/Glints2/dict_0002_0183" 9191
"../../../Engine/Content/EngineMaterials/Substrate/Glints2/dict_0002_0139.uasset" 9192
"../../../Engine/Content/EngineMaterials/Substrate/Glints2/dict_0002_0145.uasset" 9193
"../../../Engine/Content/EngineMaterials/Substrate/Glints2/dict_0002_0136.uasset" 9194
"../../../Engine/Content/EngineMaterials/Substrate/Glints2/dict_0002_0142.uasset" 9195
"../../../Engine/Content/EngineMaterials/Substrate/Glints2/dict_0002_0133.uasset" 9196
"../../../Engine/Content/EngineMaterials/Substrate/Glints2/dict_0002_0132.uasset" 9197
"/Engine/EngineMaterials/Substrate/Glints2/dict_0002_0146" 9198
"../../../Engine/Content/EngineMaterials/Substrate/Glints2/dict_0002_0140.uasset" 9199
"../../../Engine/Content/EngineMaterials/Substrate/Glints2/dict_0002_0143.uasset" 9200
"../../../Engine/Content/EngineMaterials/Substrate/Glints2/dict_0002_0138.uasset" 9201
"../../../Engine/Content/EngineMaterials/Substrate/Glints2/dict_0002_0144.uasset" 9202
"../../../Engine/Content/EngineMaterials/Substrate/Glints2/dict_0002_0141.uasset" 9203
"../../../Engine/Content/EngineMaterials/Substrate/Glints2/dict_0002_0135.uasset" 9204
"../../../Engine/Content/EngineMaterials/Substrate/Glints2/dict_0002_0134.uasset" 9205
"../../../Engine/Content/EngineMaterials/Substrate/Glints2/dict_0002_0137.uasset" 9206
"/Engine/EngineMaterials/Substrate/Glints2/dict_0002_0147" 9207
"/Engine/EngineMaterials/Substrate/Glints2/dict_0002_0148" 9208
"/Engine/EngineMaterials/Substrate/Glints2/dict_0002_0149" 9209
"/Engine/EngineMaterials/Substrate/Glints2/dict_0002_0150" 9210
"/Engine/EngineMaterials/Substrate/Glints2/dict_0002_0151" 9211
"/Engine/EngineMaterials/Substrate/Glints2/dict_0002_0152" 9212
"/Engine/EngineMaterials/Substrate/Glints2/dict_0002_0153" 9213
"/Engine/EngineMaterials/Substrate/Glints2/dict_0002_0154" 9214
"/Engine/EngineMaterials/Substrate/Glints2/dict_0002_0155" 9215
"/Engine/EngineMaterials/Substrate/Glints2/dict_0002_0156" 9216
"/Engine/EngineMaterials/Substrate/Glints2/dict_0002_0157" 9217
"/Engine/EngineMaterials/Substrate/Glints2/dict_0002_0158" 9218
"/Engine/EngineMaterials/Substrate/Glints2/dict_0002_0159" 9219
"/Engine/EngineMaterials/Substrate/Glints2/dict_0002_0160" 9220
"/Engine/EngineMaterials/Substrate/Glints2/dict_0002_0161" 9221
"/Engine/EngineMaterials/Substrate/Glints2/dict_0002_0162" 9222
"/Engine/EngineMaterials/Substrate/Glints2/dict_0002_0163" 9223
"../../../Engine/Content/EngineMaterials/Substrate/Glints2/dict_0002_0131.uasset" 9224
"../../../Engine/Content/EngineMaterials/Substrate/Glints2/dict_0002_0125.uasset" 9225
"../../../Engine/Content/EngineMaterials/Substrate/Glints2/dict_0002_0127.uasset" 9226
"../../../Engine/Content/EngineMaterials/Substrate/Glints2/dict_0002_0128.uasset" 9227
"../../../Engine/Content/EngineMaterials/Substrate/Glints2/dict_0002_0122.uasset" 9228
"../../../Engine/Content/EngineMaterials/Substrate/Glints2/dict_0002_0121.uasset" 9229
"../../../Engine/Content/EngineMaterials/Substrate/Glints2/dict_0002_0130.uasset" 9230
"../../../Engine/Content/EngineMaterials/Substrate/Glints2/dict_0002_0120.uasset" 9231
"../../../Engine/Content/EngineMaterials/Substrate/Glints2/dict_0002_0129.uasset" 9232
"../../../Engine/Content/EngineMaterials/Substrate/Glints2/dict_0002_0115.uasset" 9233
"../../../Engine/Content/EngineMaterials/Substrate/Glints2/dict_0002_0114.uasset" 9234
"../../../Engine/Content/EngineMaterials/Substrate/Glints2/dict_0002_0123.uasset" 9235
"../../../Engine/Content/EngineMaterials/Substrate/Glints2/dict_0002_0118.uasset" 9236
"../../../Engine/Content/EngineMaterials/Substrate/Glints2/dict_0002_0117.uasset" 9237
"/Engine/EngineMaterials/Substrate/Glints2/dict_0002_0132" 9238
"../../../Engine/Content/EngineMaterials/Substrate/Glints2/dict_0002_0126.uasset" 9239
"../../../Engine/Content/EngineMaterials/Substrate/Glints2/dict_0002_0116.uasset" 9240
"../../../Engine/Content/EngineMaterials/Substrate/Glints2/dict_0002_0119.uasset" 9241
"../../../Engine/Content/EngineMaterials/Substrate/Glints2/dict_0002_0124.uasset" 9242
"/Engine/EngineMaterials/Substrate/Glints2/dict_0002_0133" 9243
"/Engine/EngineMaterials/Substrate/Glints2/dict_0002_0134" 9244
"/Engine/EngineMaterials/Substrate/Glints2/dict_0002_0135" 9245
"/Engine/EngineMaterials/Substrate/Glints2/dict_0002_0136" 9246
"/Engine/EngineMaterials/Substrate/Glints2/dict_0002_0137" 9247
"/Engine/EngineMaterials/Substrate/Glints2/dict_0002_0138" 9248
"/Engine/EngineMaterials/Substrate/Glints2/dict_0002_0139" 9249
"/Engine/EngineMaterials/Substrate/Glints2/dict_0002_0140" 9250
"/Engine/EngineMaterials/Substrate/Glints2/dict_0002_0141" 9251
"/Engine/EngineMaterials/Substrate/Glints2/dict_0002_0142" 9252
"/Engine/EngineMaterials/Substrate/Glints2/dict_0002_0143" 9253
"/Engine/EngineMaterials/Substrate/Glints2/dict_0002_0144" 9254
"/Engine/EngineMaterials/Substrate/Glints2/dict_0002_0145" 9255
"../../../Engine/Content/EngineMaterials/Substrate/Glints2/dict_0002_0113.uasset" 9256
"../../../Engine/Content/EngineMaterials/Substrate/Glints2/dict_0002_0111.uasset" 9257
"../../../Engine/Content/EngineMaterials/Substrate/Glints2/dict_0002_0112.uasset" 9258
"../../../Engine/Content/EngineMaterials/Substrate/Glints2/dict_0002_0109.uasset" 9259
"../../../Engine/Content/EngineMaterials/Substrate/Glints2/dict_0002_0110.uasset" 9260
"../../../Engine/Content/EngineMaterials/Substrate/Glints2/dict_0002_0107.uasset" 9261
"/Engine/EngineMaterials/Substrate/Glints2/dict_0002_0114" 9262
"../../../Engine/Content/EngineMaterials/Substrate/Glints2/dict_0002_0102.uasset" 9263
"../../../Engine/Content/EngineMaterials/Substrate/Glints2/dict_0002_0101.uasset" 9264
"../../../Engine/Content/EngineMaterials/Substrate/Glints2/dict_0002_0104.uasset" 9265
"../../../Engine/Content/EngineMaterials/Substrate/Glints2/dict_0002_0108.uasset" 9266
"../../../Engine/Content/EngineMaterials/Substrate/Glints2/dict_0002_0106.uasset" 9267
"../../../Engine/Content/EngineMaterials/Substrate/Glints2/dict_0002_0105.uasset" 9268
"/Engine/EngineMaterials/Substrate/Glints2/dict_0002_0115" 9269
"../../../Engine/Content/EngineMaterials/Substrate/Glints2/dict_0002_0100.uasset" 9270
"../../../Engine/Content/EngineMaterials/Substrate/Glints2/dict_0002_0103.uasset" 9271
"/Engine/EngineMaterials/Substrate/Glints2/dict_0002_0116" 9272
"/Engine/EngineMaterials/Substrate/Glints2/dict_0002_0117" 9273
"/Engine/EngineMaterials/Substrate/Glints2/dict_0002_0118" 9274
"/Engine/EngineMaterials/Substrate/Glints2/dict_0002_0119" 9275
"/Engine/EngineMaterials/Substrate/Glints2/dict_0002_0120" 9276
"/Engine/EngineMaterials/Substrate/Glints2/dict_0002_0121" 9277
"/Engine/EngineMaterials/Substrate/Glints2/dict_0002_0122" 9278
"/Engine/EngineMaterials/Substrate/Glints2/dict_0002_0123" 9279
"/Engine/EngineMaterials/Substrate/Glints2/dict_0002_0124" 9280
"/Engine/EngineMaterials/Substrate/Glints2/dict_0002_0125" 9281
"/Engine/EngineMaterials/Substrate/Glints2/dict_0002_0126" 9282
"/Engine/EngineMaterials/Substrate/Glints2/dict_0002_0127" 9283
"/Engine/EngineMaterials/Substrate/Glints2/dict_0002_0128" 9284
"/Engine/EngineMaterials/Substrate/Glints2/dict_0002_0129" 9285
"/Engine/EngineMaterials/Substrate/Glints2/dict_0002_0130" 9286
"/Engine/EngineMaterials/Substrate/Glints2/dict_0002_0131" 9287
"../../../Engine/Content/EngineMaterials/Substrate/Glints2/dict_0002_0099.uasset" 9288
"../../../Engine/Content/EngineMaterials/Substrate/Glints2/dict_0002_0098.uasset" 9289
"../../../Engine/Content/EngineMaterials/Substrate/Glints2/dict_0002_0096.uasset" 9290
"../../../Engine/Content/EngineMaterials/Substrate/Glints2/dict_0002_0093.uasset" 9291
"../../../Engine/Content/EngineMaterials/Substrate/Glints2/dict_0002_0097.uasset" 9292
"../../../Engine/Content/EngineMaterials/Substrate/Glints2/dict_0002_0084.uasset" 9293
"../../../Engine/Content/EngineMaterials/Substrate/Glints2/dict_0002_0083.uasset" 9294
"../../../Engine/Content/EngineMaterials/Substrate/Glints2/dict_0002_0086.uasset" 9295
"../../../Engine/Content/EngineMaterials/Substrate/Glints2/dict_0002_0095.uasset" 9296
"../../../Engine/Content/EngineMaterials/Substrate/Glints2/dict_0002_0092.uasset" 9297
"/Engine/EngineMaterials/Substrate/Glints2/dict_0002_0100" 9298
"../../../Engine/Content/EngineMaterials/Substrate/Glints2/dict_0002_0088.uasset" 9299
"../../../Engine/Content/EngineMaterials/Substrate/Glints2/dict_0002_0091.uasset" 9300
"../../../Engine/Content/EngineMaterials/Substrate/Glints2/dict_0002_0082.uasset" 9301
"../../../Engine/Content/EngineMaterials/Substrate/Glints2/dict_0002_0087.uasset" 9302
"../../../Engine/Content/EngineMaterials/Substrate/Glints2/dict_0002_0094.uasset" 9303
"../../../Engine/Content/EngineMaterials/Substrate/Glints2/dict_0002_0090.uasset" 9304
"../../../Engine/Content/EngineMaterials/Substrate/Glints2/dict_0002_0089.uasset" 9305
"../../../Engine/Content/EngineMaterials/Substrate/Glints2/dict_0002_0085.uasset" 9306
"/Engine/EngineMaterials/Substrate/Glints2/dict_0002_0101" 9307
"/Engine/EngineMaterials/Substrate/Glints2/dict_0002_0102" 9308
"/Engine/EngineMaterials/Substrate/Glints2/dict_0002_0103" 9309
"/Engine/EngineMaterials/Substrate/Glints2/dict_0002_0104" 9310
"/Engine/EngineMaterials/Substrate/Glints2/dict_0002_0105" 9311
"/Engine/EngineMaterials/Substrate/Glints2/dict_0002_0106" 9312
"/Engine/EngineMaterials/Substrate/Glints2/dict_0002_0107" 9313
"/Engine/EngineMaterials/Substrate/Glints2/dict_0002_0108" 9314
"/Engine/EngineMaterials/Substrate/Glints2/dict_0002_0109" 9315
"/Engine/EngineMaterials/Substrate/Glints2/dict_0002_0110" 9316
"/Engine/EngineMaterials/Substrate/Glints2/dict_0002_0111" 9317
"/Engine/EngineMaterials/Substrate/Glints2/dict_0002_0112" 9318
"/Engine/EngineMaterials/Substrate/Glints2/dict_0002_0113" 9319
"/Engine/EngineMaterials/Substrate/Glints2/dict_0002_0098" 9320
"/Engine/EngineMaterials/Substrate/Glints2/dict_0002_0099" 9321
"../../../Engine/Content/EngineMaterials/Substrate/Glints2/dict_0002_0081.uasset" 9322
"../../../Engine/Content/EngineMaterials/Substrate/Glints2/dict_0002_0080.uasset" 9323
"../../../Engine/Content/EngineMaterials/Substrate/Glints2/dict_0002_0078.uasset" 9324
"../../../Engine/Content/EngineMaterials/Substrate/Glints2/dict_0002_0079.uasset" 9325
"../../../Engine/Content/EngineMaterials/Substrate/Glints2/dict_0002_0070.uasset" 9326
"/Engine/EngineMaterials/Substrate/Glints2/dict_0002_0082" 9327
"../../../Engine/Content/EngineMaterials/Substrate/Glints2/dict_0002_0068.uasset" 9328
"../../../Engine/Content/EngineMaterials/Substrate/Glints2/dict_0002_0076.uasset" 9329
"../../../Engine/Content/EngineMaterials/Substrate/Glints2/dict_0002_0069.uasset" 9330
"../../../Engine/Content/EngineMaterials/Substrate/Glints2/dict_0002_0067.uasset" 9331
"../../../Engine/Content/EngineMaterials/Substrate/Glints2/dict_0002_0066.uasset" 9332
"../../../Engine/Content/EngineMaterials/Substrate/Glints2/dict_0002_0077.uasset" 9333
"../../../Engine/Content/EngineMaterials/Substrate/Glints2/dict_0002_0073.uasset" 9334
"../../../Engine/Content/EngineMaterials/Substrate/Glints2/dict_0002_0075.uasset" 9335
"../../../Engine/Content/EngineMaterials/Substrate/Glints2/dict_0002_0072.uasset" 9336
"/Engine/EngineMaterials/Substrate/Glints2/dict_0002_0083" 9337
"../../../Engine/Content/EngineMaterials/Substrate/Glints2/dict_0002_0074.uasset" 9338
"../../../Engine/Content/EngineMaterials/Substrate/Glints2/dict_0002_0071.uasset" 9339
"/Engine/EngineMaterials/Substrate/Glints2/dict_0002_0084" 9340
"/Engine/EngineMaterials/Substrate/Glints2/dict_0002_0085" 9341
"/Engine/EngineMaterials/Substrate/Glints2/dict_0002_0086" 9342
"/Engine/EngineMaterials/Substrate/Glints2/dict_0002_0087" 9343
"/Engine/EngineMaterials/Substrate/Glints2/dict_0002_0088" 9344
"/Engine/EngineMaterials/Substrate/Glints2/dict_0002_0089" 9345
"/Engine/EngineMaterials/Substrate/Glints2/dict_0002_0090" 9346
"/Engine/EngineMaterials/Substrate/Glints2/dict_0002_0091" 9347
"/Engine/EngineMaterials/Substrate/Glints2/dict_0002_0092" 9348
"/Engine/EngineMaterials/Substrate/Glints2/dict_0002_0093" 9349
"/Engine/EngineMaterials/Substrate/Glints2/dict_0002_0094" 9350
"/Engine/EngineMaterials/Substrate/Glints2/dict_0002_0095" 9351
"/Engine/EngineMaterials/Substrate/Glints2/dict_0002_0096" 9352
"/Engine/EngineMaterials/Substrate/Glints2/dict_0002_0097" 9353
"/Engine/EngineMaterials/Substrate/Glints2/dict_0002_0080" 9354
"/Engine/EngineMaterials/Substrate/Glints2/dict_0002_0081" 9355
"../../../Engine/Content/EngineMaterials/Substrate/Glints2/dict_0002_0065.uasset" 9356
"../../../Engine/Content/EngineMaterials/Substrate/Glints2/dict_0002_0064.uasset" 9357
"../../../Engine/Content/EngineMaterials/Substrate/Glints2/dict_0002_0058.uasset" 9358
"../../../Engine/Content/EngineMaterials/Substrate/Glints2/dict_0002_0063.uasset" 9359
"../../../Engine/Content/EngineMaterials/Substrate/Glints2/dict_0002_0056.uasset" 9360
"../../../Engine/Content/EngineMaterials/Substrate/Glints2/dict_0002_0061.uasset" 9361
"../../../Engine/Content/EngineMaterials/Substrate/Glints2/dict_0002_0057.uasset" 9362
"../../../Engine/Content/EngineMaterials/Substrate/Glints2/dict_0002_0055.uasset" 9363
"../../../Engine/Content/EngineMaterials/Substrate/Glints2/dict_0002_0059.uasset" 9364
"../../../Engine/Content/EngineMaterials/Substrate/Glints2/dict_0002_0052.uasset" 9365
"/Engine/EngineMaterials/Substrate/Glints2/dict_0002_0066" 9366
"../../../Engine/Content/EngineMaterials/Substrate/Glints2/dict_0002_0050.uasset" 9367
"../../../Engine/Content/EngineMaterials/Substrate/Glints2/dict_0002_0048.uasset" 9368
"../../../Engine/Content/EngineMaterials/Substrate/Glints2/dict_0002_0051.uasset" 9369
"../../../Engine/Content/EngineMaterials/Substrate/Glints2/dict_0002_0049.uasset" 9370
"../../../Engine/Content/EngineMaterials/Substrate/Glints2/dict_0002_0053.uasset" 9371
"../../../Engine/Content/EngineMaterials/Substrate/Glints2/dict_0002_0060.uasset" 9372
"../../../Engine/Content/EngineMaterials/Substrate/Glints2/dict_0002_0062.uasset" 9373
"../../../Engine/Content/EngineMaterials/Substrate/Glints2/dict_0002_0054.uasset" 9374
"/Engine/EngineMaterials/Substrate/Glints2/dict_0002_0067" 9375
"/Engine/EngineMaterials/Substrate/Glints2/dict_0002_0068" 9376
"/Engine/EngineMaterials/Substrate/Glints2/dict_0002_0069" 9377
"/Engine/EngineMaterials/Substrate/Glints2/dict_0002_0070" 9378
"/Engine/EngineMaterials/Substrate/Glints2/dict_0002_0071" 9379
"/Engine/EngineMaterials/Substrate/Glints2/dict_0002_0072" 9380
"/Engine/EngineMaterials/Substrate/Glints2/dict_0002_0073" 9381
"/Engine/EngineMaterials/Substrate/Glints2/dict_0002_0074" 9382
"/Engine/EngineMaterials/Substrate/Glints2/dict_0002_0075" 9383
"/Engine/EngineMaterials/Substrate/Glints2/dict_0002_0076" 9384
"/Engine/EngineMaterials/Substrate/Glints2/dict_0002_0077" 9385
"/Engine/EngineMaterials/Substrate/Glints2/dict_0002_0078" 9386
"/Engine/EngineMaterials/Substrate/Glints2/dict_0002_0079" 9387
"../../../Engine/Content/EngineMaterials/Substrate/Glints2/dict_0002_0045.uasset" 9388
"../../../Engine/Content/EngineMaterials/Substrate/Glints2/dict_0002_0047.uasset" 9389
"../../../Engine/Content/EngineMaterials/Substrate/Glints2/dict_0002_0043.uasset" 9390
"../../../Engine/Content/EngineMaterials/Substrate/Glints2/dict_0002_0046.uasset" 9391
"../../../Engine/Content/EngineMaterials/Substrate/Glints2/dict_0002_0042.uasset" 9392
"../../../Engine/Content/EngineMaterials/Substrate/Glints2/dict_0002_0039.uasset" 9393
"../../../Engine/Content/EngineMaterials/Substrate/Glints2/dict_0002_0044.uasset" 9394
"../../../Engine/Content/EngineMaterials/Substrate/Glints2/dict_0002_0036.uasset" 9395
"../../../Engine/Content/EngineMaterials/Substrate/Glints2/dict_0002_0040.uasset" 9396
"/Engine/EngineMaterials/Substrate/Glints2/dict_0002_0048" 9397
"../../../Engine/Content/EngineMaterials/Substrate/Glints2/dict_0002_0035.uasset" 9398
"../../../Engine/Content/EngineMaterials/Substrate/Glints2/dict_0002_0041.uasset" 9399
"../../../Engine/Content/EngineMaterials/Substrate/Glints2/dict_0002_0038.uasset" 9400
"../../../Engine/Content/EngineMaterials/Substrate/Glints2/dict_0002_0037.uasset" 9401
"../../../Engine/Content/EngineMaterials/Substrate/Glints2/dict_0002_0034.uasset" 9402
"/Engine/EngineMaterials/Substrate/Glints2/dict_0002_0049" 9403
"/Engine/EngineMaterials/Substrate/Glints2/dict_0002_0050" 9404
"/Engine/EngineMaterials/Substrate/Glints2/dict_0002_0051" 9405
"/Engine/EngineMaterials/Substrate/Glints2/dict_0002_0052" 9406
"/Engine/EngineMaterials/Substrate/Glints2/dict_0002_0053" 9407
"/Engine/EngineMaterials/Substrate/Glints2/dict_0002_0054" 9408
"/Engine/EngineMaterials/Substrate/Glints2/dict_0002_0055" 9409
"/Engine/EngineMaterials/Substrate/Glints2/dict_0002_0056" 9410
"/Engine/EngineMaterials/Substrate/Glints2/dict_0002_0057" 9411
"/Engine/EngineMaterials/Substrate/Glints2/dict_0002_0058" 9412
"/Engine/EngineMaterials/Substrate/Glints2/dict_0002_0059" 9413
"/Engine/EngineMaterials/Substrate/Glints2/dict_0002_0060" 9414
"/Engine/EngineMaterials/Substrate/Glints2/dict_0002_0061" 9415
"/Engine/EngineMaterials/Substrate/Glints2/dict_0002_0062" 9416
"/Engine/EngineMaterials/Substrate/Glints2/dict_0002_0063" 9417
"/Engine/EngineMaterials/Substrate/Glints2/dict_0002_0064" 9418
"/Engine/EngineMaterials/Substrate/Glints2/dict_0002_0065" 9419
"../../../Engine/Content/EngineMaterials/Substrate/Glints2/dict_0002_0033.uasset" 9420
"../../../Engine/Content/EngineMaterials/Substrate/Glints2/dict_0002_0032.uasset" 9421
"../../../Engine/Content/EngineMaterials/Substrate/Glints2/dict_0002_0031.uasset" 9422
"../../../Engine/Content/EngineMaterials/Substrate/Glints2/dict_0002_0030.uasset" 9423
"../../../Engine/Content/EngineMaterials/Substrate/Glints2/dict_0002_0028.uasset" 9424
"../../../Engine/Content/EngineMaterials/Substrate/Glints2/dict_0002_0027.uasset" 9425
"../../../Engine/Content/EngineMaterials/Substrate/Glints2/dict_0002_0023.uasset" 9426
"../../../Engine/Content/EngineMaterials/Substrate/Glints2/dict_0002_0025.uasset" 9427
"../../../Engine/Content/EngineMaterials/Substrate/Glints2/dict_0002_0020.uasset" 9428
"/Engine/EngineMaterials/Substrate/Glints2/dict_0002_0034" 9429
"../../../Engine/Content/EngineMaterials/Substrate/Glints2/dict_0002_0021.uasset" 9430
"../../../Engine/Content/EngineMaterials/Substrate/Glints2/dict_0002_0022.uasset" 9431
"../../../Engine/Content/EngineMaterials/Substrate/Glints2/dict_0002_0018.uasset" 9432
"../../../Engine/Content/EngineMaterials/Substrate/Glints2/dict_0002_0026.uasset" 9433
"../../../Engine/Content/EngineMaterials/Substrate/Glints2/dict_0002_0017.uasset" 9434
"../../../Engine/Content/EngineMaterials/Substrate/Glints2/dict_0002_0029.uasset" 9435
"../../../Engine/Content/EngineMaterials/Substrate/Glints2/dict_0002_0019.uasset" 9436
"../../../Engine/Content/EngineMaterials/Substrate/Glints2/dict_0002_0016.uasset" 9437
"../../../Engine/Content/EngineMaterials/Substrate/Glints2/dict_0002_0024.uasset" 9438
"/Engine/EngineMaterials/Substrate/Glints2/dict_0002_0035" 9439
"/Engine/EngineMaterials/Substrate/Glints2/dict_0002_0036" 9440
"/Engine/EngineMaterials/Substrate/Glints2/dict_0002_0037" 9441
"/Engine/EngineMaterials/Substrate/Glints2/dict_0002_0038" 9442
"/Engine/EngineMaterials/Substrate/Glints2/dict_0002_0039" 9443
"/Engine/EngineMaterials/Substrate/Glints2/dict_0002_0040" 9444
"/Engine/EngineMaterials/Substrate/Glints2/dict_0002_0041" 9445
"/Engine/EngineMaterials/Substrate/Glints2/dict_0002_0042" 9446
"/Engine/EngineMaterials/Substrate/Glints2/dict_0002_0043" 9447
"/Engine/EngineMaterials/Substrate/Glints2/dict_0002_0044" 9448
"/Engine/EngineMaterials/Substrate/Glints2/dict_0002_0045" 9449
"/Engine/EngineMaterials/Substrate/Glints2/dict_0002_0046" 9450
"/Engine/EngineMaterials/Substrate/Glints2/dict_0002_0047" 9451
"/Engine/EngineMaterials/Substrate/Glints2/dict_0002_0033" 9452
"../../../Engine/Content/EngineMaterials/Substrate/Glints2/dict_0002_0015.uasset" 9453
"../../../Engine/Content/EngineMaterials/Substrate/Glints2/dict_0002_0014.uasset" 9454
"../../../Engine/Content/EngineMaterials/Substrate/Glints2/dict_0002_0013.uasset" 9455
"../../../Engine/Content/EngineMaterials/Substrate/Glints2/dict_0002_0011.uasset" 9456
"../../../Engine/Content/EngineMaterials/Substrate/Glints2/dict_0002_0010.uasset" 9457
"../../../Engine/Content/EngineMaterials/Substrate/Glints2/dict_0002_0008.uasset" 9458
"../../../Engine/Content/EngineMaterials/Substrate/Glints2/dict_0002_0007.uasset" 9459
"../../../Engine/Content/EngineMaterials/Substrate/Glints2/dict_0002_0006.uasset" 9460
"../../../Engine/Content/EngineMaterials/Substrate/Glints2/dict_0002_0012.uasset" 9461
"../../../Engine/Content/EngineMaterials/Substrate/Glints2/dict_0002_0005.uasset" 9462
"../../../Engine/Content/EngineMaterials/Substrate/Glints2/dict_0002_0009.uasset" 9463
"../../../Engine/Content/EngineMaterials/Substrate/Glints2/dict_0002_0004.uasset" 9464
"../../../Engine/Content/EngineMaterials/Substrate/Glints2/dict_0002_0003.uasset" 9465
"../../../Engine/Content/EngineMaterials/Substrate/Glints2/dict_0002_0002.uasset" 9466
"/Engine/EngineMaterials/Substrate/Glints2/dict_0002_0016" 9467
"../../../Engine/Content/EngineMaterials/Substrate/Glints2/dict_0002_0001.uasset" 9468
"/Engine/EngineMaterials/Substrate/Glints2/dict_0002_0017" 9469
"/Engine/EngineMaterials/Substrate/Glints2/dict_0002_0018" 9470
"/Engine/EngineMaterials/Substrate/Glints2/dict_0002_0019" 9471
"/Engine/EngineMaterials/Substrate/Glints2/dict_0002_0020" 9472
"/Engine/EngineMaterials/Substrate/Glints2/dict_0002_0021" 9473
"/Engine/EngineMaterials/Substrate/Glints2/dict_0002_0022" 9474
"/Engine/EngineMaterials/Substrate/Glints2/dict_0002_0023" 9475
"/Engine/EngineMaterials/Substrate/Glints2/dict_0002_0024" 9476
"/Engine/EngineMaterials/Substrate/Glints2/dict_0002_0025" 9477
"/Engine/EngineMaterials/Substrate/Glints2/dict_0002_0026" 9478
"/Engine/EngineMaterials/Substrate/Glints2/dict_0002_0027" 9479
"/Engine/EngineMaterials/Substrate/Glints2/dict_0002_0028" 9480
"/Engine/EngineMaterials/Substrate/Glints2/dict_0002_0029" 9481
"/Engine/EngineMaterials/Substrate/Glints2/dict_0002_0030" 9482
"/Engine/EngineMaterials/Substrate/Glints2/dict_0002_0031" 9483
"/Engine/EngineMaterials/Substrate/Glints2/dict_0002_0032" 9484
"/Engine/EngineMaterials/Substrate/Glints2/dict_0002_0015" 9485
"../../../Engine/Content/EngineMaterials/Substrate/Glints2/dict_0001_0255.uasset" 9486
"../../../Engine/Content/EngineMaterials/Substrate/Glints2/dict_0001_0254.uasset" 9487
"../../../Engine/Content/EngineMaterials/Substrate/Glints2/dict_0001_0250.uasset" 9488
"../../../Engine/Content/EngineMaterials/Substrate/Glints2/dict_0001_0247.uasset" 9489
"/Engine/EngineMaterials/Substrate/Glints2/dict_0002_0001" 9490
"../../../Engine/Content/EngineMaterials/Substrate/Glints2/dict_0001_0251.uasset" 9491
"../../../Engine/Content/EngineMaterials/Substrate/Glints2/dict_0001_0252.uasset" 9492
"../../../Engine/Content/EngineMaterials/Substrate/Glints2/dict_0001_0246.uasset" 9493
"../../../Engine/Content/EngineMaterials/Substrate/Glints2/dict_0001_0249.uasset" 9494
"../../../Engine/Content/EngineMaterials/Substrate/Glints2/dict_0001_0240.uasset" 9495
"../../../Engine/Content/EngineMaterials/Substrate/Glints2/dict_0001_0241.uasset" 9496
"../../../Engine/Content/EngineMaterials/Substrate/Glints2/dict_0002_0000.uasset" 9497
"../../../Engine/Content/EngineMaterials/Substrate/Glints2/dict_0001_0239.uasset" 9498
"../../../Engine/Content/EngineMaterials/Substrate/Glints2/dict_0001_0242.uasset" 9499
"../../../Engine/Content/EngineMaterials/Substrate/Glints2/dict_0001_0244.uasset" 9500
"../../../Engine/Content/EngineMaterials/Substrate/Glints2/dict_0001_0243.uasset" 9501
"/Engine/EngineMaterials/Substrate/Glints2/dict_0002_0002" 9502
"../../../Engine/Content/EngineMaterials/Substrate/Glints2/dict_0001_0245.uasset" 9503
"../../../Engine/Content/EngineMaterials/Substrate/Glints2/dict_0001_0253.uasset" 9504
"../../../Engine/Content/EngineMaterials/Substrate/Glints2/dict_0001_0248.uasset" 9505
"/Engine/EngineMaterials/Substrate/Glints2/dict_0002_0003" 9506
"/Engine/EngineMaterials/Substrate/Glints2/dict_0002_0004" 9507
"/Engine/EngineMaterials/Substrate/Glints2/dict_0002_0005" 9508
"/Engine/EngineMaterials/Substrate/Glints2/dict_0002_0006" 9509
"/Engine/EngineMaterials/Substrate/Glints2/dict_0002_0007" 9510
"/Engine/EngineMaterials/Substrate/Glints2/dict_0002_0008" 9511
"/Engine/EngineMaterials/Substrate/Glints2/dict_0002_0009" 9512
"/Engine/EngineMaterials/Substrate/Glints2/dict_0002_0010" 9513
"/Engine/EngineMaterials/Substrate/Glints2/dict_0002_0011" 9514
"/Engine/EngineMaterials/Substrate/Glints2/dict_0002_0012" 9515
"/Engine/EngineMaterials/Substrate/Glints2/dict_0002_0013" 9516
"/Engine/EngineMaterials/Substrate/Glints2/dict_0002_0014" 9517
"../../../Engine/Content/EngineMaterials/Substrate/Glints2/dict_0001_0232.uasset" 9518
"../../../Engine/Content/EngineMaterials/Substrate/Glints2/dict_0001_0231.uasset" 9519
"../../../Engine/Content/EngineMaterials/Substrate/Glints2/dict_0001_0238.uasset" 9520
"../../../Engine/Content/EngineMaterials/Substrate/Glints2/dict_0001_0234.uasset" 9521
"../../../Engine/Content/EngineMaterials/Substrate/Glints2/dict_0001_0235.uasset" 9522
"../../../Engine/Content/EngineMaterials/Substrate/Glints2/dict_0001_0229.uasset" 9523
"../../../Engine/Content/EngineMaterials/Substrate/Glints2/dict_0001_0227.uasset" 9524
"../../../Engine/Content/EngineMaterials/Substrate/Glints2/dict_0001_0226.uasset" 9525
"/Engine/EngineMaterials/Substrate/Glints2/dict_0001_0239" 9526
"../../../Engine/Content/EngineMaterials/Substrate/Glints2/dict_0001_0225.uasset" 9527
"../../../Engine/Content/EngineMaterials/Substrate/Glints2/dict_0001_0230.uasset" 9528
"../../../Engine/Content/EngineMaterials/Substrate/Glints2/dict_0001_0236.uasset" 9529
"../../../Engine/Content/EngineMaterials/Substrate/Glints2/dict_0001_0233.uasset" 9530
"../../../Engine/Content/EngineMaterials/Substrate/Glints2/dict_0001_0237.uasset" 9531
"../../../Engine/Content/EngineMaterials/Substrate/Glints2/dict_0001_0228.uasset" 9532
"/Engine/EngineMaterials/Substrate/Glints2/dict_0001_0240" 9533
"/Engine/EngineMaterials/Substrate/Glints2/dict_0001_0241" 9534
"/Engine/EngineMaterials/Substrate/Glints2/dict_0001_0242" 9535
"/Engine/EngineMaterials/Substrate/Glints2/dict_0001_0243" 9536
"/Engine/EngineMaterials/Substrate/Glints2/dict_0001_0244" 9537
"/Engine/EngineMaterials/Substrate/Glints2/dict_0001_0245" 9538
"/Engine/EngineMaterials/Substrate/Glints2/dict_0001_0246" 9539
"/Engine/EngineMaterials/Substrate/Glints2/dict_0001_0247" 9540
"/Engine/EngineMaterials/Substrate/Glints2/dict_0001_0248" 9541
"/Engine/EngineMaterials/Substrate/Glints2/dict_0001_0249" 9542
"/Engine/EngineMaterials/Substrate/Glints2/dict_0001_0250" 9543
"/Engine/EngineMaterials/Substrate/Glints2/dict_0001_0251" 9544
"/Engine/EngineMaterials/Substrate/Glints2/dict_0001_0252" 9545
"/Engine/EngineMaterials/Substrate/Glints2/dict_0001_0253" 9546
"/Engine/EngineMaterials/Substrate/Glints2/dict_0001_0254" 9547
"/Engine/EngineMaterials/Substrate/Glints2/dict_0001_0255" 9548
"/Engine/EngineMaterials/Substrate/Glints2/dict_0002_0000" 9549
"../../../Engine/Content/EngineMaterials/Substrate/Glints2/dict_0001_0220.uasset" 9550
"../../../Engine/Content/EngineMaterials/Substrate/Glints2/dict_0001_0221.uasset" 9551
"../../../Engine/Content/EngineMaterials/Substrate/Glints2/dict_0001_0216.uasset" 9552
"/Engine/EngineMaterials/Substrate/Glints2/dict_0001_0225" 9553
"../../../Engine/Content/EngineMaterials/Substrate/Glints2/dict_0001_0217.uasset" 9554
"../../../Engine/Content/EngineMaterials/Substrate/Glints2/dict_0001_0223.uasset" 9555
"../../../Engine/Content/EngineMaterials/Substrate/Glints2/dict_0001_0213.uasset" 9556
"../../../Engine/Content/EngineMaterials/Substrate/Glints2/dict_0001_0215.uasset" 9557
"../../../Engine/Content/EngineMaterials/Substrate/Glints2/dict_0001_0209.uasset" 9558
"../../../Engine/Content/EngineMaterials/Substrate/Glints2/dict_0001_0208.uasset" 9559
"../../../Engine/Content/EngineMaterials/Substrate/Glints2/dict_0001_0207.uasset" 9560
"../../../Engine/Content/EngineMaterials/Substrate/Glints2/dict_0001_0210.uasset" 9561
"../../../Engine/Content/EngineMaterials/Substrate/Glints2/dict_0001_0214.uasset" 9562
"../../../Engine/Content/EngineMaterials/Substrate/Glints2/dict_0001_0219.uasset" 9563
"../../../Engine/Content/EngineMaterials/Substrate/Glints2/dict_0001_0211.uasset" 9564
"../../../Engine/Content/EngineMaterials/Substrate/Glints2/dict_0001_0218.uasset" 9565
"../../../Engine/Content/EngineMaterials/Substrate/Glints2/dict_0001_0224.uasset" 9566
"../../../Engine/Content/EngineMaterials/Substrate/Glints2/dict_0001_0222.uasset" 9567
"../../../Engine/Content/EngineMaterials/Substrate/Glints2/dict_0001_0212.uasset" 9568
"/Engine/EngineMaterials/Substrate/Glints2/dict_0001_0226" 9569
"/Engine/EngineMaterials/Substrate/Glints2/dict_0001_0227" 9570
"/Engine/EngineMaterials/Substrate/Glints2/dict_0001_0228" 9571
"/Engine/EngineMaterials/Substrate/Glints2/dict_0001_0229" 9572
"/Engine/EngineMaterials/Substrate/Glints2/dict_0001_0230" 9573
"/Engine/EngineMaterials/Substrate/Glints2/dict_0001_0231" 9574
"/Engine/EngineMaterials/Substrate/Glints2/dict_0001_0232" 9575
"/Engine/EngineMaterials/Substrate/Glints2/dict_0001_0233" 9576
"/Engine/EngineMaterials/Substrate/Glints2/dict_0001_0234" 9577
"/Engine/EngineMaterials/Substrate/Glints2/dict_0001_0235" 9578
"/Engine/EngineMaterials/Substrate/Glints2/dict_0001_0236" 9579
"/Engine/EngineMaterials/Substrate/Glints2/dict_0001_0237" 9580
"/Engine/EngineMaterials/Substrate/Glints2/dict_0001_0238" 9581
"../../../Engine/Content/EngineMaterials/Substrate/Glints2/dict_0001_0206.uasset" 9582
"../../../Engine/Content/EngineMaterials/Substrate/Glints2/dict_0001_0205.uasset" 9583
"../../../Engine/Content/EngineMaterials/Substrate/Glints2/dict_0001_0203.uasset" 9584
"../../../Engine/Content/EngineMaterials/Substrate/Glints2/dict_0001_0201.uasset" 9585
"../../../Engine/Content/EngineMaterials/Substrate/Glints2/dict_0001_0199.uasset" 9586
"../../../Engine/Content/EngineMaterials/Substrate/Glints2/dict_0001_0193.uasset" 9587
"../../../Engine/Content/EngineMaterials/Substrate/Glints2/dict_0001_0204.uasset" 9588
"../../../Engine/Content/EngineMaterials/Substrate/Glints2/dict_0001_0197.uasset" 9589
"../../../Engine/Content/EngineMaterials/Substrate/Glints2/dict_0001_0195.uasset" 9590
"../../../Engine/Content/EngineMaterials/Substrate/Glints2/dict_0001_0196.uasset" 9591
"../../../Engine/Content/EngineMaterials/Substrate/Glints2/dict_0001_0194.uasset" 9592
"../../../Engine/Content/EngineMaterials/Substrate/Glints2/dict_0001_0198.uasset" 9593
"../../../Engine/Content/EngineMaterials/Substrate/Glints2/dict_0001_0202.uasset" 9594
"/Engine/EngineMaterials/Substrate/Glints2/dict_0001_0207" 9595
"../../../Engine/Content/EngineMaterials/Substrate/Glints2/dict_0001_0200.uasset" 9596
"/Engine/EngineMaterials/Substrate/Glints2/dict_0001_0203" 9597
"/Engine/EngineMaterials/Substrate/Glints2/dict_0001_0208" 9598
"/Engine/EngineMaterials/Substrate/Glints2/dict_0001_0209" 9599
"/Engine/EngineMaterials/Substrate/Glints2/dict_0001_0210" 9600
"/Engine/EngineMaterials/Substrate/Glints2/dict_0001_0211" 9601
"/Engine/EngineMaterials/Substrate/Glints2/dict_0001_0205" 9602
"/Engine/EngineMaterials/Substrate/Glints2/dict_0001_0212" 9603
"/Engine/EngineMaterials/Substrate/Glints2/dict_0001_0213" 9604
"/Engine/EngineMaterials/Substrate/Glints2/dict_0001_0206" 9605
"/Engine/EngineMaterials/Substrate/Glints2/dict_0001_0214" 9606
"/Engine/EngineMaterials/Substrate/Glints2/dict_0001_0215" 9607
"/Engine/EngineMaterials/Substrate/Glints2/dict_0001_0216" 9608
"/Engine/EngineMaterials/Substrate/Glints2/dict_0001_0217" 9609
"/Engine/EngineMaterials/Substrate/Glints2/dict_0001_0218" 9610
"/Engine/EngineMaterials/Substrate/Glints2/dict_0001_0219" 9611
"/Engine/EngineMaterials/Substrate/Glints2/dict_0001_0220" 9612
"/Engine/EngineMaterials/Substrate/Glints2/dict_0001_0221" 9613
"/Engine/EngineMaterials/Substrate/Glints2/dict_0001_0222" 9614
"/Engine/EngineMaterials/Substrate/Glints2/dict_0001_0223" 9615
"/Engine/EngineMaterials/Substrate/Glints2/dict_0001_0224" 9616
"../../../Engine/Content/EngineMaterials/Substrate/Glints2/dict_0001_0192.uasset" 9617
"../../../Engine/Content/EngineMaterials/Substrate/Glints2/dict_0001_0187.uasset" 9618
"../../../Engine/Content/EngineMaterials/Substrate/Glints2/dict_0001_0180.uasset" 9619
"/Engine/EngineMaterials/Substrate/Glints2/dict_0001_0193" 9620
"../../../Engine/Content/EngineMaterials/Substrate/Glints2/dict_0001_0188.uasset" 9621
"../../../Engine/Content/EngineMaterials/Substrate/Glints2/dict_0001_0189.uasset" 9622
"../../../Engine/Content/EngineMaterials/Substrate/Glints2/dict_0001_0185.uasset" 9623
"../../../Engine/Content/EngineMaterials/Substrate/Glints2/dict_0001_0178.uasset" 9624
"../../../Engine/Content/EngineMaterials/Substrate/Glints2/dict_0001_0182.uasset" 9625
"../../../Engine/Content/EngineMaterials/Substrate/Glints2/dict_0001_0181.uasset" 9626
"../../../Engine/Content/EngineMaterials/Substrate/Glints2/dict_0001_0191.uasset" 9627
"../../../Engine/Content/EngineMaterials/Substrate/Glints2/dict_0001_0176.uasset" 9628
"/Engine/EngineMaterials/Substrate/Glints2/dict_0001_0194" 9629
"../../../Engine/Content/EngineMaterials/Substrate/Glints2/dict_0001_0183.uasset" 9630
"../../../Engine/Content/EngineMaterials/Substrate/Glints2/dict_0001_0174.uasset" 9631
"../../../Engine/Content/EngineMaterials/Substrate/Glints2/dict_0001_0173.uasset" 9632
"../../../Engine/Content/EngineMaterials/Substrate/Glints2/dict_0001_0172.uasset" 9633
"../../../Engine/Content/EngineMaterials/Substrate/Glints2/dict_0001_0190.uasset" 9634
"../../../Engine/Content/EngineMaterials/Substrate/Glints2/dict_0001_0186.uasset" 9635
"../../../Engine/Content/EngineMaterials/Substrate/Glints2/dict_0001_0179.uasset" 9636
"../../../Engine/Content/EngineMaterials/Substrate/Glints2/dict_0001_0184.uasset" 9637
"../../../Engine/Content/EngineMaterials/Substrate/Glints2/dict_0001_0177.uasset" 9638
"../../../Engine/Content/EngineMaterials/Substrate/Glints2/dict_0001_0175.uasset" 9639
"/Engine/EngineMaterials/Substrate/Glints2/dict_0001_0195" 9640
"/Engine/EngineMaterials/Substrate/Glints2/dict_0001_0196" 9641
"/Engine/EngineMaterials/Substrate/Glints2/dict_0001_0197" 9642
"/Engine/EngineMaterials/Substrate/Glints2/dict_0001_0198" 9643
"/Engine/EngineMaterials/Substrate/Glints2/dict_0001_0199" 9644
"/Engine/EngineMaterials/Substrate/Glints2/dict_0001_0200" 9645
"/Engine/EngineMaterials/Substrate/Glints2/dict_0001_0201" 9646
"/Engine/EngineMaterials/Substrate/Glints2/dict_0001_0202" 9647
"/Engine/EngineMaterials/Substrate/Glints2/dict_0001_0204" 9648
"../../../Engine/Content/EngineMaterials/Substrate/Glints2/dict_0001_0171.uasset" 9649
"../../../Engine/Content/EngineMaterials/Substrate/Glints2/dict_0001_0170.uasset" 9650
"../../../Engine/Content/EngineMaterials/Substrate/Glints2/dict_0001_0164.uasset" 9651
"../../../Engine/Content/EngineMaterials/Substrate/Glints2/dict_0001_0167.uasset" 9652
"/Engine/EngineMaterials/Substrate/Glints2/dict_0001_0172" 9653
"../../../Engine/Content/EngineMaterials/Substrate/Glints2/dict_0001_0166.uasset" 9654
"../../../Engine/Content/EngineMaterials/Substrate/Glints2/dict_0001_0168.uasset" 9655
"../../../Engine/Content/EngineMaterials/Substrate/Glints2/dict_0001_0169.uasset" 9656
"../../../Engine/Content/EngineMaterials/Substrate/Glints2/dict_0001_0165.uasset" 9657
"../../../Engine/Content/EngineMaterials/Substrate/Glints2/dict_0001_0161.uasset" 9658
"../../../Engine/Content/EngineMaterials/Substrate/Glints2/dict_0001_0162.uasset" 9659
"/Engine/EngineMaterials/Substrate/Glints2/dict_0001_0173" 9660
"../../../Engine/Content/EngineMaterials/Substrate/Glints2/dict_0001_0163.uasset" 9661
"/Engine/EngineMaterials/Substrate/Glints2/dict_0001_0174" 9662
"/Engine/EngineMaterials/Substrate/Glints2/dict_0001_0175" 9663
"/Engine/EngineMaterials/Substrate/Glints2/dict_0001_0176" 9664
"/Engine/EngineMaterials/Substrate/Glints2/dict_0001_0177" 9665
"/Engine/EngineMaterials/Substrate/Glints2/dict_0001_0178" 9666
"/Engine/EngineMaterials/Substrate/Glints2/dict_0001_0179" 9667
"/Engine/EngineMaterials/Substrate/Glints2/dict_0001_0180" 9668
"/Engine/EngineMaterials/Substrate/Glints2/dict_0001_0181" 9669
"/Engine/EngineMaterials/Substrate/Glints2/dict_0001_0182" 9670
"/Engine/EngineMaterials/Substrate/Glints2/dict_0001_0183" 9671
"/Engine/EngineMaterials/Substrate/Glints2/dict_0001_0184" 9672
"/Engine/EngineMaterials/Substrate/Glints2/dict_0001_0185" 9673
"/Engine/EngineMaterials/Substrate/Glints2/dict_0001_0186" 9674
"/Engine/EngineMaterials/Substrate/Glints2/dict_0001_0187" 9675
"/Engine/EngineMaterials/Substrate/Glints2/dict_0001_0188" 9676
"/Engine/EngineMaterials/Substrate/Glints2/dict_0001_0189" 9677
"/Engine/EngineMaterials/Substrate/Glints2/dict_0001_0190" 9678
"/Engine/EngineMaterials/Substrate/Glints2/dict_0001_0191" 9679
"/Engine/EngineMaterials/Substrate/Glints2/dict_0001_0192" 9680
"../../../Engine/Content/EngineMaterials/Substrate/Glints2/dict_0001_0160.uasset" 9681
"../../../Engine/Content/EngineMaterials/Substrate/Glints2/dict_0001_0159.uasset" 9682
"../../../Engine/Content/EngineMaterials/Substrate/Glints2/dict_0001_0157.uasset" 9683
"../../../Engine/Content/EngineMaterials/Substrate/Glints2/dict_0001_0158.uasset" 9684
"../../../Engine/Content/EngineMaterials/Substrate/Glints2/dict_0001_0154.uasset" 9685
"../../../Engine/Content/EngineMaterials/Substrate/Glints2/dict_0001_0151.uasset" 9686
"../../../Engine/Content/EngineMaterials/Substrate/Glints2/dict_0001_0149.uasset" 9687
"../../../Engine/Content/EngineMaterials/Substrate/Glints2/dict_0001_0148.uasset" 9688
"../../../Engine/Content/EngineMaterials/Substrate/Glints2/dict_0001_0155.uasset" 9689
"/Engine/EngineMaterials/Substrate/Glints2/dict_0001_0161" 9690
"../../../Engine/Content/EngineMaterials/Substrate/Glints2/dict_0001_0156.uasset" 9691
"../../../Engine/Content/EngineMaterials/Substrate/Glints2/dict_0001_0141.uasset" 9692
"../../../Engine/Content/EngineMaterials/Substrate/Glints2/dict_0001_0140.uasset" 9693
"../../../Engine/Content/EngineMaterials/Substrate/Glints2/dict_0001_0152.uasset" 9694
"../../../Engine/Content/EngineMaterials/Substrate/Glints2/dict_0001_0146.uasset" 9695
"../../../Engine/Content/EngineMaterials/Substrate/Glints2/dict_0001_0143.uasset" 9696
"../../../Engine/Content/EngineMaterials/Substrate/Glints2/dict_0001_0153.uasset" 9697
"../../../Engine/Content/EngineMaterials/Substrate/Glints2/dict_0001_0147.uasset" 9698
"../../../Engine/Content/EngineMaterials/Substrate/Glints2/dict_0001_0145.uasset" 9699
"../../../Engine/Content/EngineMaterials/Substrate/Glints2/dict_0001_0144.uasset" 9700
"../../../Engine/Content/EngineMaterials/Substrate/Glints2/dict_0001_0142.uasset" 9701
"/Engine/EngineMaterials/Substrate/Glints2/dict_0001_0162" 9702
"../../../Engine/Content/EngineMaterials/Substrate/Glints2/dict_0001_0150.uasset" 9703
"/Engine/EngineMaterials/Substrate/Glints2/dict_0001_0163" 9704
"/Engine/EngineMaterials/Substrate/Glints2/dict_0001_0164" 9705
"/Engine/EngineMaterials/Substrate/Glints2/dict_0001_0165" 9706
"/Engine/EngineMaterials/Substrate/Glints2/dict_0001_0166" 9707
"/Engine/EngineMaterials/Substrate/Glints2/dict_0001_0167" 9708
"/Engine/EngineMaterials/Substrate/Glints2/dict_0001_0168" 9709
"/Engine/EngineMaterials/Substrate/Glints2/dict_0001_0169" 9710
"/Engine/EngineMaterials/Substrate/Glints2/dict_0001_0170" 9711
"/Engine/EngineMaterials/Substrate/Glints2/dict_0001_0171" 9712
"/Engine/EngineMaterials/Substrate/Glints2/dict_0001_0159" 9713
"/Engine/EngineMaterials/Substrate/Glints2/dict_0001_0160" 9714
"../../../Engine/Content/EngineMaterials/Substrate/Glints2/dict_0001_0139.uasset" 9715
"../../../Engine/Content/EngineMaterials/Substrate/Glints2/dict_0001_0138.uasset" 9716
"../../../Engine/Content/EngineMaterials/Substrate/Glints2/dict_0001_0137.uasset" 9717
"/Engine/EngineMaterials/Substrate/Glints2/dict_0001_0140" 9718
"../../../Engine/Content/EngineMaterials/Substrate/Glints2/dict_0001_0134.uasset" 9719
"../../../Engine/Content/EngineMaterials/Substrate/Glints2/dict_0001_0128.uasset" 9720
"../../../Engine/Content/EngineMaterials/Substrate/Glints2/dict_0001_0127.uasset" 9721
"../../../Engine/Content/EngineMaterials/Substrate/Glints2/dict_0001_0135.uasset" 9722
"../../../Engine/Content/EngineMaterials/Substrate/Glints2/dict_0001_0131.uasset" 9723
"../../../Engine/Content/EngineMaterials/Substrate/Glints2/dict_0001_0133.uasset" 9724
"../../../Engine/Content/EngineMaterials/Substrate/Glints2/dict_0001_0136.uasset" 9725
"../../../Engine/Content/EngineMaterials/Substrate/Glints2/dict_0001_0132.uasset" 9726
"../../../Engine/Content/EngineMaterials/Substrate/Glints2/dict_0001_0130.uasset" 9727
"/Engine/EngineMaterials/Substrate/Glints2/dict_0001_0141" 9728
"../../../Engine/Content/EngineMaterials/Substrate/Glints2/dict_0001_0129.uasset" 9729
"/Engine/EngineMaterials/Substrate/Glints2/dict_0001_0142" 9730
"/Engine/EngineMaterials/Substrate/Glints2/dict_0001_0143" 9731
"/Engine/EngineMaterials/Substrate/Glints2/dict_0001_0144" 9732
"/Engine/EngineMaterials/Substrate/Glints2/dict_0001_0145" 9733
"/Engine/EngineMaterials/Substrate/Glints2/dict_0001_0146" 9734
"/Engine/EngineMaterials/Substrate/Glints2/dict_0001_0147" 9735
"/Engine/EngineMaterials/Substrate/Glints2/dict_0001_0148" 9736
"/Engine/EngineMaterials/Substrate/Glints2/dict_0001_0149" 9737
"/Engine/EngineMaterials/Substrate/Glints2/dict_0001_0150" 9738
"/Engine/EngineMaterials/Substrate/Glints2/dict_0001_0151" 9739
"/Engine/EngineMaterials/Substrate/Glints2/dict_0001_0152" 9740
"/Engine/EngineMaterials/Substrate/Glints2/dict_0001_0153" 9741
"/Engine/EngineMaterials/Substrate/Glints2/dict_0001_0154" 9742
"/Engine/EngineMaterials/Substrate/Glints2/dict_0001_0155" 9743
"/Engine/EngineMaterials/Substrate/Glints2/dict_0001_0156" 9744
"/Engine/EngineMaterials/Substrate/Glints2/dict_0001_0157" 9745
"/Engine/EngineMaterials/Substrate/Glints2/dict_0001_0158" 9746
"../../../Engine/Content/EngineMaterials/Substrate/Glints2/dict_0001_0123.uasset" 9747
"../../../Engine/Content/EngineMaterials/Substrate/Glints2/dict_0001_0126.uasset" 9748
"../../../Engine/Content/EngineMaterials/Substrate/Glints2/dict_0001_0125.uasset" 9749
"../../../Engine/Content/EngineMaterials/Substrate/Glints2/dict_0001_0119.uasset" 9750
"../../../Engine/Content/EngineMaterials/Substrate/Glints2/dict_0001_0118.uasset" 9751
"../../../Engine/Content/EngineMaterials/Substrate/Glints2/dict_0001_0124.uasset" 9752
"/Engine/EngineMaterials/Substrate/Glints2/dict_0001_0127" 9753
"../../../Engine/Content/EngineMaterials/Substrate/Glints2/dict_0001_0117.uasset" 9754
"../../../Engine/Content/EngineMaterials/Substrate/Glints2/dict_0001_0116.uasset" 9755
"../../../Engine/Content/EngineMaterials/Substrate/Glints2/dict_0001_0113.uasset" 9756
"../../../Engine/Content/EngineMaterials/Substrate/Glints2/dict_0001_0114.uasset" 9757
"../../../Engine/Content/EngineMaterials/Substrate/Glints2/dict_0001_0112.uasset" 9758
"../../../Engine/Content/EngineMaterials/Substrate/Glints2/dict_0001_0122.uasset" 9759
"../../../Engine/Content/EngineMaterials/Substrate/Glints2/dict_0001_0120.uasset" 9760
"../../../Engine/Content/EngineMaterials/Substrate/Glints2/dict_0001_0111.uasset" 9761
"../../../Engine/Content/EngineMaterials/Substrate/Glints2/dict_0001_0110.uasset" 9762
"../../../Engine/Content/EngineMaterials/Substrate/Glints2/dict_0001_0109.uasset" 9763
"../../../Engine/Content/EngineMaterials/Substrate/Glints2/dict_0001_0115.uasset" 9764
"../../../Engine/Content/EngineMaterials/Substrate/Glints2/dict_0001_0108.uasset" 9765
"../../../Engine/Content/EngineMaterials/Substrate/Glints2/dict_0001_0121.uasset" 9766
"/Engine/EngineMaterials/Substrate/Glints2/dict_0001_0128" 9767
"/Engine/EngineMaterials/Substrate/Glints2/dict_0001_0129" 9768
"/Engine/EngineMaterials/Substrate/Glints2/dict_0001_0130" 9769
"/Engine/EngineMaterials/Substrate/Glints2/dict_0001_0131" 9770
"/Engine/EngineMaterials/Substrate/Glints2/dict_0001_0132" 9771
"/Engine/EngineMaterials/Substrate/Glints2/dict_0001_0133" 9772
"/Engine/EngineMaterials/Substrate/Glints2/dict_0001_0134" 9773
"/Engine/EngineMaterials/Substrate/Glints2/dict_0001_0135" 9774
"/Engine/EngineMaterials/Substrate/Glints2/dict_0001_0136" 9775
"/Engine/EngineMaterials/Substrate/Glints2/dict_0001_0137" 9776
"/Engine/EngineMaterials/Substrate/Glints2/dict_0001_0138" 9777
"/Engine/EngineMaterials/Substrate/Glints2/dict_0001_0139" 9778
"../../../Engine/Content/EngineMaterials/Substrate/Glints2/dict_0001_0107.uasset" 9779
"../../../Engine/Content/EngineMaterials/Substrate/Glints2/dict_0001_0101.uasset" 9780
"../../../Engine/Content/EngineMaterials/Substrate/Glints2/dict_0001_0100.uasset" 9781
"../../../Engine/Content/EngineMaterials/Substrate/Glints2/dict_0001_0099.uasset" 9782
"../../../Engine/Content/EngineMaterials/Substrate/Glints2/dict_0001_0103.uasset" 9783
"/Engine/EngineMaterials/Substrate/Glints2/dict_0001_0108" 9784
"../../../Engine/Content/EngineMaterials/Substrate/Glints2/dict_0001_0105.uasset" 9785
"../../../Engine/Content/EngineMaterials/Substrate/Glints2/dict_0001_0097.uasset" 9786
"../../../Engine/Content/EngineMaterials/Substrate/Glints2/dict_0001_0106.uasset" 9787
"../../../Engine/Content/EngineMaterials/Substrate/Glints2/dict_0001_0098.uasset" 9788
"../../../Engine/Content/EngineMaterials/Substrate/Glints2/dict_0001_0095.uasset" 9789
"../../../Engine/Content/EngineMaterials/Substrate/Glints2/dict_0001_0102.uasset" 9790
"../../../Engine/Content/EngineMaterials/Substrate/Glints2/dict_0001_0104.uasset" 9791
"../../../Engine/Content/EngineMaterials/Substrate/Glints2/dict_0001_0096.uasset" 9792
"/Engine/EngineMaterials/Substrate/Glints2/dict_0001_0109" 9793
"/Engine/EngineMaterials/Substrate/Glints2/dict_0001_0110" 9794
"/Engine/EngineMaterials/Substrate/Glints2/dict_0001_0111" 9795
"/Engine/EngineMaterials/Substrate/Glints2/dict_0001_0112" 9796
"/Engine/EngineMaterials/Substrate/Glints2/dict_0001_0113" 9797
"/Engine/EngineMaterials/Substrate/Glints2/dict_0001_0114" 9798
"/Engine/EngineMaterials/Substrate/Glints2/dict_0001_0115" 9799
"/Engine/EngineMaterials/Substrate/Glints2/dict_0001_0116" 9800
"/Engine/EngineMaterials/Substrate/Glints2/dict_0001_0117" 9801
"/Engine/EngineMaterials/Substrate/Glints2/dict_0001_0118" 9802
"/Engine/EngineMaterials/Substrate/Glints2/dict_0001_0119" 9803
"/Engine/EngineMaterials/Substrate/Glints2/dict_0001_0120" 9804
"/Engine/EngineMaterials/Substrate/Glints2/dict_0001_0121" 9805
"/Engine/EngineMaterials/Substrate/Glints2/dict_0001_0122" 9806
"/Engine/EngineMaterials/Substrate/Glints2/dict_0001_0123" 9807
"/Engine/EngineMaterials/Substrate/Glints2/dict_0001_0124" 9808
"/Engine/EngineMaterials/Substrate/Glints2/dict_0001_0125" 9809
"/Engine/EngineMaterials/Substrate/Glints2/dict_0001_0126" 9810
"../../../Engine/Content/EngineMaterials/Substrate/Glints2/dict_0001_0094.uasset" 9811
"../../../Engine/Content/EngineMaterials/Substrate/Glints2/dict_0001_0089.uasset" 9812
"/Engine/EngineMaterials/Substrate/Glints2/dict_0001_0095" 9813
"../../../Engine/Content/EngineMaterials/Substrate/Glints2/dict_0001_0085.uasset" 9814
"../../../Engine/Content/EngineMaterials/Substrate/Glints2/dict_0001_0090.uasset" 9815
"../../../Engine/Content/EngineMaterials/Substrate/Glints2/dict_0001_0084.uasset" 9816
"../../../Engine/Content/EngineMaterials/Substrate/Glints2/dict_0001_0091.uasset" 9817
"../../../Engine/Content/EngineMaterials/Substrate/Glints2/dict_0001_0092.uasset" 9818
"../../../Engine/Content/EngineMaterials/Substrate/Glints2/dict_0001_0082.uasset" 9819
"../../../Engine/Content/EngineMaterials/Substrate/Glints2/dict_0001_0079.uasset" 9820
"../../../Engine/Content/EngineMaterials/Substrate/Glints2/dict_0001_0078.uasset" 9821
"../../../Engine/Content/EngineMaterials/Substrate/Glints2/dict_0001_0077.uasset" 9822
"../../../Engine/Content/EngineMaterials/Substrate/Glints2/dict_0001_0076.uasset" 9823
"../../../Engine/Content/EngineMaterials/Substrate/Glints2/dict_0001_0088.uasset" 9824
"../../../Engine/Content/EngineMaterials/Substrate/Glints2/dict_0001_0087.uasset" 9825
"../../../Engine/Content/EngineMaterials/Substrate/Glints2/dict_0001_0080.uasset" 9826
"/Engine/EngineMaterials/Substrate/Glints2/dict_0001_0096" 9827
"../../../Engine/Content/EngineMaterials/Substrate/Glints2/dict_0001_0081.uasset" 9828
"../../../Engine/Content/EngineMaterials/Substrate/Glints2/dict_0001_0086.uasset" 9829
"../../../Engine/Content/EngineMaterials/Substrate/Glints2/dict_0001_0083.uasset" 9830
"../../../Engine/Content/EngineMaterials/Substrate/Glints2/dict_0001_0093.uasset" 9831
"/Engine/EngineMaterials/Substrate/Glints2/dict_0001_0097" 9832
"/Engine/EngineMaterials/Substrate/Glints2/dict_0001_0098" 9833
"/Engine/EngineMaterials/Substrate/Glints2/dict_0001_0099" 9834
"/Engine/EngineMaterials/Substrate/Glints2/dict_0001_0100" 9835
"/Engine/EngineMaterials/Substrate/Glints2/dict_0001_0101" 9836
"/Engine/EngineMaterials/Substrate/Glints2/dict_0001_0102" 9837
"/Engine/EngineMaterials/Substrate/Glints2/dict_0001_0103" 9838
"/Engine/EngineMaterials/Substrate/Glints2/dict_0001_0104" 9839
"/Engine/EngineMaterials/Substrate/Glints2/dict_0001_0105" 9840
"/Engine/EngineMaterials/Substrate/Glints2/dict_0001_0106" 9841
"/Engine/EngineMaterials/Substrate/Glints2/dict_0001_0107" 9842
"../../../Engine/Content/EngineMaterials/Substrate/Glints2/dict_0001_0069.uasset" 9843
"../../../Engine/Content/EngineMaterials/Substrate/Glints2/dict_0001_0068.uasset" 9844
"../../../Engine/Content/EngineMaterials/Substrate/Glints2/dict_0001_0066.uasset" 9845
"../../../Engine/Content/EngineMaterials/Substrate/Glints2/dict_0001_0075.uasset" 9846
"../../../Engine/Content/EngineMaterials/Substrate/Glints2/dict_0001_0071.uasset" 9847
"../../../Engine/Content/EngineMaterials/Substrate/Glints2/dict_0001_0065.uasset" 9848
"../../../Engine/Content/EngineMaterials/Substrate/Glints2/dict_0001_0063.uasset" 9849
"../../../Engine/Content/EngineMaterials/Substrate/Glints2/dict_0001_0073.uasset" 9850
"../../../Engine/Content/EngineMaterials/Substrate/Glints2/dict_0001_0074.uasset" 9851
"../../../Engine/Content/EngineMaterials/Substrate/Glints2/dict_0001_0067.uasset" 9852
"../../../Engine/Content/EngineMaterials/Substrate/Glints2/dict_0001_0064.uasset" 9853
"../../../Engine/Content/EngineMaterials/Substrate/Glints2/dict_0001_0070.uasset" 9854
"../../../Engine/Content/EngineMaterials/Substrate/Glints2/dict_0001_0072.uasset" 9855
"/Engine/EngineMaterials/Substrate/Glints2/dict_0001_0076" 9856
"/Engine/EngineMaterials/Substrate/Glints2/dict_0001_0077" 9857
"/Engine/EngineMaterials/Substrate/Glints2/dict_0001_0078" 9858
"/Engine/EngineMaterials/Substrate/Glints2/dict_0001_0079" 9859
"/Engine/EngineMaterials/Substrate/Glints2/dict_0001_0080" 9860
"/Engine/EngineMaterials/Substrate/Glints2/dict_0001_0081" 9861
"/Engine/EngineMaterials/Substrate/Glints2/dict_0001_0082" 9862
"/Engine/EngineMaterials/Substrate/Glints2/dict_0001_0083" 9863
"/Engine/EngineMaterials/Substrate/Glints2/dict_0001_0084" 9864
"/Engine/EngineMaterials/Substrate/Glints2/dict_0001_0085" 9865
"/Engine/EngineMaterials/Substrate/Glints2/dict_0001_0086" 9866
"/Engine/EngineMaterials/Substrate/Glints2/dict_0001_0087" 9867
"/Engine/EngineMaterials/Substrate/Glints2/dict_0001_0088" 9868
"/Engine/EngineMaterials/Substrate/Glints2/dict_0001_0089" 9869
"/Engine/EngineMaterials/Substrate/Glints2/dict_0001_0090" 9870
"/Engine/EngineMaterials/Substrate/Glints2/dict_0001_0091" 9871
"/Engine/EngineMaterials/Substrate/Glints2/dict_0001_0092" 9872
"/Engine/EngineMaterials/Substrate/Glints2/dict_0001_0093" 9873
"/Engine/EngineMaterials/Substrate/Glints2/dict_0001_0094" 9874
"../../../Engine/Content/EngineMaterials/Substrate/Glints2/dict_0001_0062.uasset" 9875
"../../../Engine/Content/EngineMaterials/Substrate/Glints2/dict_0001_0058.uasset" 9876
"../../../Engine/Content/EngineMaterials/Substrate/Glints2/dict_0001_0060.uasset" 9877
"../../../Engine/Content/EngineMaterials/Substrate/Glints2/dict_0001_0057.uasset" 9878
"../../../Engine/Content/EngineMaterials/Substrate/Glints2/dict_0001_0049.uasset" 9879
"../../../Engine/Content/EngineMaterials/Substrate/Glints2/dict_0001_0050.uasset" 9880
"/Engine/EngineMaterials/Substrate/Glints2/dict_0001_0063" 9881
"../../../Engine/Content/EngineMaterials/Substrate/Glints2/dict_0001_0053.uasset" 9882
"../../../Engine/Content/EngineMaterials/Substrate/Glints2/dict_0001_0056.uasset" 9883
"../../../Engine/Content/EngineMaterials/Substrate/Glints2/dict_0001_0054.uasset" 9884
"../../../Engine/Content/EngineMaterials/Substrate/Glints2/dict_0001_0059.uasset" 9885
"../../../Engine/Content/EngineMaterials/Substrate/Glints2/dict_0001_0052.uasset" 9886
"../../../Engine/Content/EngineMaterials/Substrate/Glints2/dict_0001_0055.uasset" 9887
"../../../Engine/Content/EngineMaterials/Substrate/Glints2/dict_0001_0046.uasset" 9888
"../../../Engine/Content/EngineMaterials/Substrate/Glints2/dict_0001_0045.uasset" 9889
"../../../Engine/Content/EngineMaterials/Substrate/Glints2/dict_0001_0048.uasset" 9890
"../../../Engine/Content/EngineMaterials/Substrate/Glints2/dict_0001_0061.uasset" 9891
"../../../Engine/Content/EngineMaterials/Substrate/Glints2/dict_0001_0044.uasset" 9892
"../../../Engine/Content/EngineMaterials/Substrate/Glints2/dict_0001_0051.uasset" 9893
"../../../Engine/Content/EngineMaterials/Substrate/Glints2/dict_0001_0047.uasset" 9894
"/Engine/EngineMaterials/Substrate/Glints2/dict_0001_0064" 9895
"/Engine/EngineMaterials/Substrate/Glints2/dict_0001_0065" 9896
"/Engine/EngineMaterials/Substrate/Glints2/dict_0001_0066" 9897
"/Engine/EngineMaterials/Substrate/Glints2/dict_0001_0067" 9898
"/Engine/EngineMaterials/Substrate/Glints2/dict_0001_0068" 9899
"/Engine/EngineMaterials/Substrate/Glints2/dict_0001_0069" 9900
"/Engine/EngineMaterials/Substrate/Glints2/dict_0001_0070" 9901
"/Engine/EngineMaterials/Substrate/Glints2/dict_0001_0071" 9902
"/Engine/EngineMaterials/Substrate/Glints2/dict_0001_0072" 9903
"/Engine/EngineMaterials/Substrate/Glints2/dict_0001_0073" 9904
"/Engine/EngineMaterials/Substrate/Glints2/dict_0001_0074" 9905
"/Engine/EngineMaterials/Substrate/Glints2/dict_0001_0075" 9906
"../../../Engine/Content/EngineMaterials/Substrate/Glints2/dict_0001_0043.uasset" 9907
"../../../Engine/Content/EngineMaterials/Substrate/Glints2/dict_0001_0042.uasset" 9908
"../../../Engine/Content/EngineMaterials/Substrate/Glints2/dict_0001_0040.uasset" 9909
"../../../Engine/Content/EngineMaterials/Substrate/Glints2/dict_0001_0038.uasset" 9910
"../../../Engine/Content/EngineMaterials/Substrate/Glints2/dict_0001_0037.uasset" 9911
"../../../Engine/Content/EngineMaterials/Substrate/Glints2/dict_0001_0035.uasset" 9912
"../../../Engine/Content/EngineMaterials/Substrate/Glints2/dict_0001_0041.uasset" 9913
"../../../Engine/Content/EngineMaterials/Substrate/Glints2/dict_0001_0036.uasset" 9914
"../../../Engine/Content/EngineMaterials/Substrate/Glints2/dict_0001_0039.uasset" 9915
"../../../Engine/Content/EngineMaterials/Substrate/Glints2/dict_0001_0031.uasset" 9916
"../../../Engine/Content/EngineMaterials/Substrate/Glints2/dict_0001_0034.uasset" 9917
"/Engine/EngineMaterials/Substrate/Glints2/dict_0001_0044" 9918
"../../../Engine/Content/EngineMaterials/Substrate/Glints2/dict_0001_0032.uasset" 9919
"../../../Engine/Content/EngineMaterials/Substrate/Glints2/dict_0001_0033.uasset" 9920
"/Engine/EngineMaterials/Substrate/Glints2/dict_0001_0045" 9921
"/Engine/EngineMaterials/Substrate/Glints2/dict_0001_0046" 9922
"/Engine/EngineMaterials/Substrate/Glints2/dict_0001_0047" 9923
"/Engine/EngineMaterials/Substrate/Glints2/dict_0001_0048" 9924
"/Engine/EngineMaterials/Substrate/Glints2/dict_0001_0049" 9925
"/Engine/EngineMaterials/Substrate/Glints2/dict_0001_0050" 9926
"/Engine/EngineMaterials/Substrate/Glints2/dict_0001_0051" 9927
"/Engine/EngineMaterials/Substrate/Glints2/dict_0001_0052" 9928
"/Engine/EngineMaterials/Substrate/Glints2/dict_0001_0053" 9929
"/Engine/EngineMaterials/Substrate/Glints2/dict_0001_0054" 9930
"/Engine/EngineMaterials/Substrate/Glints2/dict_0001_0055" 9931
"/Engine/EngineMaterials/Substrate/Glints2/dict_0001_0056" 9932
"/Engine/EngineMaterials/Substrate/Glints2/dict_0001_0057" 9933
"/Engine/EngineMaterials/Substrate/Glints2/dict_0001_0058" 9934
"/Engine/EngineMaterials/Substrate/Glints2/dict_0001_0059" 9935
"/Engine/EngineMaterials/Substrate/Glints2/dict_0001_0060" 9936
"/Engine/EngineMaterials/Substrate/Glints2/dict_0001_0061" 9937
"/Engine/EngineMaterials/Substrate/Glints2/dict_0001_0062" 9938
"../../../Engine/Content/EngineMaterials/Substrate/Glints2/dict_0001_0029.uasset" 9939
"../../../Engine/Content/EngineMaterials/Substrate/Glints2/dict_0001_0023.uasset" 9940
"../../../Engine/Content/EngineMaterials/Substrate/Glints2/dict_0001_0020.uasset" 9941
"../../../Engine/Content/EngineMaterials/Substrate/Glints2/dict_0001_0027.uasset" 9942
"../../../Engine/Content/EngineMaterials/Substrate/Glints2/dict_0001_0019.uasset" 9943
"../../../Engine/Content/EngineMaterials/Substrate/Glints2/dict_0001_0021.uasset" 9944
"/Engine/EngineMaterials/Substrate/Glints2/dict_0001_0031" 9945
"../../../Engine/Content/EngineMaterials/Substrate/Glints2/dict_0001_0025.uasset" 9946
"../../../Engine/Content/EngineMaterials/Substrate/Glints2/dict_0001_0030.uasset" 9947
"../../../Engine/Content/EngineMaterials/Substrate/Glints2/dict_0001_0018.uasset" 9948
"../../../Engine/Content/EngineMaterials/Substrate/Glints2/dict_0001_0013.uasset" 9949
"../../../Engine/Content/EngineMaterials/Substrate/Glints2/dict_0001_0017.uasset" 9950
"../../../Engine/Content/EngineMaterials/Substrate/Glints2/dict_0001_0014.uasset" 9951
"../../../Engine/Content/EngineMaterials/Substrate/Glints2/dict_0001_0026.uasset" 9952
"../../../Engine/Content/EngineMaterials/Substrate/Glints2/dict_0001_0022.uasset" 9953
"../../../Engine/Content/EngineMaterials/Substrate/Glints2/dict_0001_0028.uasset" 9954
"../../../Engine/Content/EngineMaterials/Substrate/Glints2/dict_0001_0024.uasset" 9955
"../../../Engine/Content/EngineMaterials/Substrate/Glints2/dict_0001_0015.uasset" 9956
"../../../Engine/Content/EngineMaterials/Substrate/Glints2/dict_0001_0012.uasset" 9957
"../../../Engine/Content/EngineMaterials/Substrate/Glints2/dict_0001_0016.uasset" 9958
"/Engine/EngineMaterials/Substrate/Glints2/dict_0001_0032" 9959
"/Engine/EngineMaterials/Substrate/Glints2/dict_0001_0033" 9960
"/Engine/EngineMaterials/Substrate/Glints2/dict_0001_0034" 9961
"/Engine/EngineMaterials/Substrate/Glints2/dict_0001_0035" 9962
"/Engine/EngineMaterials/Substrate/Glints2/dict_0001_0036" 9963
"/Engine/EngineMaterials/Substrate/Glints2/dict_0001_0037" 9964
"/Engine/EngineMaterials/Substrate/Glints2/dict_0001_0038" 9965
"/Engine/EngineMaterials/Substrate/Glints2/dict_0001_0039" 9966
"/Engine/EngineMaterials/Substrate/Glints2/dict_0001_0040" 9967
"/Engine/EngineMaterials/Substrate/Glints2/dict_0001_0041" 9968
"/Engine/EngineMaterials/Substrate/Glints2/dict_0001_0042" 9969
"/Engine/EngineMaterials/Substrate/Glints2/dict_0001_0043" 9970
"../../../Engine/Content/EngineMaterials/Substrate/Glints2/dict_0001_0011.uasset" 9971
"../../../Engine/Content/EngineMaterials/Substrate/Glints2/dict_0001_0010.uasset" 9972
"../../../Engine/Content/EngineMaterials/Substrate/Glints2/dict_0001_0006.uasset" 9973
"../../../Engine/Content/EngineMaterials/Substrate/Glints2/dict_0001_0005.uasset" 9974
"../../../Engine/Content/EngineMaterials/Substrate/Glints2/dict_0001_0007.uasset" 9975
"/Engine/EngineMaterials/Substrate/Glints2/dict_0001_0012" 9976
"../../../Engine/Content/EngineMaterials/Substrate/Glints2/dict_0001_0000.uasset" 9977
"../../../Engine/Content/EngineMaterials/Substrate/Glints2/dict_0000_0255.uasset" 9978
"../../../Engine/Content/EngineMaterials/Substrate/Glints2/dict_0001_0009.uasset" 9979
"../../../Engine/Content/EngineMaterials/Substrate/Glints2/dict_0001_0008.uasset" 9980
"../../../Engine/Content/EngineMaterials/Substrate/Glints2/dict_0001_0003.uasset" 9981
"../../../Engine/Content/EngineMaterials/Substrate/Glints2/dict_0001_0001.uasset" 9982
"../../../Engine/Content/EngineMaterials/Substrate/Glints2/dict_0001_0004.uasset" 9983
"../../../Engine/Content/EngineMaterials/Substrate/Glints2/dict_0001_0002.uasset" 9984
"/Engine/EngineMaterials/Substrate/Glints2/dict_0001_0013" 9985
"/Engine/EngineMaterials/Substrate/Glints2/dict_0001_0014" 9986
"/Engine/EngineMaterials/Substrate/Glints2/dict_0001_0015" 9987
"/Engine/EngineMaterials/Substrate/Glints2/dict_0001_0016" 9988
"/Engine/EngineMaterials/Substrate/Glints2/dict_0001_0017" 9989
"/Engine/EngineMaterials/Substrate/Glints2/dict_0001_0018" 9990
"/Engine/EngineMaterials/Substrate/Glints2/dict_0001_0019" 9991
"/Engine/EngineMaterials/Substrate/Glints2/dict_0001_0020" 9992
"/Engine/EngineMaterials/Substrate/Glints2/dict_0001_0021" 9993
"/Engine/EngineMaterials/Substrate/Glints2/dict_0001_0022" 9994
"/Engine/EngineMaterials/Substrate/Glints2/dict_0001_0023" 9995
"/Engine/EngineMaterials/Substrate/Glints2/dict_0001_0024" 9996
"/Engine/EngineMaterials/Substrate/Glints2/dict_0001_0025" 9997
"/Engine/EngineMaterials/Substrate/Glints2/dict_0001_0026" 9998
"/Engine/EngineMaterials/Substrate/Glints2/dict_0001_0027" 9999
"/Engine/EngineMaterials/Substrate/Glints2/dict_0001_0028" 10000
"/Engine/EngineMaterials/Substrate/Glints2/dict_0001_0029" 10001
"/Engine/EngineMaterials/Substrate/Glints2/dict_0001_0030" 10002
"/Engine/EngineMaterials/Substrate/Glints2/dict_0001_0011" 10003
"../../../Engine/Content/EngineMaterials/Substrate/Glints2/dict_0000_0254.uasset" 10004
"../../../Engine/Content/EngineMaterials/Substrate/Glints2/dict_0000_0253.uasset" 10005
"../../../Engine/Content/EngineMaterials/Substrate/Glints2/dict_0000_0247.uasset" 10006
"../../../Engine/Content/EngineMaterials/Substrate/Glints2/dict_0000_0252.uasset" 10007
"../../../Engine/Content/EngineMaterials/Substrate/Glints2/dict_0000_0244.uasset" 10008
"../../../Engine/Content/EngineMaterials/Substrate/Glints2/dict_0000_0251.uasset" 10009
"/Engine/EngineMaterials/Substrate/Glints2/dict_0000_0255" 10010
"../../../Engine/Content/EngineMaterials/Substrate/Glints2/dict_0000_0249.uasset" 10011
"../../../Engine/Content/EngineMaterials/Substrate/Glints2/dict_0000_0237.uasset" 10012
"../../../Engine/Content/EngineMaterials/Substrate/Glints2/dict_0000_0241.uasset" 10013
"../../../Engine/Content/EngineMaterials/Substrate/Glints2/dict_0000_0236.uasset" 10014
"../../../Engine/Content/EngineMaterials/Substrate/Glints2/dict_0000_0246.uasset" 10015
"../../../Engine/Content/EngineMaterials/Substrate/Glints2/dict_0000_0245.uasset" 10016
"../../../Engine/Content/EngineMaterials/Substrate/Glints2/dict_0000_0238.uasset" 10017
"../../../Engine/Content/EngineMaterials/Substrate/Glints2/dict_0000_0240.uasset" 10018
"../../../Engine/Content/EngineMaterials/Substrate/Glints2/dict_0000_0248.uasset" 10019
"../../../Engine/Content/EngineMaterials/Substrate/Glints2/dict_0000_0243.uasset" 10020
"../../../Engine/Content/EngineMaterials/Substrate/Glints2/dict_0000_0239.uasset" 10021
"../../../Engine/Content/EngineMaterials/Substrate/Glints2/dict_0000_0250.uasset" 10022
"../../../Engine/Content/EngineMaterials/Substrate/Glints2/dict_0000_0242.uasset" 10023
"../../../Engine/Content/EngineMaterials/Substrate/Glints2/dict_0000_0235.uasset" 10024
"/Engine/EngineMaterials/Substrate/Glints2/dict_0001_0000" 10025
"/Engine/EngineMaterials/Substrate/Glints2/dict_0001_0001" 10026
"/Engine/EngineMaterials/Substrate/Glints2/dict_0001_0002" 10027
"/Engine/EngineMaterials/Substrate/Glints2/dict_0001_0003" 10028
"/Engine/EngineMaterials/Substrate/Glints2/dict_0001_0004" 10029
"/Engine/EngineMaterials/Substrate/Glints2/dict_0001_0005" 10030
"/Engine/EngineMaterials/Substrate/Glints2/dict_0001_0006" 10031
"/Engine/EngineMaterials/Substrate/Glints2/dict_0001_0007" 10032
"/Engine/EngineMaterials/Substrate/Glints2/dict_0001_0008" 10033
"/Engine/EngineMaterials/Substrate/Glints2/dict_0001_0009" 10034
"/Engine/EngineMaterials/Substrate/Glints2/dict_0000_0253" 10035
"/Engine/EngineMaterials/Substrate/Glints2/dict_0001_0010" 10036
"/Engine/EngineMaterials/Substrate/Glints2/dict_0000_0254" 10037
"../../../Engine/Content/EngineMaterials/Substrate/Glints2/dict_0000_0233.uasset" 10038
"../../../Engine/Content/EngineMaterials/Substrate/Glints2/dict_0000_0234.uasset" 10039
"/Engine/EngineMaterials/Substrate/Glints2/dict_0000_0235" 10040
"../../../Engine/Content/EngineMaterials/Substrate/Glints2/dict_0000_0231.uasset" 10041
"../../../Engine/Content/EngineMaterials/Substrate/Glints2/dict_0000_0224.uasset" 10042
"../../../Engine/Content/EngineMaterials/Substrate/Glints2/dict_0000_0226.uasset" 10043
"../../../Engine/Content/EngineMaterials/Substrate/Glints2/dict_0000_0228.uasset" 10044
"../../../Engine/Content/EngineMaterials/Substrate/Glints2/dict_0000_0222.uasset" 10045
"../../../Engine/Content/EngineMaterials/Substrate/Glints2/dict_0000_0230.uasset" 10046
"../../../Engine/Content/EngineMaterials/Substrate/Glints2/dict_0000_0225.uasset" 10047
"/Engine/EngineMaterials/Substrate/Glints2/dict_0000_0236" 10048
"../../../Engine/Content/EngineMaterials/Substrate/Glints2/dict_0000_0227.uasset" 10049
"../../../Engine/Content/EngineMaterials/Substrate/Glints2/dict_0000_0223.uasset" 10050
"../../../Engine/Content/EngineMaterials/Substrate/Glints2/dict_0000_0232.uasset" 10051
"../../../Engine/Content/EngineMaterials/Substrate/Glints2/dict_0000_0229.uasset" 10052
"../../../Engine/Content/EngineMaterials/Substrate/Glints2/dict_0000_0221.uasset" 10053
"/Engine/EngineMaterials/Substrate/Glints2/dict_0000_0237" 10054
"/Engine/EngineMaterials/Substrate/Glints2/dict_0000_0238" 10055
"/Engine/EngineMaterials/Substrate/Glints2/dict_0000_0239" 10056
"/Engine/EngineMaterials/Substrate/Glints2/dict_0000_0240" 10057
"/Engine/EngineMaterials/Substrate/Glints2/dict_0000_0241" 10058
"/Engine/EngineMaterials/Substrate/Glints2/dict_0000_0242" 10059
"/Engine/EngineMaterials/Substrate/Glints2/dict_0000_0243" 10060
"/Engine/EngineMaterials/Substrate/Glints2/dict_0000_0244" 10061
"/Engine/EngineMaterials/Substrate/Glints2/dict_0000_0245" 10062
"/Engine/EngineMaterials/Substrate/Glints2/dict_0000_0246" 10063
"/Engine/EngineMaterials/Substrate/Glints2/dict_0000_0247" 10064
"/Engine/EngineMaterials/Substrate/Glints2/dict_0000_0248" 10065
"/Engine/EngineMaterials/Substrate/Glints2/dict_0000_0249" 10066
"/Engine/EngineMaterials/Substrate/Glints2/dict_0000_0250" 10067
"/Engine/EngineMaterials/Substrate/Glints2/dict_0000_0251" 10068
"/Engine/EngineMaterials/Substrate/Glints2/dict_0000_0252" 10069
"../../../Engine/Content/EngineMaterials/Substrate/Glints2/dict_0000_0220.uasset" 10070
"../../../Engine/Content/EngineMaterials/Substrate/Glints2/dict_0000_0219.uasset" 10071
"../../../Engine/Content/EngineMaterials/Substrate/Glints2/dict_0000_0216.uasset" 10072
"../../../Engine/Content/EngineMaterials/Substrate/Glints2/dict_0000_0218.uasset" 10073
"../../../Engine/Content/EngineMaterials/Substrate/Glints2/dict_0000_0217.uasset" 10074
"../../../Engine/Content/EngineMaterials/Substrate/Glints2/dict_0000_0215.uasset" 10075
"../../../Engine/Content/EngineMaterials/Substrate/Glints2/dict_0000_0213.uasset" 10076
"/Engine/EngineMaterials/Substrate/Glints2/dict_0000_0221" 10077
"../../../Engine/Content/EngineMaterials/Substrate/Glints2/dict_0000_0211.uasset" 10078
"../../../Engine/Content/EngineMaterials/Substrate/Glints2/dict_0000_0209.uasset" 10079
"../../../Engine/Content/EngineMaterials/Substrate/Glints2/dict_0000_0208.uasset" 10080
"../../../Engine/Content/EngineMaterials/Substrate/Glints2/dict_0000_0212.uasset" 10081
"../../../Engine/Content/EngineMaterials/Substrate/Glints2/dict_0000_0214.uasset" 10082
"../../../Engine/Content/EngineMaterials/Substrate/Glints2/dict_0000_0207.uasset" 10083
"../../../Engine/Content/EngineMaterials/Substrate/Glints2/dict_0000_0210.uasset" 10084
"../../../Engine/Content/EngineMaterials/Substrate/Glints2/dict_0000_0205.uasset" 10085
"../../../Engine/Content/EngineMaterials/Substrate/Glints2/dict_0000_0204.uasset" 10086
"../../../Engine/Content/EngineMaterials/Substrate/Glints2/dict_0000_0203.uasset" 10087
"../../../Engine/Content/EngineMaterials/Substrate/Glints2/dict_0000_0206.uasset" 10088
"/Engine/EngineMaterials/Substrate/Glints2/dict_0000_0222" 10089
"/Engine/EngineMaterials/Substrate/Glints2/dict_0000_0223" 10090
"/Engine/EngineMaterials/Substrate/Glints2/dict_0000_0224" 10091
"/Engine/EngineMaterials/Substrate/Glints2/dict_0000_0225" 10092
"/Engine/EngineMaterials/Substrate/Glints2/dict_0000_0226" 10093
"/Engine/EngineMaterials/Substrate/Glints2/dict_0000_0227" 10094
"/Engine/EngineMaterials/Substrate/Glints2/dict_0000_0228" 10095
"/Engine/EngineMaterials/Substrate/Glints2/dict_0000_0229" 10096
"/Engine/EngineMaterials/Substrate/Glints2/dict_0000_0230" 10097
"/Engine/EngineMaterials/Substrate/Glints2/dict_0000_0231" 10098
"/Engine/EngineMaterials/Substrate/Glints2/dict_0000_0216" 10099
"/Engine/EngineMaterials/Substrate/Glints2/dict_0000_0220" 10100
"/Engine/EngineMaterials/Substrate/Glints2/dict_0000_0232" 10101
"/Engine/EngineMaterials/Substrate/Glints2/dict_0000_0233" 10102
"/Engine/EngineMaterials/Substrate/Glints2/dict_0000_0234" 10103
"../../../Engine/Content/EngineMaterials/Substrate/Glints2/dict_0000_0197.uasset" 10104
"../../../Engine/Content/EngineMaterials/Substrate/Glints2/dict_0000_0199.uasset" 10105
"/Engine/EngineMaterials/Substrate/Glints2/dict_0000_0203" 10106
"../../../Engine/Content/EngineMaterials/Substrate/Glints2/dict_0000_0202.uasset" 10107
"../../../Engine/Content/EngineMaterials/Substrate/Glints2/dict_0000_0194.uasset" 10108
"../../../Engine/Content/EngineMaterials/Substrate/Glints2/dict_0000_0193.uasset" 10109
"../../../Engine/Content/EngineMaterials/Substrate/Glints2/dict_0000_0195.uasset" 10110
"../../../Engine/Content/EngineMaterials/Substrate/Glints2/dict_0000_0191.uasset" 10111
"../../../Engine/Content/EngineMaterials/Substrate/Glints2/dict_0000_0198.uasset" 10112
"../../../Engine/Content/EngineMaterials/Substrate/Glints2/dict_0000_0189.uasset" 10113
"../../../Engine/Content/EngineMaterials/Substrate/Glints2/dict_0000_0188.uasset" 10114
"../../../Engine/Content/EngineMaterials/Substrate/Glints2/dict_0000_0190.uasset" 10115
"../../../Engine/Content/EngineMaterials/Substrate/Glints2/dict_0000_0187.uasset" 10116
"../../../Engine/Content/EngineMaterials/Substrate/Glints2/dict_0000_0201.uasset" 10117
"../../../Engine/Content/EngineMaterials/Substrate/Glints2/dict_0000_0196.uasset" 10118
"../../../Engine/Content/EngineMaterials/Substrate/Glints2/dict_0000_0200.uasset" 10119
"../../../Engine/Content/EngineMaterials/Substrate/Glints2/dict_0000_0192.uasset" 10120
"/Engine/EngineMaterials/Substrate/Glints2/dict_0000_0204" 10121
"/Engine/EngineMaterials/Substrate/Glints2/dict_0000_0205" 10122
"/Engine/EngineMaterials/Substrate/Glints2/dict_0000_0206" 10123
"/Engine/EngineMaterials/Substrate/Glints2/dict_0000_0207" 10124
"/Engine/EngineMaterials/Substrate/Glints2/dict_0000_0208" 10125
"/Engine/EngineMaterials/Substrate/Glints2/dict_0000_0209" 10126
"/Engine/EngineMaterials/Substrate/Glints2/dict_0000_0210" 10127
"/Engine/EngineMaterials/Substrate/Glints2/dict_0000_0211" 10128
"/Engine/EngineMaterials/Substrate/Glints2/dict_0000_0212" 10129
"/Engine/EngineMaterials/Substrate/Glints2/dict_0000_0213" 10130
"/Engine/EngineMaterials/Substrate/Glints2/dict_0000_0214" 10131
"/Engine/EngineMaterials/Substrate/Glints2/dict_0000_0215" 10132
"/Engine/EngineMaterials/Substrate/Glints2/dict_0000_0217" 10133
"/Engine/EngineMaterials/Substrate/Glints2/dict_0000_0218" 10134
"/Engine/EngineMaterials/Substrate/Glints2/dict_0000_0219" 10135
"../../../Engine/Content/EngineMaterials/Substrate/Glints2/dict_0000_0185.uasset" 10136
"../../../Engine/Content/EngineMaterials/Substrate/Glints2/dict_0000_0182.uasset" 10137
"../../../Engine/Content/EngineMaterials/Substrate/Glints2/dict_0000_0180.uasset" 10138
"../../../Engine/Content/EngineMaterials/Substrate/Glints2/dict_0000_0178.uasset" 10139
"../../../Engine/Content/EngineMaterials/Substrate/Glints2/dict_0000_0186.uasset" 10140
"../../../Engine/Content/EngineMaterials/Substrate/Glints2/dict_0000_0177.uasset" 10141
"/Engine/EngineMaterials/Substrate/Glints2/dict_0000_0187" 10142
"../../../Engine/Content/EngineMaterials/Substrate/Glints2/dict_0000_0184.uasset" 10143
"../../../Engine/Content/EngineMaterials/Substrate/Glints2/dict_0000_0173.uasset" 10144
"../../../Engine/Content/EngineMaterials/Substrate/Glints2/dict_0000_0179.uasset" 10145
"../../../Engine/Content/EngineMaterials/Substrate/Glints2/dict_0000_0183.uasset" 10146
"../../../Engine/Content/EngineMaterials/Substrate/Glints2/dict_0000_0175.uasset" 10147
"../../../Engine/Content/EngineMaterials/Substrate/Glints2/dict_0000_0181.uasset" 10148
"../../../Engine/Content/EngineMaterials/Substrate/Glints2/dict_0000_0176.uasset" 10149
"../../../Engine/Content/EngineMaterials/Substrate/Glints2/dict_0000_0174.uasset" 10150
"../../../Engine/Content/EngineMaterials/Substrate/Glints2/dict_0000_0172.uasset" 10151
"../../../Engine/Content/EngineMaterials/Substrate/Glints2/dict_0000_0171.uasset" 10152
"/Engine/EngineMaterials/Substrate/Glints2/dict_0000_0188" 10153
"/Engine/EngineMaterials/Substrate/Glints2/dict_0000_0189" 10154
"/Engine/EngineMaterials/Substrate/Glints2/dict_0000_0190" 10155
"/Engine/EngineMaterials/Substrate/Glints2/dict_0000_0191" 10156
"/Engine/EngineMaterials/Substrate/Glints2/dict_0000_0192" 10157
"/Engine/EngineMaterials/Substrate/Glints2/dict_0000_0193" 10158
"/Engine/EngineMaterials/Substrate/Glints2/dict_0000_0194" 10159
"/Engine/EngineMaterials/Substrate/Glints2/dict_0000_0195" 10160
"/Engine/EngineMaterials/Substrate/Glints2/dict_0000_0196" 10161
"/Engine/EngineMaterials/Substrate/Glints2/dict_0000_0197" 10162
"/Engine/EngineMaterials/Substrate/Glints2/dict_0000_0198" 10163
"/Engine/EngineMaterials/Substrate/Glints2/dict_0000_0199" 10164
"/Engine/EngineMaterials/Substrate/Glints2/dict_0000_0200" 10165
"/Engine/EngineMaterials/Substrate/Glints2/dict_0000_0201" 10166
"/Engine/EngineMaterials/Substrate/Glints2/dict_0000_0202" 10167
"../../../Engine/Content/EngineMaterials/Substrate/Glints2/dict_0000_0170.uasset" 10168
"../../../Engine/Content/EngineMaterials/Substrate/Glints2/dict_0000_0169.uasset" 10169
"../../../Engine/Content/EngineMaterials/Substrate/Glints2/dict_0000_0168.uasset" 10170
"../../../Engine/Content/EngineMaterials/Substrate/Glints2/dict_0000_0163.uasset" 10171
"../../../Engine/Content/EngineMaterials/Substrate/Glints2/dict_0000_0164.uasset" 10172
"../../../Engine/Content/EngineMaterials/Substrate/Glints2/dict_0000_0162.uasset" 10173
"../../../Engine/Content/EngineMaterials/Substrate/Glints2/dict_0000_0166.uasset" 10174
"/Engine/EngineMaterials/Substrate/Glints2/dict_0000_0171" 10175
"../../../Engine/Content/EngineMaterials/Substrate/Glints2/dict_0000_0160.uasset" 10176
"../../../Engine/Content/EngineMaterials/Substrate/Glints2/dict_0000_0167.uasset" 10177
"../../../Engine/Content/EngineMaterials/Substrate/Glints2/dict_0000_0157.uasset" 10178
"../../../Engine/Content/EngineMaterials/Substrate/Glints2/dict_0000_0155.uasset" 10179
"../../../Engine/Content/EngineMaterials/Substrate/Glints2/dict_0000_0156.uasset" 10180
"../../../Engine/Content/EngineMaterials/Substrate/Glints2/dict_0000_0161.uasset" 10181
"../../../Engine/Content/EngineMaterials/Substrate/Glints2/dict_0000_0165.uasset" 10182
"../../../Engine/Content/EngineMaterials/Substrate/Glints2/dict_0000_0158.uasset" 10183
"/Engine/EngineMaterials/Substrate/Glints2/dict_0000_0172" 10184
"../../../Engine/Content/EngineMaterials/Substrate/Glints2/dict_0000_0159.uasset" 10185
"/Engine/EngineMaterials/Substrate/Glints2/dict_0000_0173" 10186
"/Engine/EngineMaterials/Substrate/Glints2/dict_0000_0174" 10187
"/Engine/EngineMaterials/Substrate/Glints2/dict_0000_0175" 10188
"/Engine/EngineMaterials/Substrate/Glints2/dict_0000_0176" 10189
"/Engine/EngineMaterials/Substrate/Glints2/dict_0000_0177" 10190
"/Engine/EngineMaterials/Substrate/Glints2/dict_0000_0178" 10191
"/Engine/EngineMaterials/Substrate/Glints2/dict_0000_0179" 10192
"/Engine/EngineMaterials/Substrate/Glints2/dict_0000_0180" 10193
"/Engine/EngineMaterials/Substrate/Glints2/dict_0000_0181" 10194
"/Engine/EngineMaterials/Substrate/Glints2/dict_0000_0182" 10195
"/Engine/EngineMaterials/Substrate/Glints2/dict_0000_0183" 10196
"/Engine/EngineMaterials/Substrate/Glints2/dict_0000_0184" 10197
"/Engine/EngineMaterials/Substrate/Glints2/dict_0000_0185" 10198
"/Engine/EngineMaterials/Substrate/Glints2/dict_0000_0186" 10199
"/Engine/EngineMaterials/Substrate/Glints2/dict_0000_0170" 10200
"../../../Engine/Content/EngineMaterials/Substrate/Glints2/dict_0000_0154.uasset" 10201
"../../../Engine/Content/EngineMaterials/Substrate/Glints2/dict_0000_0149.uasset" 10202
"../../../Engine/Content/EngineMaterials/Substrate/Glints2/dict_0000_0148.uasset" 10203
"../../../Engine/Content/EngineMaterials/Substrate/Glints2/dict_0000_0152.uasset" 10204
"../../../Engine/Content/EngineMaterials/Substrate/Glints2/dict_0000_0147.uasset" 10205
"../../../Engine/Content/EngineMaterials/Substrate/Glints2/dict_0000_0144.uasset" 10206
"/Engine/EngineMaterials/Substrate/Glints2/dict_0000_0155" 10207
"../../../Engine/Content/EngineMaterials/Substrate/Glints2/dict_0000_0143.uasset" 10208
"../../../Engine/Content/EngineMaterials/Substrate/Glints2/dict_0000_0153.uasset" 10209
"../../../Engine/Content/EngineMaterials/Substrate/Glints2/dict_0000_0138.uasset" 10210
"../../../Engine/Content/EngineMaterials/Substrate/Glints2/dict_0000_0150.uasset" 10211
"../../../Engine/Content/EngineMaterials/Substrate/Glints2/dict_0000_0141.uasset" 10212
"../../../Engine/Content/EngineMaterials/Substrate/Glints2/dict_0000_0151.uasset" 10213
"../../../Engine/Content/EngineMaterials/Substrate/Glints2/dict_0000_0145.uasset" 10214
"../../../Engine/Content/EngineMaterials/Substrate/Glints2/dict_0000_0142.uasset" 10215
"../../../Engine/Content/EngineMaterials/Substrate/Glints2/dict_0000_0140.uasset" 10216
"../../../Engine/Content/EngineMaterials/Substrate/Glints2/dict_0000_0139.uasset" 10217
"../../../Engine/Content/EngineMaterials/Substrate/Glints2/dict_0000_0146.uasset" 10218
"/Engine/EngineMaterials/Substrate/Glints2/dict_0000_0156" 10219
"/Engine/EngineMaterials/Substrate/Glints2/dict_0000_0157" 10220
"/Engine/EngineMaterials/Substrate/Glints2/dict_0000_0158" 10221
"/Engine/EngineMaterials/Substrate/Glints2/dict_0000_0159" 10222
"/Engine/EngineMaterials/Substrate/Glints2/dict_0000_0160" 10223
"/Engine/EngineMaterials/Substrate/Glints2/dict_0000_0161" 10224
"/Engine/EngineMaterials/Substrate/Glints2/dict_0000_0162" 10225
"/Engine/EngineMaterials/Substrate/Glints2/dict_0000_0163" 10226
"/Engine/EngineMaterials/Substrate/Glints2/dict_0000_0164" 10227
"/Engine/EngineMaterials/Substrate/Glints2/dict_0000_0165" 10228
"/Engine/EngineMaterials/Substrate/Glints2/dict_0000_0166" 10229
"/Engine/EngineMaterials/Substrate/Glints2/dict_0000_0167" 10230
"/Engine/EngineMaterials/Substrate/Glints2/dict_0000_0168" 10231
"/Engine/EngineMaterials/Substrate/Glints2/dict_0000_0169" 10232
"../../../Engine/Content/EngineMaterials/Substrate/Glints2/dict_0000_0137.uasset" 10233
"../../../Engine/Content/EngineMaterials/Substrate/Glints2/dict_0000_0136.uasset" 10234
"../../../Engine/Content/EngineMaterials/Substrate/Glints2/dict_0000_0131.uasset" 10235
"../../../Engine/Content/EngineMaterials/Substrate/Glints2/dict_0000_0128.uasset" 10236
"../../../Engine/Content/EngineMaterials/Substrate/Glints2/dict_0000_0134.uasset" 10237
"../../../Engine/Content/EngineMaterials/Substrate/Glints2/dict_0000_0124.uasset" 10238
"../../../Engine/Content/EngineMaterials/Substrate/Glints2/dict_0000_0135.uasset" 10239
"../../../Engine/Content/EngineMaterials/Substrate/Glints2/dict_0000_0133.uasset" 10240
"../../../Engine/Content/EngineMaterials/Substrate/Glints2/dict_0000_0130.uasset" 10241
"../../../Engine/Content/EngineMaterials/Substrate/Glints2/dict_0000_0125.uasset" 10242
"/Engine/EngineMaterials/Substrate/Glints2/dict_0000_0138" 10243
"../../../Engine/Content/EngineMaterials/Substrate/Glints2/dict_0000_0129.uasset" 10244
"../../../Engine/Content/EngineMaterials/Substrate/Glints2/dict_0000_0126.uasset" 10245
"../../../Engine/Content/EngineMaterials/Substrate/Glints2/dict_0000_0123.uasset" 10246
"../../../Engine/Content/EngineMaterials/Substrate/Glints2/dict_0000_0127.uasset" 10247
"../../../Engine/Content/EngineMaterials/Substrate/Glints2/dict_0000_0132.uasset" 10248
"/Engine/EngineMaterials/Substrate/Glints2/dict_0000_0139" 10249
"/Engine/EngineMaterials/Substrate/Glints2/dict_0000_0140" 10250
"/Engine/EngineMaterials/Substrate/Glints2/dict_0000_0141" 10251
"/Engine/EngineMaterials/Substrate/Glints2/dict_0000_0142" 10252
"/Engine/EngineMaterials/Substrate/Glints2/dict_0000_0143" 10253
"/Engine/EngineMaterials/Substrate/Glints2/dict_0000_0144" 10254
"/Engine/EngineMaterials/Substrate/Glints2/dict_0000_0145" 10255
"/Engine/EngineMaterials/Substrate/Glints2/dict_0000_0146" 10256
"/Engine/EngineMaterials/Substrate/Glints2/dict_0000_0147" 10257
"/Engine/EngineMaterials/Substrate/Glints2/dict_0000_0148" 10258
"/Engine/EngineMaterials/Substrate/Glints2/dict_0000_0149" 10259
"/Engine/EngineMaterials/Substrate/Glints2/dict_0000_0150" 10260
"/Engine/EngineMaterials/Substrate/Glints2/dict_0000_0151" 10261
"/Engine/EngineMaterials/Substrate/Glints2/dict_0000_0152" 10262
"/Engine/EngineMaterials/Substrate/Glints2/dict_0000_0153" 10263
"/Engine/EngineMaterials/Substrate/Glints2/dict_0000_0136" 10264
"/Engine/EngineMaterials/Substrate/Glints2/dict_0000_0137" 10265
"/Engine/EngineMaterials/Substrate/Glints2/dict_0000_0154" 10266
"../../../Engine/Content/EngineMaterials/Substrate/Glints2/dict_0000_0122.uasset" 10267
"../../../Engine/Content/EngineMaterials/Substrate/Glints2/dict_0000_0120.uasset" 10268
"../../../Engine/Content/EngineMaterials/Substrate/Glints2/dict_0000_0119.uasset" 10269
"../../../Engine/Content/EngineMaterials/Substrate/Glints2/dict_0000_0118.uasset" 10270
"../../../Engine/Content/EngineMaterials/Substrate/Glints2/dict_0000_0115.uasset" 10271
"../../../Engine/Content/EngineMaterials/Substrate/Glints2/dict_0000_0112.uasset" 10272
"../../../Engine/Content/EngineMaterials/Substrate/Glints2/dict_0000_0114.uasset" 10273
"../../../Engine/Content/EngineMaterials/Substrate/Glints2/dict_0000_0111.uasset" 10274
"/Engine/EngineMaterials/Substrate/Glints2/dict_0000_0123" 10275
"../../../Engine/Content/EngineMaterials/Substrate/Glints2/dict_0000_0121.uasset" 10276
"../../../Engine/Content/EngineMaterials/Substrate/Glints2/dict_0000_0110.uasset" 10277
"../../../Engine/Content/EngineMaterials/Substrate/Glints2/dict_0000_0113.uasset" 10278
"../../../Engine/Content/EngineMaterials/Substrate/Glints2/dict_0000_0109.uasset" 10279
"../../../Engine/Content/EngineMaterials/Substrate/Glints2/dict_0000_0116.uasset" 10280
"../../../Engine/Content/EngineMaterials/Substrate/Glints2/dict_0000_0106.uasset" 10281
"../../../Engine/Content/EngineMaterials/Substrate/Glints2/dict_0000_0107.uasset" 10282
"../../../Engine/Content/EngineMaterials/Substrate/Glints2/dict_0000_0105.uasset" 10283
"../../../Engine/Content/EngineMaterials/Substrate/Glints2/dict_0000_0104.uasset" 10284
"../../../Engine/Content/EngineMaterials/Substrate/Glints2/dict_0000_0117.uasset" 10285
"../../../Engine/Content/EngineMaterials/Substrate/Glints2/dict_0000_0108.uasset" 10286
"/Engine/EngineMaterials/Substrate/Glints2/dict_0000_0124" 10287
"/Engine/EngineMaterials/Substrate/Glints2/dict_0000_0125" 10288
"/Engine/EngineMaterials/Substrate/Glints2/dict_0000_0126" 10289
"/Engine/EngineMaterials/Substrate/Glints2/dict_0000_0127" 10290
"/Engine/EngineMaterials/Substrate/Glints2/dict_0000_0128" 10291
"/Engine/EngineMaterials/Substrate/Glints2/dict_0000_0129" 10292
"/Engine/EngineMaterials/Substrate/Glints2/dict_0000_0130" 10293
"/Engine/EngineMaterials/Substrate/Glints2/dict_0000_0131" 10294
"/Engine/EngineMaterials/Substrate/Glints2/dict_0000_0132" 10295
"/Engine/EngineMaterials/Substrate/Glints2/dict_0000_0133" 10296
"/Engine/EngineMaterials/Substrate/Glints2/dict_0000_0134" 10297
"/Engine/EngineMaterials/Substrate/Glints2/dict_0000_0135" 10298
"../../../Engine/Content/EngineMaterials/Substrate/Glints2/dict_0000_0102.uasset" 10299
"../../../Engine/Content/EngineMaterials/Substrate/Glints2/dict_0000_0101.uasset" 10300
"../../../Engine/Content/EngineMaterials/Substrate/Glints2/dict_0000_0098.uasset" 10301
"../../../Engine/Content/EngineMaterials/Substrate/Glints2/dict_0000_0096.uasset" 10302
"../../../Engine/Content/EngineMaterials/Substrate/Glints2/dict_0000_0095.uasset" 10303
"../../../Engine/Content/EngineMaterials/Substrate/Glints2/dict_0000_0103.uasset" 10304
"/Engine/EngineMaterials/Substrate/Glints2/dict_0000_0104" 10305
"../../../Engine/Content/EngineMaterials/Substrate/Glints2/dict_0000_0094.uasset" 10306
"../../../Engine/Content/EngineMaterials/Substrate/Glints2/dict_0000_0092.uasset" 10307
"../../../Engine/Content/EngineMaterials/Substrate/Glints2/dict_0000_0097.uasset" 10308
"../../../Engine/Content/EngineMaterials/Substrate/Glints2/dict_0000_0091.uasset" 10309
"../../../Engine/Content/EngineMaterials/Substrate/Glints2/dict_0000_0099.uasset" 10310
"../../../Engine/Content/EngineMaterials/Substrate/Glints2/dict_0000_0093.uasset" 10311
"/Engine/EngineMaterials/Substrate/Glints2/dict_0000_0105" 10312
"/Engine/EngineMaterials/Substrate/Glints2/dict_0000_0106" 10313
"../../../Engine/Content/EngineMaterials/Substrate/Glints2/dict_0000_0100.uasset" 10314
"/Engine/EngineMaterials/Substrate/Glints2/dict_0000_0107" 10315
"/Engine/EngineMaterials/Substrate/Glints2/dict_0000_0108" 10316
"/Engine/EngineMaterials/Substrate/Glints2/dict_0000_0109" 10317
"/Engine/EngineMaterials/Substrate/Glints2/dict_0000_0110" 10318
"/Engine/EngineMaterials/Substrate/Glints2/dict_0000_0111" 10319
"/Engine/EngineMaterials/Substrate/Glints2/dict_0000_0112" 10320
"/Engine/EngineMaterials/Substrate/Glints2/dict_0000_0113" 10321
"/Engine/EngineMaterials/Substrate/Glints2/dict_0000_0114" 10322
"/Engine/EngineMaterials/Substrate/Glints2/dict_0000_0115" 10323
"/Engine/EngineMaterials/Substrate/Glints2/dict_0000_0116" 10324
"/Engine/EngineMaterials/Substrate/Glints2/dict_0000_0117" 10325
"/Engine/EngineMaterials/Substrate/Glints2/dict_0000_0118" 10326
"/Engine/EngineMaterials/Substrate/Glints2/dict_0000_0119" 10327
"/Engine/EngineMaterials/Substrate/Glints2/dict_0000_0120" 10328
"/Engine/EngineMaterials/Substrate/Glints2/dict_0000_0121" 10329
"/Engine/EngineMaterials/Substrate/Glints2/dict_0000_0122" 10330
"../../../Engine/Content/EngineMaterials/Substrate/Glints2/dict_0000_0090.uasset" 10331
"../../../Engine/Content/EngineMaterials/Substrate/Glints2/dict_0000_0089.uasset" 10332
"../../../Engine/Content/EngineMaterials/Substrate/Glints2/dict_0000_0087.uasset" 10333
"../../../Engine/Content/EngineMaterials/Substrate/Glints2/dict_0000_0085.uasset" 10334
"../../../Engine/Content/EngineMaterials/Substrate/Glints2/dict_0000_0079.uasset" 10335
"../../../Engine/Content/EngineMaterials/Substrate/Glints2/dict_0000_0078.uasset" 10336
"/Engine/EngineMaterials/Substrate/Glints2/dict_0000_0091" 10337
"../../../Engine/Content/EngineMaterials/Substrate/Glints2/dict_0000_0086.uasset" 10338
"../../../Engine/Content/EngineMaterials/Substrate/Glints2/dict_0000_0074.uasset" 10339
"../../../Engine/Content/EngineMaterials/Substrate/Glints2/dict_0000_0082.uasset" 10340
"../../../Engine/Content/EngineMaterials/Substrate/Glints2/dict_0000_0084.uasset" 10341
"../../../Engine/Content/EngineMaterials/Substrate/Glints2/dict_0000_0072.uasset" 10342
"../../../Engine/Content/EngineMaterials/Substrate/Glints2/dict_0000_0075.uasset" 10343
"../../../Engine/Content/EngineMaterials/Substrate/Glints2/dict_0000_0080.uasset" 10344
"../../../Engine/Content/EngineMaterials/Substrate/Glints2/dict_0000_0083.uasset" 10345
"../../../Engine/Content/EngineMaterials/Substrate/Glints2/dict_0000_0081.uasset" 10346
"../../../Engine/Content/EngineMaterials/Substrate/Glints2/dict_0000_0076.uasset" 10347
"/Engine/EngineMaterials/Substrate/Glints2/dict_0000_0092" 10348
"../../../Engine/Content/EngineMaterials/Substrate/Glints2/dict_0000_0077.uasset" 10349
"../../../Engine/Content/EngineMaterials/Substrate/Glints2/dict_0000_0073.uasset" 10350
"../../../Engine/Content/EngineMaterials/Substrate/Glints2/dict_0000_0088.uasset" 10351
"/Engine/EngineMaterials/Substrate/Glints2/dict_0000_0093" 10352
"/Engine/EngineMaterials/Substrate/Glints2/dict_0000_0094" 10353
"/Engine/EngineMaterials/Substrate/Glints2/dict_0000_0095" 10354
"/Engine/EngineMaterials/Substrate/Glints2/dict_0000_0096" 10355
"/Engine/EngineMaterials/Substrate/Glints2/dict_0000_0097" 10356
"/Engine/EngineMaterials/Substrate/Glints2/dict_0000_0098" 10357
"/Engine/EngineMaterials/Substrate/Glints2/dict_0000_0099" 10358
"/Engine/EngineMaterials/Substrate/Glints2/dict_0000_0100" 10359
"/Engine/EngineMaterials/Substrate/Glints2/dict_0000_0101" 10360
"/Engine/EngineMaterials/Substrate/Glints2/dict_0000_0102" 10361
"/Engine/EngineMaterials/Substrate/Glints2/dict_0000_0103" 10362
"/Engine/EngineMaterials/Substrate/Glints2/dict_0000_0089" 10363
"/Engine/EngineMaterials/Substrate/Glints2/dict_0000_0090" 10364
"../../../Engine/Content/EngineMaterials/Substrate/Glints2/dict_0000_0071.uasset" 10365
"../../../Engine/Content/EngineMaterials/Substrate/Glints2/dict_0000_0066.uasset" 10366
"../../../Engine/Content/EngineMaterials/Substrate/Glints2/dict_0000_0064.uasset" 10367
"../../../Engine/Content/EngineMaterials/Substrate/Glints2/dict_0000_0063.uasset" 10368
"../../../Engine/Content/EngineMaterials/Substrate/Glints2/dict_0000_0065.uasset" 10369
"/Engine/EngineMaterials/Substrate/Glints2/dict_0000_0072" 10370
"../../../Engine/Content/EngineMaterials/Substrate/Glints2/dict_0000_0060.uasset" 10371
"../../../Engine/Content/EngineMaterials/Substrate/Glints2/dict_0000_0061.uasset" 10372
"../../../Engine/Content/EngineMaterials/Substrate/Glints2/dict_0000_0058.uasset" 10373
"../../../Engine/Content/EngineMaterials/Substrate/Glints2/dict_0000_0059.uasset" 10374
"../../../Engine/Content/EngineMaterials/Substrate/Glints2/dict_0000_0068.uasset" 10375
"../../../Engine/Content/EngineMaterials/Substrate/Glints2/dict_0000_0062.uasset" 10376
"../../../Engine/Content/EngineMaterials/Substrate/Glints2/dict_0000_0057.uasset" 10377
"../../../Engine/Content/EngineMaterials/Substrate/Glints2/dict_0000_0067.uasset" 10378
"/Engine/EngineMaterials/Substrate/Glints2/dict_0000_0073" 10379
"../../../Engine/Content/EngineMaterials/Substrate/Glints2/dict_0000_0069.uasset" 10380
"/Engine/EngineMaterials/Substrate/Glints2/dict_0000_0074" 10381
"../../../Engine/Content/EngineMaterials/Substrate/Glints2/dict_0000_0070.uasset" 10382
"/Engine/EngineMaterials/Substrate/Glints2/dict_0000_0075" 10383
"/Engine/EngineMaterials/Substrate/Glints2/dict_0000_0076" 10384
"/Engine/EngineMaterials/Substrate/Glints2/dict_0000_0077" 10385
"/Engine/EngineMaterials/Substrate/Glints2/dict_0000_0078" 10386
"/Engine/EngineMaterials/Substrate/Glints2/dict_0000_0079" 10387
"/Engine/EngineMaterials/Substrate/Glints2/dict_0000_0080" 10388
"/Engine/EngineMaterials/Substrate/Glints2/dict_0000_0081" 10389
"/Engine/EngineMaterials/Substrate/Glints2/dict_0000_0082" 10390
"/Engine/EngineMaterials/Substrate/Glints2/dict_0000_0083" 10391
"/Engine/EngineMaterials/Substrate/Glints2/dict_0000_0084" 10392
"/Engine/EngineMaterials/Substrate/Glints2/dict_0000_0085" 10393
"/Engine/EngineMaterials/Substrate/Glints2/dict_0000_0086" 10394
"/Engine/EngineMaterials/Substrate/Glints2/dict_0000_0087" 10395
"/Engine/EngineMaterials/Substrate/Glints2/dict_0000_0088" 10396
"../../../Engine/Content/EngineMaterials/Substrate/Glints2/dict_0000_0056.uasset" 10397
"../../../Engine/Content/EngineMaterials/Substrate/Glints2/dict_0000_0055.uasset" 10398
"../../../Engine/Content/EngineMaterials/Substrate/Glints2/dict_0000_0052.uasset" 10399
"../../../Engine/Content/EngineMaterials/Substrate/Glints2/dict_0000_0053.uasset" 10400
"../../../Engine/Content/EngineMaterials/Substrate/Glints2/dict_0000_0050.uasset" 10401
"../../../Engine/Content/EngineMaterials/Substrate/Glints2/dict_0000_0054.uasset" 10402
"../../../Engine/Content/EngineMaterials/Substrate/Glints2/dict_0000_0047.uasset" 10403
"../../../Engine/Content/EngineMaterials/Substrate/Glints2/dict_0000_0046.uasset" 10404
"/Engine/EngineMaterials/Substrate/Glints2/dict_0000_0057" 10405
"../../../Engine/Content/EngineMaterials/Substrate/Glints2/dict_0000_0044.uasset" 10406
"../../../Engine/Content/EngineMaterials/Substrate/Glints2/dict_0000_0042.uasset" 10407
"../../../Engine/Content/EngineMaterials/Substrate/Glints2/dict_0000_0045.uasset" 10408
"../../../Engine/Content/EngineMaterials/Substrate/Glints2/dict_0000_0040.uasset" 10409
"../../../Engine/Content/EngineMaterials/Substrate/Glints2/dict_0000_0041.uasset" 10410
"../../../Engine/Content/EngineMaterials/Substrate/Glints2/dict_0000_0051.uasset" 10411
"../../../Engine/Content/EngineMaterials/Substrate/Glints2/dict_0000_0048.uasset" 10412
"../../../Engine/Content/EngineMaterials/Substrate/Glints2/dict_0000_0043.uasset" 10413
"../../../Engine/Content/EngineMaterials/Substrate/Glints2/dict_0000_0049.uasset" 10414
"/Engine/EngineMaterials/Substrate/Glints2/dict_0000_0058" 10415
"/Engine/EngineMaterials/Substrate/Glints2/dict_0000_0059" 10416
"/Engine/EngineMaterials/Substrate/Glints2/dict_0000_0060" 10417
"/Engine/EngineMaterials/Substrate/Glints2/dict_0000_0061" 10418
"/Engine/EngineMaterials/Substrate/Glints2/dict_0000_0062" 10419
"/Engine/EngineMaterials/Substrate/Glints2/dict_0000_0063" 10420
"/Engine/EngineMaterials/Substrate/Glints2/dict_0000_0064" 10421
"/Engine/EngineMaterials/Substrate/Glints2/dict_0000_0065" 10422
"/Engine/EngineMaterials/Substrate/Glints2/dict_0000_0066" 10423
"/Engine/EngineMaterials/Substrate/Glints2/dict_0000_0067" 10424
"/Engine/EngineMaterials/Substrate/Glints2/dict_0000_0068" 10425
"/Engine/EngineMaterials/Substrate/Glints2/dict_0000_0069" 10426
"/Engine/EngineMaterials/Substrate/Glints2/dict_0000_0070" 10427
"/Engine/EngineMaterials/Substrate/Glints2/dict_0000_0071" 10428
"../../../Engine/Content/EngineMaterials/Substrate/Glints2/dict_0000_0039.uasset" 10429
"/Engine/EngineMaterials/Substrate/Glints2/dict_0000_0040" 10430
"../../../Engine/Content/EngineMaterials/Substrate/Glints2/dict_0000_0037.uasset" 10431
"../../../Engine/Content/EngineMaterials/Substrate/Glints2/dict_0000_0036.uasset" 10432
"../../../Engine/Content/EngineMaterials/Substrate/Glints2/dict_0000_0034.uasset" 10433
"../../../Engine/Content/EngineMaterials/Substrate/Glints2/dict_0000_0033.uasset" 10434
"../../../Engine/Content/EngineMaterials/Substrate/Glints2/dict_0000_0032.uasset" 10435
"../../../Engine/Content/EngineMaterials/Substrate/Glints2/dict_0000_0031.uasset" 10436
"../../../Engine/Content/EngineMaterials/Substrate/Glints2/dict_0000_0030.uasset" 10437
"../../../Engine/Content/EngineMaterials/Substrate/Glints2/dict_0000_0028.uasset" 10438
"../../../Engine/Content/EngineMaterials/Substrate/Glints2/dict_0000_0027.uasset" 10439
"../../../Engine/Content/EngineMaterials/Substrate/Glints2/dict_0000_0029.uasset" 10440
"../../../Engine/Content/EngineMaterials/Substrate/Glints2/dict_0000_0026.uasset" 10441
"../../../Engine/Content/EngineMaterials/Substrate/Glints2/dict_0000_0025.uasset" 10442
"../../../Engine/Content/EngineMaterials/Substrate/Glints2/dict_0000_0035.uasset" 10443
"../../../Engine/Content/EngineMaterials/Substrate/Glints2/dict_0000_0038.uasset" 10444
"/Engine/EngineMaterials/Substrate/Glints2/dict_0000_0041" 10445
"/Engine/EngineMaterials/Substrate/Glints2/dict_0000_0042" 10446
"/Engine/EngineMaterials/Substrate/Glints2/dict_0000_0043" 10447
"/Engine/EngineMaterials/Substrate/Glints2/dict_0000_0044" 10448
"/Engine/EngineMaterials/Substrate/Glints2/dict_0000_0045" 10449
"/Engine/EngineMaterials/Substrate/Glints2/dict_0000_0046" 10450
"/Engine/EngineMaterials/Substrate/Glints2/dict_0000_0047" 10451
"/Engine/EngineMaterials/Substrate/Glints2/dict_0000_0048" 10452
"/Engine/EngineMaterials/Substrate/Glints2/dict_0000_0049" 10453
"/Engine/EngineMaterials/Substrate/Glints2/dict_0000_0050" 10454
"/Engine/EngineMaterials/Substrate/Glints2/dict_0000_0051" 10455
"/Engine/EngineMaterials/Substrate/Glints2/dict_0000_0052" 10456
"/Engine/EngineMaterials/Substrate/Glints2/dict_0000_0053" 10457
"/Engine/EngineMaterials/Substrate/Glints2/dict_0000_0054" 10458
"/Engine/EngineMaterials/Substrate/Glints2/dict_0000_0055" 10459
"/Engine/EngineMaterials/Substrate/Glints2/dict_0000_0056" 10460
"../../../Engine/Content/EngineMaterials/Substrate/Glints2/dict_0000_0023.uasset" 10461
"../../../Engine/Content/EngineMaterials/Substrate/Glints2/dict_0000_0022.uasset" 10462
"../../../Engine/Content/EngineMaterials/Substrate/Glints2/dict_0000_0021.uasset" 10463
"../../../Engine/Content/EngineMaterials/Substrate/Glints2/dict_0000_0017.uasset" 10464
"../../../Engine/Content/EngineMaterials/Substrate/Glints2/dict_0000_0024.uasset" 10465
"../../../Engine/Content/EngineMaterials/Substrate/Glints2/dict_0000_0018.uasset" 10466
"../../../Engine/Content/EngineMaterials/Substrate/Glints2/dict_0000_0015.uasset" 10467
"../../../Engine/Content/EngineMaterials/Substrate/Glints2/dict_0000_0013.uasset" 10468
"../../../Engine/Content/EngineMaterials/Substrate/Glints2/dict_0000_0016.uasset" 10469
"/Engine/EngineMaterials/Substrate/Glints2/dict_0000_0025" 10470
"../../../Engine/Content/EngineMaterials/Substrate/Glints2/dict_0000_0012.uasset" 10471
"../../../Engine/Content/EngineMaterials/Substrate/Glints2/dict_0000_0009.uasset" 10472
"../../../Engine/Content/EngineMaterials/Substrate/Glints2/dict_0000_0011.uasset" 10473
"../../../Engine/Content/EngineMaterials/Substrate/Glints2/dict_0000_0019.uasset" 10474
"../../../Engine/Content/EngineMaterials/Substrate/Glints2/dict_0000_0007.uasset" 10475
"../../../Engine/Content/EngineMaterials/Substrate/Glints2/dict_0000_0014.uasset" 10476
"../../../Engine/Content/EngineMaterials/Substrate/Glints2/dict_0000_0010.uasset" 10477
"../../../Engine/Content/EngineMaterials/Substrate/Glints2/dict_0000_0008.uasset" 10478
"/Engine/EngineMaterials/Substrate/Glints2/dict_0000_0026" 10479
"/Engine/EngineMaterials/Substrate/Glints2/dict_0000_0027" 10480
"/Engine/EngineMaterials/Substrate/Glints2/dict_0000_0028" 10481
"/Engine/EngineMaterials/Substrate/Glints2/dict_0000_0029" 10482
"/Engine/EngineMaterials/Substrate/Glints2/dict_0000_0030" 10483
"/Engine/EngineMaterials/Substrate/Glints2/dict_0000_0031" 10484
"/Engine/EngineMaterials/Substrate/Glints2/dict_0000_0032" 10485
"/Engine/EngineMaterials/Substrate/Glints2/dict_0000_0033" 10486
"/Engine/EngineMaterials/Substrate/Glints2/dict_0000_0034" 10487
"/Engine/EngineMaterials/Substrate/Glints2/dict_0000_0035" 10488
"/Engine/EngineMaterials/Substrate/Glints2/dict_0000_0036" 10489
"/Engine/EngineMaterials/Substrate/Glints2/dict_0000_0037" 10490
"/Engine/EngineMaterials/Substrate/Glints2/dict_0000_0038" 10491
"/Engine/EngineMaterials/Substrate/Glints2/dict_0000_0039" 10492
"../../../Engine/Content/EngineMaterials/Substrate/Glints2/dict_0000_0005.uasset" 10493
"../../../Engine/Content/EngineMaterials/Substrate/Glints2/dict_0000_0006.uasset" 10494
"../../../Engine/Content/EngineMaterials/Substrate/Glints2/dict_0000_0001.uasset" 10495
"../../../Engine/Content/EngineMaterials/Substrate/Glints2/dict_0000_0002.uasset" 10496
"../../../Engine/Content/EngineMaterials/Substrate/Glints2/AGlintTex2dArray2.uasset" 10497
"/Engine/EngineMaterials/Substrate/Glints2/dict_0000_0007" 10498
"../../../Engine/Content/EngineMaterials/Substrate/Volume/SubstrateSimpleVolumeLUT2D.uasset" 10499
"../../../Engine/Content/EngineMaterials/Substrate/Volume/SubstrateSimpleVolumeEnvLUT2D.uasset" 10500
"../../../Engine/Content/EngineMaterials/Substrate/Glints2/dict_0000_0003.uasset" 10501
"../../../Engine/Content/EngineMaterials/Substrate/Volume/SubstrateSimpleVolumeEnvLUT3D.uasset" 10502
"../../../Engine/Content/EngineMaterials/Substrate/Glints2/dict_0000_0000.uasset" 10503
"../../../Engine/Content/EngineMaterials/DefaultCalibrationColor.uasset" 10504
"../../../Engine/Content/EngineMaterials/DefaultCalibrationGrayscale.uasset" 10505
"../../../Engine/Content/EngineMaterials/Substrate/Volume/SubstrateSimpleVolumeLUT3D.uasset" 10506
"../../../Engine/Content/EngineMaterials/PPM_DefaultCalibrationColor.uasset" 10507
"../../../Engine/Content/EngineMaterials/Substrate/Glints2/dict_0000_0004.uasset" 10508
"/Engine/EngineMaterials/Substrate/Glints2/dict_0000_0008" 10509
"/Engine/EngineMaterials/Substrate/Glints2/dict_0000_0009" 10510
"/Engine/EngineMaterials/Substrate/Glints2/dict_0000_0010" 10511
"/Engine/EngineMaterials/Substrate/Glints2/dict_0000_0011" 10512
"/Engine/EngineMaterials/Substrate/Glints2/dict_0000_0012" 10513
"/Engine/EngineMaterials/Substrate/Glints2/dict_0000_0013" 10514
"/Engine/EngineMaterials/Substrate/Glints2/dict_0000_0014" 10515
"/Engine/EngineMaterials/Substrate/Glints2/dict_0000_0015" 10516
"/Engine/EngineMaterials/Substrate/Glints2/dict_0000_0016" 10517
"/Engine/EngineMaterials/Substrate/Glints2/dict_0000_0017" 10518
"/Engine/EngineMaterials/Substrate/Glints2/dict_0000_0018" 10519
"/Engine/EngineMaterials/Substrate/Glints2/dict_0000_0019" 10520
"/Engine/EngineMaterials/Substrate/Glints2/dict_0000_0021" 10521
"/Engine/EngineMaterials/Substrate/Glints2/dict_0000_0022" 10522
"/Engine/EngineMaterials/Substrate/Glints2/dict_0000_0023" 10523
"/Engine/EngineMaterials/Substrate/Glints2/dict_0000_0024" 10524
"../../../Engine/Content/EngineMaterials/PPM_DefaultCalibrationGrayscale.uasset" 10525
"../../../Engine/Content/Functions/Engine_MaterialFunctions03/Procedurals/HeightToNormalSmooth.uasset" 10526
"../../../Engine/Plugins/NNE/NNEDenoiser/Content/NNEDIM_HighQuality_Default.uasset" 10527
"../../../Engine/Plugins/NNE/NNEDenoiser/Content/NNEDIM_ColorAlbedoNormal_Alpha.uasset" 10528
"../../../Engine/Plugins/NNE/NNEDenoiser/Content/NNEDTIM_ColorAlbedoNormal_Alpha.uasset" 10529
"../../../Engine/Plugins/Interchange/Assets/Content/Functions/MX_Displacement.uasset" 10530
"../../../Engine/Content/Functions/MaterialLayerFunctions/MatLayerBlend_OverrideOpacity.uasset" 10531
"../../../Engine/Content/Functions/Engine_MaterialFunctions02/Utility/BlendAngleCorrectedNormals.uasset" 10532
"../../../Engine/Plugins/NNE/NNEDenoiser/Content/NNEDT_Oidn2-3_Balanced.uasset" 10533
"../../../Engine/Plugins/NNE/NNEDenoiser/Content/NNEDOM_Output_Alpha.uasset" 10534
"../../../Engine/Plugins/NNE/NNEDenoiser/Content/NNEDOM_Output_Default.uasset" 10535
"../../../Engine/Plugins/NNE/NNEDenoiser/Content/NNEDIM_HighQuality_Alpha.uasset" 10536
"../../../Engine/Plugins/NNE/NNEDenoiser/Content/NNEDTIM_ColorAlbedoNormal_Default.uasset" 10537
"../../../Engine/Plugins/NNE/NNEDenoiser/Content/NNEDTOM_Output_Alpha.uasset" 10538
"../../../Engine/Plugins/NNE/NNEDenoiser/Content/NNEDIM_ColorAlbedoNormal_Default.uasset" 10539
"../../../Engine/Plugins/NNE/NNEDenoiser/Content/NNEDTOM_Output_Default.uasset" 10540
"/Engine/EngineMaterials/DefaultCalibrationGrayscale" 10541
"../../../Engine/Plugins/Interchange/Assets/Content/Functions/MX_Surface.uasset" 10542
"/Engine/EngineMaterials/PPM_DefaultCalibrationColor" 10543
"/Engine/EngineMaterials/Substrate/Volume/SubstrateSimpleVolumeEnvLUT3D" 10544
"/Engine/EngineMaterials/Substrate/Volume/SubstrateSimpleVolumeLUT3D" 10545
"/Engine/EngineMaterials/Substrate/Glints2/AGlintTex2dArray2" 10546
"/Engine/Functions/Engine_MaterialFunctions03/Procedurals/HeightToNormalSmooth" 10547
"/Engine/EngineMaterials/PPM_DefaultCalibrationGrayscale" 10548
"../../../Engine/Plugins/NNE/NNEDenoiser/Content/NNED_Oidn2-3_Balanced.uasset" 10549
"../../../Engine/Plugins/NNE/NNEDenoiser/Content/NNED_Oidn2-3_Balanced_Alpha.uasset" 10550
"../../../Engine/Plugins/NNE/NNEDenoiser/Content/NNEDT_Oidn2-3_Balanced_Alpha.uasset" 10551
"/NNEDenoiser/NNEDT_Oidn2-3_Balanced" 10552
"../../../Engine/Plugins/NNE/NNEDenoiser/Content/NNED_Oidn2-3_Fast.uasset" 10553
"../../../Engine/Plugins/NNE/NNEDenoiser/Content/NNED_Oidn2-3_Fast_Alpha.uasset" 10554
"../../../Engine/Plugins/NNE/NNEDenoiser/Content/NNED_Oidn2-3_HighQuality_Alpha.uasset" 10555
"../../../Engine/Plugins/NNE/NNEDenoiser/Content/NNED_Oidn2-3_HighQuality.uasset" 10556
"../../../Engine/Plugins/NNE/NNEDenoiser/Content/NNE_oidn2-3-0_rt_hdr_alb_nrm_small__dyn__fp16_opset11_ForwardAlpha.uasset" 10557
"../../../Engine/Plugins/NNE/NNEDenoiser/Content/NNE_oidn2-3-0_rt_hdr_alb_nrm_small__dyn__fp16_opset11_DenoiseAlpha.uasset" 10558
"../../../Engine/Plugins/NNE/NNEDenoiser/Content/NNE_oidn2-3-0_rt_hdr_alb_nrm__dyn__fp16_opset11_ForwardAlpha.uasset" 10559
"../../../Engine/Plugins/NNE/NNEDenoiser/Content/NNE_oidn2-3-0_rt_hdr_alb_nrm__dyn__fp16_opset11_DenoiseAlpha.uasset" 10560
"/NNEDenoiser/NNEDTOM_Output_Default" 10561
"/NNEDenoiser/NNEDTOM_Output_Alpha" 10562
"/NNEDenoiser/NNEDTIM_ColorAlbedoNormal_Default" 10563
"/NNEDenoiser/NNEDTIM_ColorAlbedoNormal_Alpha" 10564
"/NNEDenoiser/NNEDOM_Output_Default" 10565
"/NNEDenoiser/NNEDOM_Output_Alpha" 10566
"/NNEDenoiser/NNEDIM_HighQuality_Default" 10567
"/NNEDenoiser/NNEDIM_HighQuality_Alpha" 10568
"/NNEDenoiser/NNEDIM_ColorAlbedoNormal_Default" 10569
"/NNEDenoiser/NNEDIM_ColorAlbedoNormal_Alpha" 10570
"/InterchangeAssets/Functions/MX_Displacement" 10571
"/InterchangeAssets/Functions/MX_Surface" 10572
"/NNEDenoiser/NNE_oidn2-3-0_rt_hdr_alb_nrm__dyn__fp16_opset11_ForwardAlpha" 10573
"/NNEDenoiser/NNE_oidn2-3-0_rt_hdr_alb_nrm__dyn__fp16_opset11_DenoiseAlpha" 10574
"/NNEDenoiser/NNE_oidn2-3-0_rt_hdr_alb_nrm_small__dyn__fp16_opset11_ForwardAlpha" 10575
"D:/UNREAL ENGINE/UE BACKUP/BIBOP/BIBOP_2-6_UE/BIBOP_2-6_UE/Intermediate/ORTOptimizerPass_Optimized6652483640E42D378E9C889C30A467EC.onnx" 10576
"D:/UNREAL ENGINE/UE BACKUP/BIBOP/BIBOP_2-6_UE/BIBOP_2-6_UE/Intermediate/ORTOptimizerPass_Optimized430EA2CD467AF8AE6B3ED2937C62C4E2.onnx" 10577
"D:/UNREAL ENGINE/UE BACKUP/BIBOP/BIBOP_2-6_UE/BIBOP_2-6_UE/Intermediate/ORTOptimizerPass_Optimized7562CCBB4533A68E0ADB299EFFE47316.onnx" 10578
"D:/UNREAL ENGINE/UE BACKUP/BIBOP/BIBOP_2-6_UE/BIBOP_2-6_UE/Intermediate/ORTOptimizerPass_OptimizedC123B7554D70CBC16CD61291E56DD9F5.onnx" 10579
"D:/UNREAL ENGINE/UE BACKUP/BIBOP/BIBOP_2-6_UE/BIBOP_2-6_UE/Intermediate/ORTOptimizerPass_Optimized003B78DC4462BC370BE7C0B6F9A76EB4.onnx" 10580
"D:/UNREAL ENGINE/UE BACKUP/BIBOP/BIBOP_2-6_UE/BIBOP_2-6_UE/Intermediate/ORTOptimizerPass_Optimized0A3384A04D989E2E6A8A969E7E566A15.onnx" 10581
"/NNEDenoiser/NNE_oidn2-3-0_rt_hdr_alb_nrm_small__dyn__fp16_opset11_DenoiseAlpha" 10582
"/NNEDenoiser/NNED_Oidn2-3_HighQuality_Alpha" 10583
"/NNEDenoiser/NNED_Oidn2-3_HighQuality" 10584
"/NNEDenoiser/NNED_Oidn2-3_Fast_Alpha" 10585
"/NNEDenoiser/NNED_Oidn2-3_Fast" 10586
"/NNEDenoiser/NNED_Oidn2-3_Balanced_Alpha" 10587
"/NNEDenoiser/NNED_Oidn2-3_Balanced" 10588
"/NNEDenoiser/NNEDT_Oidn2-3_Balanced_Alpha" 10589
"../../../Engine/Plugins/NNE/NNEDenoiser/Content/NNE_oidn2-3-0_rt_hdr_calb_cnrm_large__dyn__fp16_opset11_DenoiseAlpha.uasset" 10590
"../../../Engine/Plugins/NNE/NNEDenoiser/Content/NNE_oidn2-3-0_rt_hdr_calb_cnrm_large__dyn__fp16_opset11_ForwardAlpha.uasset" 10591
"D:/UNREAL ENGINE/UE BACKUP/BIBOP/BIBOP_2-6_UE/BIBOP_2-6_UE/Intermediate/ORTOptimizerPass_Optimized55C728C64167A4AD6A23A5AC2920604D.onnx" 10592
"D:/UNREAL ENGINE/UE BACKUP/BIBOP/BIBOP_2-6_UE/BIBOP_2-6_UE/Intermediate/ORTOptimizerPass_Optimized00CFC95944A2785B4E120385A5663439.onnx" 10593
"/NNEDenoiser/NNE_oidn2-3-0_rt_hdr_calb_cnrm_large__dyn__fp16_opset11_ForwardAlpha" 10594
"/NNEDenoiser/NNE_oidn2-3-0_rt_hdr_calb_cnrm_large__dyn__fp16_opset11_DenoiseAlpha" 10595
"D:/UNREAL ENGINE/UE BACKUP/BIBOP/BIBOP_2-6_UE/BIBOP_2-6_UE/Intermediate/ORTOptimizerPass_Optimized7B2BEC044E71391FBA71EFB221B1BDF0.onnx" 10596
"D:/UNREAL ENGINE/UE BACKUP/BIBOP/BIBOP_2-6_UE/BIBOP_2-6_UE/Intermediate/ORTOptimizerPass_OptimizedB5D50B114B8B53D8958CBB9A53FD4C5F.onnx" 10597
"D:/UNREAL ENGINE/UE BACKUP/BIBOP/BIBOP_2-6_UE/BIBOP_2-6_UE/Intermediate/ORTOptimizerPass_OptimizedD754D0C643CDE931DACF9F9D7082DB44.onnx" 10598
"D:/UNREAL ENGINE/UE BACKUP/BIBOP/BIBOP_2-6_UE/BIBOP_2-6_UE/Intermediate/ORTOptimizerPass_Optimized576E88F44ED01E1E9CD06587D529FF55.onnx" 10599
"../../../Engine/Content/EngineMaterials/DefaultBloomKernel.uasset" 10600
"../../../Engine/Content/EditorResources/BSPVertex.uasset" 10601
"../../../Engine/Content/EngineResources/Development/ZenLogo_64.uasset" 10602
"../../../Engine/Content/EngineResources/FilmGrains/Marcie_Grain_v3_128_M2_000.uasset" 10603
"../../../Engine/Content/EngineDebugMaterials/DebugEditorMaterial.uasset" 10604
"../../../Engine/Content/EngineMaterials/FastBlueNoise_scalar_128x128x64.uasset" 10605
"../../../Engine/Content/EngineMaterials/FastBlueNoise_vec2_128x128x64.uasset" 10606
"../../../Engine/Content/EngineMaterials/FastBlueNoise_scalar_128x128x8.uasset" 10607
"../../../Engine/Content/EngineMaterials/EnergyConservation/SheenLegacy_Energy.uasset" 10608
"../../../Engine/Content/EngineMaterials/SMAAAreaTex.uasset" 10609
"../../../Engine/Content/EngineMaterials/SMAASearchTex.uasset" 10610
"../../../Engine/Plugins/Interchange/Runtime/Content/Pipelines/DefaultAssetsPipeline.uasset" 10611
"../../../Engine/Content/EngineSounds/Master.uasset" 10612
"../../../Engine/Plugins/Interchange/Runtime/Content/Pipelines/DefaultMaterialXPipeline.uasset" 10613
"../../../Engine/Plugins/Interchange/Runtime/Content/Pipelines/DefaultGLTFAssetsPipeline.uasset" 10614
"../../../Engine/Plugins/Interchange/Runtime/Content/Pipelines/DefaultGLTFPipeline.uasset" 10615
"../../../Engine/Plugins/Interchange/Runtime/Content/Pipelines/DefaultMaterialPipeline.uasset" 10616
"../../../Engine/Plugins/Interchange/Runtime/Content/Pipelines/DefaultTexturePipeline.uasset" 10617
"../../../Engine/Plugins/Interchange/Runtime/Content/Pipelines/DefaultAudioPipeline.uasset" 10618
"../../../Engine/Plugins/Interchange/Runtime/Content/Pipelines/DefaultSceneLevelPipeline.uasset" 10619
"../../../Engine/Plugins/Interchange/Runtime/Content/Pipelines/DefaultSceneAssetsPipeline.uasset" 10620
"../../../Engine/Plugins/Interchange/Runtime/Content/Pipelines/DefaultGLTFSceneAssetsPipeline.uasset" 10621
"/Engine/EngineMaterials/SMAASearchTex" 10622
"/Engine/EngineMaterials/SMAAAreaTex" 10623
"/Engine/EngineMaterials/EnergyConservation/SheenLegacy_Energy" 10624
"/Engine/EngineMaterials/FastBlueNoise_vec2_128x128x64" 10625
"/Interchange/Pipelines/DefaultGLTFSceneAssetsPipeline" 10626
"/Engine/EngineMaterials/FastBlueNoise_scalar_128x128x8" 10627
"/Interchange/Pipelines/DefaultSceneLevelPipeline" 10628
"/Interchange/Pipelines/DefaultSceneAssetsPipeline" 10629
"/Interchange/Pipelines/DefaultAudioPipeline" 10630
"/Interchange/Pipelines/DefaultTexturePipeline" 10631
"/Interchange/Pipelines/DefaultMaterialPipeline" 10632
"/Interchange/Pipelines/DefaultGLTFPipeline" 10633
"/Interchange/Pipelines/DefaultGLTFAssetsPipeline" 10634
"/Interchange/Pipelines/DefaultMaterialXPipeline" 10635
"/Engine/EngineMaterials/FastBlueNoise_scalar_128x128x64" 10636
"/Engine/EngineDebugMaterials/DebugEditorMaterial" 10637
"/Interchange/Pipelines/DefaultAssetsPipeline" 10638
"/Engine/EngineSounds/Master" 10639
"/Engine/EngineResources/Development/ZenLogo_64" 10640
"/Engine/EngineResources/FilmGrains/Marcie_Grain_v3_128_M2_000" 10641
"/Engine/EngineMaterials/DefaultBloomKernel" 10642
"/Engine/EditorResources/BSPVertex" 10643
"../../../Engine/Plugins/Interchange/Assets/Content/Functions/MX_SurfaceUnlit.uasset" 10644
"../../../Engine/Plugins/Interchange/Assets/Content/Functions/MX_UsdPreviewSurface.uasset" 10645
"../../../Engine/Plugins/Interchange/Assets/Content/Substrate/MX_SimpleVolume.uasset" 10646
"../../../Engine/Plugins/Interchange/Assets/Content/Functions/MX_OrenNayarBSDF.uasset" 10647
"../../../Engine/Plugins/Interchange/Assets/Content/Functions/MX_BurleyDiffuseBSDF.uasset" 10648
"../../../Engine/Plugins/Interchange/Assets/Content/Functions/MX_DielectricBSDF.uasset" 10649
"../../../Engine/Plugins/Interchange/Assets/Content/Functions/MX_ConductorBSDF.uasset" 10650
"../../../Engine/Plugins/Interchange/Assets/Content/Functions/MX_TranslucentBSDF.uasset" 10651
"../../../Engine/Plugins/Interchange/Assets/Content/Functions/MX_GeneralizedSchlickBSDF.uasset" 10652
"../../../Engine/Plugins/Interchange/Assets/Content/Functions/MX_SheenBSDF.uasset" 10653
"../../../Engine/Plugins/Interchange/Assets/Content/Functions/MX_SubsurfaceBSDF.uasset" 10654
"../../../Engine/Plugins/Interchange/Assets/Content/Functions/MX_ChiangHairBSDF.uasset" 10655
"../../../Engine/Plugins/Interchange/Assets/Content/Functions/MX_UniformEDF.uasset" 10656
"../../../Engine/Plugins/Interchange/Assets/Content/Functions/MX_MeasuredEDF.uasset" 10657
"../../../Engine/Plugins/Interchange/Assets/Content/Functions/MX_ConicalEDF.uasset" 10658
"../../../Engine/Plugins/Interchange/Assets/Content/Functions/MX_AbsorptionVDF.uasset" 10659
"../../../Engine/Plugins/Interchange/Assets/Content/Functions/MX_AnisotropicVDF.uasset" 10660
"../../../Engine/Plugins/Animation/ControlRig/Content/Controls/ControlRigGizmoMaterial.uasset" 10661
"/ControlRig/Controls/ControlRigGizmoMaterial" 10662
"/InterchangeAssets/Functions/MX_AnisotropicVDF" 10663
"/InterchangeAssets/Functions/MX_AbsorptionVDF" 10664
"/InterchangeAssets/Functions/MX_MeasuredEDF" 10665
"/InterchangeAssets/Functions/MX_ConicalEDF" 10666
"/InterchangeAssets/Functions/MX_UniformEDF" 10667
"/InterchangeAssets/Functions/MX_ChiangHairBSDF" 10668
"/InterchangeAssets/Functions/MX_SheenBSDF" 10669
"/InterchangeAssets/Functions/MX_SubsurfaceBSDF" 10670
"/InterchangeAssets/Functions/MX_GeneralizedSchlickBSDF" 10671
"/InterchangeAssets/Functions/MX_ConductorBSDF" 10672
"/InterchangeAssets/Functions/MX_DielectricBSDF" 10673
"/InterchangeAssets/Functions/MX_TranslucentBSDF" 10674
"/InterchangeAssets/Functions/MX_BurleyDiffuseBSDF" 10675
"/InterchangeAssets/Functions/MX_OrenNayarBSDF" 10676
"/InterchangeAssets/Substrate/MX_SimpleVolume" 10677
"/InterchangeAssets/Functions/MX_UsdPreviewSurface" 10678
"/InterchangeAssets/Functions/MX_SurfaceUnlit" 10679
"D:/UNREAL ENGINE/UE BACKUP/BIBOP/BIBOP_2-6_UE/BIBOP_2-6_UE/DerivedDataCache/VT/TEXTURE_7C16439390E24F1F9468894FB4D4BC55_VTCHUNKD2DAB16BFF152507817E734DBB935160EA97A322" 10680
"D:/UNREAL ENGINE/UE BACKUP/BIBOP/BIBOP_2-6_UE/BIBOP_2-6_UE/DerivedDataCache/VT/TEXTURE_7C16439390E24F1F9468894FB4D4BC55_VTCHUNK38740DBD4108040D6985AA56705D97D46F27920C" 10681
"D:/UNREAL ENGINE/UE BACKUP/BIBOP/BIBOP_2-6_UE/BIBOP_2-6_UE/DerivedDataCache/VT/TEXTURE_7C16439390E24F1F9468894FB4D4BC55_VTCHUNK84C05FFC339C0CEFE446DED1628C0AFB5362331E" 10682
"D:/UNREAL ENGINE/UE BACKUP/BIBOP/BIBOP_2-6_UE/BIBOP_2-6_UE/DerivedDataCache/VT/TEXTURE_7C16439390E24F1F9468894FB4D4BC55_VTCHUNKC0393DE8C5B4673D99D1BECB92AA8C1F72FEB491" 10683
"D:/UNREAL ENGINE/UE BACKUP/BIBOP/BIBOP_2-6_UE/BIBOP_2-6_UE/DerivedDataCache/VT/TEXTURE_7C16439390E24F1F9468894FB4D4BC55_VTCHUNK02D4C3BCAD7DFA48AB32B8281FB06B8B83DB6275" 10684
"D:/UNREAL ENGINE/UE BACKUP/BIBOP/BIBOP_2-6_UE/BIBOP_2-6_UE/Saved/Cooked/Windows/BIBOP_2dash6/Metadata/CookedSettings.txt" 10685
